,Card UUID,Card,Set ID,Set Name,Quantity,Foil,Tags,Collector Number,Scryfall ID
0,019ce2ef-3934-7dd9-b9b8-2bd16ec6a8d8,Abhorrent Overlord,THS,Theros,1,regular,,75.0,
1,019ce2ef-8a47-749b-9469-200d4cd68d72,Abnormal Endurance,M19,Core Set 2019,4,regular,,85.0,
2,019ce2ef-bdad-7774-a199-fc91b38c54cd,Abrade,VOW,Innistrad: Crimson Vow,4,regular,,139.0,a0e47d11-cb21-402b-a39e-588a94cc57b4
3,019ce2f0-1d2f-7c54-bb71-0a68e83eb927,Abzan Monument,TDM,Tarkir: Dragonstorm,1,regular,,238.0,d2da9024-3b58-4a57-8f7d-4094c193daee
4,019ce2ef-94c9-7625-8845-5956cd70d8c9,Acclaimed Contender,ELD,Throne of Eldraine,1,regular,,1.0,fb6b12e7-bb93-4eb6-bad1-b256a6ccff4e
5,019ce2ef-7ee8-7f41-bb18-e72d0b57984b,Accursed Horde,HOU,Hour of Devastation,2,regular,,56.0,
6,019ce2ef-7f4c-7ebd-9692-6ac08954863b,Accursed Horde,HOU,Hour of Devastation,1,foil,,56.0,
7,019ce2ef-f814-7110-9541-37d3d30d71f8,Acolyte of Aclazotz,LCI,Lost Caverns of Ixalan,1,regular,,89.0,99009400-ffa4-40af-8305-78295ae605ac
8,019ce2ef-9675-7e54-bc7b-4d93077dd4a2,Acolyte of Affliction,THB,Theros: Beyond Death,2,regular,,206.0,a14afed6-ca42-442d-ba86-621179e6957c
9,019ce2ef-9329-74b2-bf2f-fab11eff9674,Act of Treason,M20,Core Set 2020,1,regular,,124.0,
10,019ce2ef-9ea7-7836-be89-d730482ab045,Ad Nauseam,2XM,Double Masters,1,regular,,76.0,a9f2c53e-ff58-4aa8-89a6-4f45628cc571
11,019ce2ef-8153-713a-97bd-850a25c9b488,Adanto Vanguard,XLN,Ixalan,3,regular,,1.0,
12,019ce2ef-f7ad-7541-809c-bf1a013fea2f,Adaptive Gemguard,LCI,Lost Caverns of Ixalan,1,regular,,3.0,83c91e24-b7e8-4040-80cb-d1b375002c10
13,019ce2ef-7d56-7381-8a07-48c328adb31e,Adorned Pouncer,HOU,Hour of Devastation,2,regular,,2.0,
14,019ce2ef-9ada-7b20-8fca-137561a3d1a4,"Adriana, Captain of the Guard",C20,Commander 2020,1,regular,,200.0,
15,019ce2ef-8b14-73dd-a22b-385c244d878e,Aegis of the Heavens,M19,Core Set 2019,4,regular,,1.0,
16,019ce2ef-9407-794b-b8c3-4bc7027d4625,Aeon Engine,C19,Commander 2019,1,regular,,52.0,ea4dfdd7-f35a-45d6-9fc7-2c096f92dd5f
17,019ce2ef-e548-7d5c-871b-7a0466d3a6ba,Aerial Boost,MOM,March of the Machine,1,regular,,2.0,f7017afb-4c7c-4c8d-9c9d-3f056a55561e
18,019ce2ef-7711-7053-a4d3-e54717bb88d7,Aerial Responder,KLD,Kaladesh,1,regular,,2.0,
19,019ce2ef-8b14-7b7c-b9c2-f526e6d11d72,Aethershield Artificer,M19,Core Set 2019,3,regular,,2.0,
20,019ce2f0-1553-73c9-ac82-05d9ee247cc0,Affectionate Indrik,FDN,Foundations,2,regular,,211.0,2da8347d-06a4-46e0-a55e-cc2da4660263
21,019ce2f0-1622-75d2-ac2c-c3db650ade6b,Aggressive Mammoth,FDN,Foundations,1,regular,,551.0,7724b978-999b-4654-96f3-58e28aa7cb34
22,019ce2ef-8a46-7a96-94c6-7008dcf56edd,Aggressive Mammoth,M19,Core Set 2019,1,regular,,302.0,
23,019ce2ef-932a-76d4-abe2-6c4bc6831786,Aggressive Mammoth,M20,Core Set 2020,1,regular,,337.0,
24,019ce2f0-1f30-7b13-ac8b-1f702d2cb6ca,Aggressive Negotiations,TDM,Tarkir: Dragonstorm,1,regular,,70.0,993ade84-031f-4a3e-bd68-55f61b559248
25,019ce2ef-9329-7abd-bc23-d64c73302647,Agonizing Syphon,M20,Core Set 2020,5,regular,,83.0,
26,019ce2ef-7b4b-72f8-b635-9591bfd1eefb,Ahn-Crop Crasher,AKH,Amonkhet,1,regular,,117.0,
27,019ce2ef-90c3-794a-be73-d8d1bd896e59,Aid the Fallen,WAR,War of the Spark,4,regular,,76.0,5f8bc010-f1af-42a2-9009-2039cf3d8f0a
28,019ce2f0-1f31-7e33-a45a-e81af7136c1d,Ainok Wayfarer,TDM,Tarkir: Dragonstorm,1,regular,,134.0,57695a9b-8f72-4ccc-a946-5d5037b09b8f
29,019ce2ef-8a46-7cfb-ad49-0b7bbcf0fec6,Air Elemental,M19,Core Set 2019,2,regular,,308.0,
30,019ce2ef-9329-79ac-ab01-a23e625d87c8,Air Elemental,M20,Core Set 2020,2,regular,,44.0,
31,019ce2ef-d90b-70c9-aeeb-6413bc095362,Airlift Chaplain,BRO,The Brothers' War,2,regular,,2.0,7ad55575-6053-43b1-9496-bcb1ea25e2a1
32,019ce2ef-d90b-73c1-8efc-5743dbd65423,Airlift Chaplain,BRO,The Brothers' War,1,foil,,2.0,7ad55575-6053-43b1-9496-bcb1ea25e2a1
33,019ce2ef-705f-7dc2-83ba-c7ccc4d069dc,Ajani's Chosen,C15,Commander 2015,1,regular,,57.0,
34,019ce2ef-8ab0-74b8-8965-829d9283dad9,Ajani's Influence,M19,Core Set 2019,2,regular,,282.0,
35,019ce2ef-8a47-7b59-9060-8039b4f56b95,Ajani's Last Stand,M19,Core Set 2019,1,regular,,4.0,
36,019ce2ef-8b14-7e9e-b3eb-9327d522be2a,Ajani's Last Stand,M19,Core Set 2019,1,foil,,4.0,
37,019ce2f0-1303-7b5d-9eba-d6d31c90edc8,Ajani's Pridemate,FDN,Foundations,2,regular,,135.0,222c1a68-e34c-4103-b1be-17d4ceaef6ce
38,019ce2ef-9066-72b1-a545-dadf548f26c8,Ajani's Pridemate,WAR,War of the Spark,4,regular,,4.0,b3656310-093d-4724-a399-7f7010843b1f
39,019ce2ef-e601-7d85-a3aa-bd36cbd02819,Alabaster Host Sanctifier,MOM,March of the Machine,1,foil,,4.0,efbd934a-39c4-4ce7-af2a-34ca226d7f23
40,019ce2f0-1496-70b6-9a86-f322e95380ea,"Alesha, Who Laughs at Fate",FDN,Foundations,1,regular,extended,476.0,003d05be-4cf2-43c6-a823-c2b9c6482d38
41,019ce2ef-9a7a-76ad-a194-6fe640ac4ccc,"Alesha, Who Smiles at Death",C20,Commander 2020,1,regular,,143.0,
42,019ce2ef-9466-7d9f-8ac1-33ab05b20c2c,All That Glitters,ELD,Throne of Eldraine,4,regular,,2.0,d9713032-2956-4564-b5f5-2dd16245a4e6
43,019ce2ef-72da-7f1a-bc14-793d3db7de33,Alms of the Vein,SOI,Shadows over Innistrad,3,regular,,98.0,
44,019ce2ef-8a47-778e-89fd-0fd0d7c04872,Alpine Moon,M19,Core Set 2019,1,regular,,128.0,
45,019ce2ef-8b8f-7a50-a5b0-24cdf9754f49,Alpine Moon,PRM-PRE,Prerelease Cards,1,foil,,128.0,
46,019ce2ef-9c8d-7841-8ff0-1eee8887e8e7,Alpine Watchdog,M21,Core Set 2021,2,regular,,2.0,c392a7e5-6ff5-4c2f-9590-f8811a724f44
47,019ce2ef-9674-7258-891c-f9e6fcb37925,Alseid of Life's Bounty,THB,Theros: Beyond Death,4,regular,,1.0,36c8c075-9597-412e-9fc4-9d73b4405d12
48,019ce2ef-6f1a-72b8-b996-9de599062aa9,Altar's Reap,BFZ,Battle for Zendikar,1,regular,,103.0,
49,019ce2ef-9ada-7384-b240-7a6c9d951560,Ambition's Cost,C20,Commander 2020,1,regular,,129.0,
50,019ce2ef-b07d-74d8-ba83-c0e8b99816e8,Ambition's Cost,C21,Commander 2021,1,regular,,134.0,36eada9c-1e97-4b64-94fb-42b6bbc35c4a
51,019ce2f0-15c5-7e84-a82d-74b31ef87a13,Ambush Wolf,FDN,Foundations,6,regular,,98.0,2903832c-318e-42ab-bf58-c682ec2f7afd
52,019ce2f0-15c6-70c8-a857-49660b7d1234,Ambush Wolf,FDN,Foundations,1,foil,,98.0,2903832c-318e-42ab-bf58-c682ec2f7afd
53,019ce2ef-7ee9-7d12-a5cc-9c4a6e149019,Ammit Eternal,HOU,Hour of Devastation,1,regular,,57.0,
54,019ce2ef-8f27-7b39-b268-9e1c618cd3d7,Amplifire,RNA,Ravnica Allegiance,1,regular,,92.0,
55,019ce2ef-8a48-7055-bcef-f97fbd66b42a,Amulet of Safekeeping,M19,Core Set 2019,2,regular,,226.0,
56,019ce2ef-ec6e-7b33-9f0f-a62f4f560cd3,"Anafenza, Kin-Tree Spirit",CMM,Commander Masters,1,foil,,11.0,1717da7b-9e87-4694-873b-abd4e3bcd5e2
57,019ce2f0-1d2e-719a-a062-96994b15fe68,"Anafenza, Unyielding Lineage",TDM,Tarkir: Dragonstorm,1,regular,,2.0,29957f49-9a6b-42f6-b2fb-b48f653ab725
58,019ce2ef-705f-7c03-b518-f30356ac7a34,Ancient Craving,C15,Commander 2015,1,regular,,114.0,
59,019ce2ef-ac7a-7875-98d2-a3079af8285a,Ancient Den,TSR,Time Spiral Remastered,2,foil,timeshifted,403.0,cddf6c54-d928-42f7-b2b6-7ee58be58148
60,019ce2ef-321b-7914-bfa4-9eb54c734ddb,Ancient Den,MRD,Mirrodin,2,regular,,278.0,
61,019ce2ef-7ee9-7972-bc46-d00e9b2910b7,Angel of Condemnation,HOU,Hour of Devastation,1,regular,,3.0,
62,019ce2ef-8f27-72c1-a2c0-fdb2460bbd16,Angel of Grace,RNA,Ravnica Allegiance,1,regular,,1.0,
63,019ce2ef-6f19-7891-8732-e095b0ee5094,Angel of Renewal,BFZ,Battle for Zendikar,1,regular,,18.0,
64,019ce2ef-9406-7f26-a334-f80b34a756f7,Angel of Sanctions,C19,Commander 2019,1,regular,,61.0,f3f7f258-7ac0-4149-9d8c-712b5ea7f0a8
65,019ce2ef-b07d-73b2-afcc-3949ed621a3a,Angel of Serenity,C21,Commander 2021,1,regular,,83.0,60301fbc-1bd4-4c37-ad19-660d625a090a
66,019ce2ef-8b14-7410-9621-163f698b04db,Angel of the Dawn,M19,Core Set 2019,6,regular,,7.0,
67,019ce2ef-8b14-7e46-be72-99b0b442ac8f,Angel of the Dawn,M19,Core Set 2019,1,foil,,7.0,
68,019ce2ef-7ee8-7ee9-8894-e2ed84369fe1,Angel of the God-Pharaoh,HOU,Hour of Devastation,2,regular,,4.0,
69,019ce2ef-92c1-7153-9e6c-bac1ab81d670,Angel of Vitality,M20,Core Set 2020,8,regular,,4.0,
70,019ce2ef-932a-7c34-a6ff-0869c4feaede,Angelic Guardian,M20,Core Set 2020,1,regular,,302.0,
71,019ce2ef-c3f9-75fd-9c4e-60de94c276e9,Angelic Observer,SNC,Streets of New Capenna,1,regular,,1.0,e6cce4d3-e6d8-4c6f-9d9c-c0a8a607a42f
72,019ce2ef-8024-7312-95bb-60aae69a3dbc,Angrath's Marauders,XLN,Ixalan,1,regular,,132.0,
73,019ce2ef-90c3-727e-a55f-7c2408fb10c3,"Angrath, Captain of Chaos",WAR,War of the Spark,1,regular,,227.0,aa3a4cb5-945e-4caf-8a18-1ef977879fe8
74,019ce2ef-8375-78c7-b460-e3555e177bde,"Angrath, the Flame-Chained",RIX,Rivals of Ixalan,2,regular,,152.0,a4d76d03-4fcf-42f8-8c2e-ad6b03d58677
75,019ce2ef-9465-7ad0-833b-9db3233411ce,Anje Falkenrath,C19,Commander 2019,1,foil,,37.0,913dd06f-ed2f-4128-9c9d-9cd0d8a55425
76,019ce2ef-9405-7cd8-86b3-bc15864d16ec,Anje's Ravager,C19,Commander 2019,1,regular,,22.0,22924c44-5551-4a48-a574-dfef91a5d4d7
77,019ce2ef-bd4a-76fc-946a-2f3a9fdf3048,"Anje, Maid of Dishonor",VOW,Innistrad: Crimson Vow,2,regular,,231.0,1bfac4ab-97f1-448c-8554-42ed03eb5656
78,019ce2ef-e0c0-78f2-8579-032514310d93,Annex Sentry,ONE,Phyrexia: All Will Be One,1,regular,,2.0,04baad61-1b51-4602-9e33-0de4a9f34793
79,019ce2ef-9c8d-7249-9eb6-b3a768544ecf,Anointed Chorister,M21,Core Set 2021,6,regular,,4.0,9c977c67-b0c0-40b0-b129-28de094aaf40
80,019ce2ef-8154-74a0-abd4-9e9fdb78c4b1,Anointed Deacon,XLN,Ixalan,8,regular,,89.0,
81,019ce2ef-7b4b-712b-b712-6a36a624275f,Anointer Priest,AKH,Amonkhet,4,regular,,3.0,
82,019ce2f0-0b70-7946-b7ac-9096c0adefd0,Anthem of Champions,FDN,Foundations,2,regular,,116.0,42fe3a40-9cbe-4235-86f9-32576aaebba8
83,019ce2f0-136a-77ba-8f00-dc80234d4474,Anthem of Champions,FDN,Foundations,1,foil,,116.0,42fe3a40-9cbe-4235-86f9-32576aaebba8
84,019ce2ef-9674-7bd4-965f-3df59cfb002b,"Aphemia, the Cacophony",THB,Theros: Beyond Death,2,regular,,84.0,5b359607-d699-4ba9-a438-48f0dd8f1bf5
85,019ce2ef-7f4c-71df-9ba1-e04bb85a4d6b,Apocalypse Demon,HOU,Hour of Devastation,2,regular,,58.0,
86,019ce2ef-9329-7f82-b8fc-98928aa9d575,Apostle of Purifying Light,M20,Core Set 2020,7,regular,,6.0,
87,019ce2ef-2b71-7ccf-9893-968ef85294f1,Apostle's Blessing,NPH,New Phyrexia,2,regular,,2.0,
88,019ce2f0-15c5-7eb8-be8c-e2e12425ff13,Apothecary Stomper,FDN,Foundations,4,regular,,99.0,680b7b0c-0e1b-46ce-9917-9fc6e05aa148
89,019ce2ef-7eea-77aa-ac85-39c5017c2296,Appeal // Authority,HOU,Hour of Devastation,2,regular,,152.0,
90,019ce2ef-7c15-74c4-ace5-4c135a8b37c5,Approach of the Second Sun,AKH,Amonkhet,1,foil,,4.0,
91,019ce2ef-654b-7ce2-a6da-a84e08fe1b12,Arashin Cleric,FRF,Fate Reforged,3,regular,,5.0,
92,019ce2ef-b07d-7f67-bcf2-3651048088af,Arcane Signet,C21,Commander 2021,1,regular,,234.0,01b186af-8825-4257-80fd-9c1ecdb21414
93,019ce2f0-167b-77f2-b038-5c819b9948a6,Arcane Signet,FDC,Foundations Commander,1,foil,,1.0,7b4b3e1c-1dc4-46d9-9234-f9d1d2ebb8f8
94,019ce2ef-b6c3-75eb-b5fd-cbeae2efbaa1,Arcbound Javelineer,MH2,Modern Horizons 2,1,foil,,2.0,fe4a2cb0-4129-451e-a946-a21ea646cc28
95,019ce2ef-8376-7e69-828d-b42202f7fc36,Arch of Orazca,RIX,Rivals of Ixalan,1,regular,,185.0,c6d47162-749b-47d5-9589-8f1dbf60b9f3
96,019ce2ef-b658-7425-a6ce-f6d4de7d03a0,Archfiend of Sorrows,MH2,Modern Horizons 2,2,regular,,74.0,f4d089f1-718e-4853-a634-64114735fba5
97,019ce2ef-9406-796e-9418-7109318c79a1,Archfiend of Spite,C19,Commander 2019,1,regular,,14.0,1df2ca13-4062-4827-ae2f-c61cf88ba3b3
98,019ce2ef-9c8c-7a31-92d4-00f3fcb69c20,Archfiend's Vessel,M21,Core Set 2021,3,regular,,88.0,83437022-ba00-4370-83c2-ce1260336fcc
99,019ce2ef-a0aa-749d-9ca0-3a6def13434a,Archon of Emeria,ZNR,Zendikar Rising,1,regular,,4.0,228c1650-da3c-4099-91b6-18e3873c9cdb
100,019ce2ef-9674-748a-994e-6f0bf650321a,Archon of Sun's Grace,THB,Theros: Beyond Death,5,regular,,3.0,235e5999-e8e5-4093-adff-9d47aec70d10
101,019ce2ef-eeee-7c22-937a-50f0485b2ae5,Archon's Glory,WOE,Wilds of Eldraine,1,regular,,2.0,e71768e7-4ef7-4fb2-838b-eb3a7f662d38
102,019ce2ef-8f27-7e89-8ec2-ad7897afc9c1,Archway Angel,RNA,Ravnica Allegiance,2,regular,,3.0,
103,019ce2ef-b659-73e2-b2cc-0dcb83a6efdb,Arcus Acolyte,MH2,Modern Horizons 2,1,regular,,185.0,d8546eaa-1e64-4e70-b6a5-85892bab8c47
104,019ce2ef-808c-7272-94ad-b805674119a5,Arguel's Blood Fast,XLN,Ixalan,1,regular,,90.0,
105,019ce2ef-91fb-7e3d-81dd-de07537e08a1,Aria of Flame,MH1,Modern Horizons,2,regular,,118.0,
106,019ce2ef-8a47-70f9-95cd-9cf6885e481c,Arisen Gorgon,M19,Core Set 2019,3,regular,,292.0,
107,019ce2f0-15c5-7339-8005-ae7828e88881,Armasaur Guide,FDN,Foundations,1,regular,,3.0,c80fc380-0499-4499-8a60-c43844c02c9b
108,019ce2ef-ee7e-7c4c-bb34-db8b597b3bc8,Armory Mice,WOE,Wilds of Eldraine,1,regular,,3.0,4b041949-6fb6-40a6-9329-f209be537219
109,019ce2ef-c799-7b5f-9993-5bfd9409ffe5,Arms of Hadar,CLB,Commander Legends: Battle for Baldur's Gate,3,regular,,113.0,db1fd431-8f6d-4ca5-bc0c-53881c500da1
110,019ce2ef-83d8-7978-8d29-83a98a69a186,Arterial Flow,RIX,Rivals of Ixalan,4,regular,,62.0,13c41212-9f16-48e0-8c4b-985ce331164b
111,019ce2ef-863d-7287-8478-a885b4418376,Arvad the Cursed,DOM,Dominaria,1,foil,,191.0,
112,019ce2ef-8580-7ade-9133-796621ed2c7e,"Aryel, Knight of Windgrace",DOM,Dominaria,1,regular,,192.0,
113,019ce2ef-9406-7e9e-b6e9-ec725dad3ee8,Ash Barrens,C19,Commander 2019,1,regular,,227.0,d78e34c2-6a1e-4559-9b3f-ac45d330d515
114,019ce2ef-f325-7ced-8da8-69f83eb57562,Ash Barrens,WHO,Doctor Who,2,regular,,257.0,82fec728-2bf5-40a5-b3d7-02f366271c0c
115,019ce2ef-3fa7-718e-9d53-db981df95b16,Ashes to Ashes,4ED,Fourth Edition,1,regular,,,
116,019ce2ef-90c3-7e6a-aa85-52463b24d624,"Ashiok, Dream Render",WAR,War of the Spark,2,regular,,228.0,f2df3258-c053-48a8-974f-d80899b2cd93
117,019ce2ef-b5ef-7840-9745-57805b21880a,Asmoranomardicadaistinaculdacar,MH2,Modern Horizons 2,1,regular,,186.0,d99a9a7d-d9ca-4c11-80ab-e39d5943a315
118,019ce2ef-c112-7744-97b1-b1888dee8f93,Assassin's Ink,NEO,Kamigawa: Neon Dynasty,2,regular,,87.0,5a926c10-029d-4e24-8c3f-1808025e30aa
119,019ce2ef-75df-73cf-b4b3-cfc688ad9e86,Assembled Alphas,EMN,Eldritch Moon,1,foil,,117.0,
120,019ce2ef-91f9-7fb8-835f-ab15671ae5e1,Astral Drift,MH1,Modern Horizons,1,regular,,3.0,
121,019ce2ef-9465-79eb-b1c9-24a6a2f75161,Asylum Visitor,C19,Commander 2019,1,regular,,103.0,f7b601c3-eb95-4140-8550-4a1ec616a0fa
122,019ce2ef-8c52-7975-bd31-9a03db1f358a,Attendant of Vraska,GRN,Guilds of Ravnica,3,regular,,271.0,
123,019ce2ef-8375-7b01-a5a3-b1bdea9c232f,Atzocan Seer,RIX,Rivals of Ixalan,7,regular,,153.0,fe84b3c0-bca2-42d3-a82c-540644e59625
124,019ce2ef-92c2-7631-8ffc-e177a3f58f32,Audacious Thief,M20,Core Set 2020,3,regular,,84.0,
125,019ce2ef-705f-7299-afdc-b42694296f6e,Aura of Silence,C15,Commander 2015,1,regular,,60.0,
126,019ce2ef-b07c-7d8a-87bc-35b6a750776e,Author of Shadows,C21,Commander 2021,1,regular,,35.0,95b5fc08-5c50-4ec9-9788-54f95c4ce916
127,019ce2ef-9465-7b71-baf9-0ed69b7d3d3c,Avacyn's Judgment,C19,Commander 2019,1,regular,,134.0,498584b6-b9f8-4648-8536-a4f542a2a374
128,019ce2ef-9066-7f43-8bae-a3d53ff17c0b,Avatar of Discord,GK2,Ravnica Allegiance Guild Kits,1,regular,,61.0,
129,019ce2ef-7b4b-7cb8-8611-1fe1b0bc384d,Aven Mindcensor,AKH,Amonkhet,1,regular,,5.0,
130,019ce2ef-ab3f-78ae-aa84-af4c5da3c9c9,Aven Mindcensor,TSR,Time Spiral Remastered,1,regular,,5.0,76cf42b4-f767-48b7-b38c-b98306909f06
131,019ce2ef-7eea-79a2-945c-0ef4846156fe,Aven of Enduring Hope,HOU,Hour of Devastation,4,regular,,5.0,
132,019ce2ef-8a46-7158-9610-d2ae3d3c9928,Aven Wind Mage,M19,Core Set 2019,2,regular,,45.0,
133,019ce2ef-8f27-71eb-b1bf-2752fb1e5ab6,Awaken the Erstwhile,RNA,Ravnica Allegiance,1,regular,,61.0,
134,019ce2ef-8376-728f-852d-0377d553c364,Awakened Amalgam,RIX,Rivals of Ixalan,2,regular,,175.0,d24b14ea-04f0-4d4b-970e-efc65d64945e
135,019ce2ef-9466-7175-b29e-cb080e642d7b,"Ayara, First of Locthwain",ELD,Throne of Eldraine,1,regular,,75.0,ed0ace28-9a33-4f0d-b8c8-f5517f20ccf1
136,019ce2ef-e5a5-727c-a324-11dfbcdfcf14,"Ayara, First of Locthwain",MUL,Multiverse Legends,2,regular,,13.0,e915b51b-761c-432e-9565-f3aca2ca33f7
137,019ce2ef-9a7a-7da7-afa1-e0ba6794ae87,Back for More,IKO,Ikoria: Lair of Behemoths,2,regular,,177.0,3fc7210c-da23-4cec-9195-4de75587f40f
138,019ce2ef-9c8c-72a1-b608-aa8f10dd16d5,Bad Deal,M21,Core Set 2021,2,regular,,89.0,7a3f8bc2-ef66-474f-92a3-9c4df1670cec
139,019ce2ef-8376-7308-80e3-701d108ecf38,Baffling End,RIX,Rivals of Ixalan,4,regular,,1.0,208c6f51-3c00-4fc6-8579-8f57444d0e97
140,019ce2ef-9cfa-7712-8a70-1d9e364aa2be,Bake into a Pie,JMP,Jumpstart,4,regular,,201.0,2c6e5b25-b721-45ee-894a-697de1310b8c
141,019ce2f0-0ca0-7531-af74-5add7af15015,Bakersbane Duo,BLB,Bloomburrow,1,regular,,163.0,5309354f-1ff4-4fa9-9141-01ea2f7588ab
142,019ce2ef-808e-7594-896d-4f55d67e47b6,Bala Ged Scorpion,IMA,Iconic Masters,2,regular,,79.0,
143,019ce2ef-7bb2-7c46-a67d-aba83b30e62a,Baleful Ammit,AKH,Amonkhet,2,regular,,79.0,
144,019ce2ef-c3f9-7622-985e-b6a8d434e081,Ballroom Brawlers,SNC,Streets of New Capenna,1,regular,,3.0,bf5615a2-03a2-41f4-ab3b-de5e60d1504e
145,019ce2ef-713b-72b8-a849-ef633d4f545b,Baloth Null,OGW,Oath of the Gatewatch,1,regular,,152.0,
146,019ce2ef-9c8c-74d7-ba32-bbe2bb6f8938,Baneslayer Angel,M21,Core Set 2021,1,regular,,6.0,4bd3014b-94bb-4a9f-92cf-239a2dcc7e97
147,019ce2ef-7f4c-765e-bada-46810f1595be,Banewhip Punisher,HOU,Hour of Devastation,2,regular,,59.0,
148,019ce2ef-9ad9-728d-b3bf-eae450c87d05,Banisher Priest,C20,Commander 2020,1,regular,,77.0,
149,,banishing light,,,1,,,,
150,019ce2ef-705f-7d85-80dc-ee519c44e3ea,Banishing Light,C15,Commander 2015,1,regular,,61.0,
151,019ce2ef-aa7c-7348-8e7e-1962ad9715b6,Banishing Light,KHC,Kaldheim Commander,1,regular,,19.0,
152,019ce2ef-8f27-7454-8b99-72786d99d64b,Bankrupt in Blood,RNA,Ravnica Allegiance,4,regular,,62.0,
153,019ce2ef-6ffb-767c-9b79-5adbddc6cd7c,Banshee of the Dread Choir,C15,Commander 2015,1,regular,,16.0,
154,019ce2f0-0c40-75e5-ba24-31490d35d8cc,Barkform Harvester,BLB,Bloomburrow,1,regular,,243.0,f77049a6-0f22-415b-bc89-20bcb32accf6
155,019ce2ef-9329-7ccc-930c-d7e2db2702f3,Barony Vampire,M20,Core Set 2020,8,regular,,85.0,
156,019ce2ef-7060-7ccd-9452-ed57fe4450b4,Barren Moor,C15,Commander 2015,1,regular,,277.0,
157,019ce2ef-b07d-72e7-8cc2-fb7f8d565c04,Barren Moor,C21,Commander 2021,1,regular,,277.0,b38d7666-0791-44b4-877e-8fd33ce008aa
158,019ce2ef-91fc-70d6-b5a0-1885461621a4,Barren Moor,MH1,Modern Horizons,1,regular,,236.0,
159,019ce2ef-9e43-7157-8837-f4a4a31c5871,Barter in Blood,JMP,Jumpstart,1,regular,,202.0,23986add-b33d-4bad-86f3-e2d0f99cf949
160,019ce2ef-9467-7106-ac78-5e74ff6ed43c,Bartered Cow,ELD,Throne of Eldraine,4,regular,,6.0,1de43c67-7dfe-4282-b433-4e394366d2e9
161,019ce2ef-932a-7aff-8757-f09d181c8f60,Bartizan Bats,M20,Core Set 2020,2,regular,,319.0,
162,019ce2ef-8f27-758a-b15b-f58e37b0eb96,Basilica Bell-Haunt,RNA,Ravnica Allegiance,1,regular,,156.0,
163,019ce2ef-f737-7e78-a900-aab043017cb0,Basking Capybara,LCI,Lost Caverns of Ixalan,1,regular,,175.0,ff0a2ba4-dfa8-49d6-95e9-04b7a14d0c6c
164,019ce2ef-a58e-7683-9fe4-6f97fea29c3e,Basri's Acolyte,M21,Core Set 2021,3,regular,showcase,287.0,1f6e3c8d-66c2-4e9d-a7c2-290b5695eec2
165,019ce2ef-9c8c-71fb-be31-16a6d4a5e956,Basri's Acolyte,M21,Core Set 2021,6,regular,,8.0,08d1dd97-2675-4953-ab95-d47d23abfe05
166,019ce2ef-9c8c-70f0-93a0-ac123bb82e90,Basri's Lieutenant,M21,Core Set 2021,1,regular,,9.0,74b1eae0-1bf8-4922-a9e3-45c01ece9005
167,019ce2ef-9d7a-7cf8-ac88-970495ca686d,Basri's Lieutenant,M21,Core Set 2021,1,foil,,9.0,74b1eae0-1bf8-4922-a9e3-45c01ece9005
168,019ce2ef-9a7a-7974-9df1-814b93f76028,Bastion of Remembrance,IKO,Ikoria: Lair of Behemoths,5,regular,,73.0,2dd354dd-939e-4b1a-8ed6-fe89a7fd64bf
169,019ce2ef-6ffb-73d4-b92f-c8f19a1cbae5,Bastion Protector,C15,Commander 2015,1,regular,,1.0,
170,019ce2ef-e124-728a-b926-b4708d726e1c,Battle Screech,ONC,Phyrexia: All Will Be One Commander,4,regular,,59.0,8577272c-d493-48c3-9a3e-5a6e896da71e
171,019ce2ef-d8a1-71e4-af86-d85d4aea5b3b,Battlefield Butcher,BRO,The Brothers' War,1,regular,,86.0,90c47e31-d4f6-46f3-94b7-1726c4a4a8eb
172,019ce2ef-d90b-762e-b0ad-9a0dae4fc6f3,Battlefield Butcher,BRO,The Brothers' War,1,foil,,86.0,90c47e31-d4f6-46f3-94b7-1726c4a4a8eb
173,019ce2ef-9ada-75b5-ba42-f2db36712941,Battlefield Forge,C20,Commander 2020,1,regular,,257.0,
174,019ce2ef-9465-7aa0-80fc-d01d327213e2,Beacon of Unrest,C19,Commander 2019,1,regular,,105.0,86572488-16e7-4df3-945a-93288cb0d5ce
175,019ce2f0-1622-75df-8294-3b0ae3d6f1b0,Bear Cub,FDN,Foundations,1,regular,,552.0,d8662ebb-068b-41d2-b504-4b5854e4d4aa
176,019ce2f0-1d2e-706d-ba8a-be170ca1a7ba,Bearer of Glory,TDM,Tarkir: Dragonstorm,1,regular,,4.0,d6d91e42-43db-428d-a4dd-ef9d40306314
177,019ce2f0-15c4-7e3b-9ac5-1c9f2e066767,Beast-Kin Ranger,FDN,Foundations,3,regular,,100.0,0102e0be-5783-4825-9489-713b1b1df0b2
178,019ce2ef-8f27-7e04-87ed-07a240825e46,Bedevil,RNA,Ravnica Allegiance,1,regular,,157.0,
179,019ce2ef-8a46-711a-84b2-1f5e992a7138,Befuddle,M19,Core Set 2019,2,regular,,309.0,
180,019ce2ef-9466-76af-b228-3ed9b0d285fd,Belle of the Brawl,ELD,Throne of Eldraine,4,regular,,78.0,2c3c992a-70b5-4d3c-9a96-93c3365691ac
181,019ce2ef-808c-7919-90af-d905023f0404,Belligerent Brontodon,XLN,Ixalan,3,regular,,218.0,
182,019ce2ef-8024-7ffe-8e50-155d9c979476,Bellowing Aegisaur,XLN,Ixalan,3,regular,,4.0,
183,019ce2ef-8580-7d7a-b7c2-eeaa69f68f3e,Benalish Marshal,DOM,Dominaria,1,regular,,6.0,
184,019ce2ef-9406-75cf-82af-ac368e9f8886,Big Game Hunter,C19,Commander 2019,1,regular,,106.0,497dc6f6-011e-4d42-aeaf-65d70741bee4
185,019ce2ef-a93a-720a-a571-90b2b6afb45f,Binding the Old Gods,KHM,Kaldheim,1,regular,,206.0,d93ee644-d7d7-48d8-a04b-fb479b74edb0
186,019ce2ef-a99c-7a37-9949-c714168767d6,Binding the Old Gods,KHM,Kaldheim,1,foil,,206.0,d93ee644-d7d7-48d8-a04b-fb479b74edb0
187,019ce2f0-1622-76a6-a764-fe7dc362f9f7,Biogenic Upgrade,FDN,Foundations,1,regular,,553.0,ef20af5e-1ffe-426a-805a-ca4a6a122260
188,019ce2ef-8024-7486-9370-86de5e9904bc,Bishop of Rebirth,XLN,Ixalan,2,regular,,5.0,
189,019ce2ef-808d-7263-83e4-104ae2b78378,Bishop of the Bloodstained,XLN,Ixalan,2,regular,,91.0,
190,019ce2ef-92c2-7d9f-9b63-846b97d0aab2,Bishop of Wings,M20,Core Set 2020,1,regular,,8.0,
191,019ce2ef-8154-7dbd-9c94-846b3f75a81d,Bishop's Soldier,XLN,Ixalan,3,regular,,6.0,
192,019ce2f0-15c5-7dbf-85b2-405936ffd2f0,Bite Down,FDN,Foundations,5,regular,,212.0,f8d70b3b-f6f9-4b3c-ad70-0ce369e812b5
193,019ce2ef-72da-7f4e-aa84-3202a60313df,Biting Rain,SOI,Shadows over Innistrad,1,regular,,102.0,
194,019ce2ef-c739-7dfa-a1ab-23fdb3b1f529,Black Dragon Gate,CLB,Commander Legends: Battle for Baldur's Gate,2,regular,,347.0,c4ceb589-c741-44ac-98c8-3d997953ee61
195,019ce2ef-6ffc-7059-83fd-dea346761006,Black Market,C15,Commander 2015,1,regular,,116.0,
196,019ce2ef-8580-79fd-9e86-2dfb5d57e99f,Blackblade Reforged,DOM,Dominaria,1,regular,,211.0,
197,019ce2ef-94c9-76c2-8931-c1d1a6b266ea,Blacklance Paragon,ELD,Throne of Eldraine,3,regular,,79.0,fe0a63bb-dd94-429f-aa9b-21f3d1c53ae5
198,019ce2ef-94cb-7b01-929c-f6f7bf67a434,Blacklance Paragon,ELD,Throne of Eldraine,1,foil,,79.0,fe0a63bb-dd94-429f-aa9b-21f3d1c53ae5
199,019ce2ef-af46-7a55-95be-f32ca4e1a3a2,Blade Historian,STX,Strixhaven: School of Mages,2,regular,,165.0,a46d64ec-aca4-428e-bce6-66cd755c8cc3
200,019ce2ef-9329-7478-bd71-f05d13e2062f,Bladebrand,M20,Core Set 2020,6,regular,,86.0,
201,019ce2ef-bb42-7b69-80fa-96da56d9fc95,Bladebrand,MID,Innistrad: Midnight Hunt,2,regular,,87.0,64d4713d-321a-447f-a318-88b552ec5d0c
202,019ce2ef-e548-743c-8ead-6bc1a32bdac5,Bladed Battle-Fan,MOM,March of the Machine,1,regular,,91.0,a28f5de4-2af6-44ff-9bb8-d874f8ae7dd1
203,019ce2f0-136a-768a-bd33-e6ddbaefb80d,Blanchwood Armor,FDN,Foundations,2,regular,,213.0,1fd7ec1a-dafa-42ca-bc25-f6848fb03f60
204,019ce2ef-8376-7f29-ad0d-0f275d12cc09,Blazing Hope,RIX,Rivals of Ixalan,2,regular,,3.0,b6beac36-e12f-408d-a37b-a70e0e6c52d8
205,019ce2ef-90c4-7b61-96c8-74b92c9a1791,Bleeding Edge,WAR,War of the Spark,3,regular,,78.0,ac82422c-8ac8-4fbb-b9b9-d0aa23dded61
206,019ce2ef-9122-726a-be35-90de7f10825d,Bleeding Edge,WAR,War of the Spark,1,foil,,78.0,ac82422c-8ac8-4fbb-b9b9-d0aa23dded61
207,019ce2ef-8154-7aec-997d-d59d400df93e,Blight Keeper,XLN,Ixalan,4,regular,,92.0,
208,019ce2ef-cd65-71ff-9516-6126b4a5dc03,Blight Pile,DMU,Dominaria United,1,regular,,82.0,0dcc2699-03e6-47d1-b976-1453fe9d27b7
209,019ce2ef-92c2-7e38-b75c-2d673578c238,Blightbeetle,M20,Core Set 2020,5,regular,,87.0,
210,019ce2ef-7bb2-7292-8c52-a306fb9b7f6d,Blighted Bat,AKH,Amonkhet,3,regular,,80.0,
211,019ce2ef-e548-7caa-9321-476260c4dba3,Blighted Burgeoning,MOM,March of the Machine,1,regular,,177.0,007324b3-b8a9-4a32-a5a1-ad78f3a07bc3
212,019ce2ef-a49f-7890-9011-9a6c9c2c83cb,Blightstep Pathway,KHM,Kaldheim,2,regular,,252.0,0ce39a19-f51d-4a35-ae80-5b82eb15fcff
213,019ce2ef-e4cd-73d6-b5d1-e5fd7aea4c2c,Bloated Processor,MOM,March of the Machine,1,regular,,93.0,66ddcca8-5720-4341-acce-c6694ddc97f8
214,019ce2ef-9cfa-7abf-bda9-4f1db8317a25,Blood Artist,JMP,Jumpstart,4,regular,,206.0,465d8c18-c76b-488a-a4ec-ec0d2267a307
215,019ce2ef-a0aa-78bf-9f0b-2b805b1c825b,Blood Beckoning,ZNR,Zendikar Rising,4,regular,,92.0,0cb88075-14f8-4ac9-b947-5ca1d30938f1
216,019ce2ef-92c2-7076-a993-6115ec73e931,Blood Burglar,M20,Core Set 2020,9,regular,,88.0,
217,019ce2ef-932a-7205-a68d-8fde8b42fbbd,Blood Burglar,M20,Core Set 2020,1,foil,,88.0,
218,019ce2ef-8a47-726b-8f30-069b29866866,Blood Divination,M19,Core Set 2019,4,regular,,86.0,
219,019ce2ef-92c2-7673-9ebd-a3fb605b2bed,Blood for Bones,M20,Core Set 2020,2,regular,,89.0,
220,019ce2ef-be20-7d2e-8ffc-6d3185130fa5,Blood Fountain,VOW,Innistrad: Crimson Vow,4,regular,,95.0,dd03651e-ada0-41dc-8722-0eba476943e3
221,019ce2ef-9cf9-7db9-a67f-ac151cea6d0c,Blood Glutton,M21,Core Set 2021,7,regular,,90.0,28ff52a2-4223-4551-b388-b4dd21cc1437
222,019ce2ef-8cb4-71a1-b3b8-ce05394163a8,Blood Operative,GRN,Guilds of Ravnica,3,regular,,63.0,
223,019ce2ef-db04-7ddc-bff9-6e096fb001fb,Blood Price,J22,Jumpstart 2022,1,regular,,379.0,53782723-0a1e-483f-86e0-9a13650d29b7
224,019ce2ef-2940-758e-a04c-92c0c6e00062,Blood Scrivener,DGM,Dragon's Maze,1,regular,,22.0,
225,019ce2ef-9cfa-7b19-a1b6-ae2ca20cea98,Bloodbond Vampire,JMP,Jumpstart,1,regular,,209.0,b1c6df1d-7709-41e4-a79f-0dc722600191
226,,Bloodchief's Thi,,,1,,,,
227,019ce2ef-a03b-7c17-9741-8e64ac244594,Bloodchief's Thirst,ZNR,Zendikar Rising,2,regular,,94.0,059e8447-6b1c-4651-a734-a8fea2cbf7b2
228,019ce2ef-8024-7b29-a407-14cff233e0ad,Bloodcrazed Paladin,XLN,Ixalan,3,regular,,93.0,
229,019ce2ef-c1f2-7681-a394-5b1492fdd2ef,Bloodfell Caves,NEO,Kamigawa: Neon Dynasty,4,regular,,264.0,ba06fcda-7ab8-48d4-8656-2a911e73dc44
230,019ce2ef-9465-78d2-882c-154177c47623,Bloodhall Priest,C19,Commander 2019,1,regular,,188.0,dde7ad2c-21fb-4f2c-96a6-59f8b0eafd19
231,019ce2ef-72da-7d5f-a100-e9ff3f82f465,Bloodmad Vampire,SOI,Shadows over Innistrad,2,regular,,146.0,
232,019ce2ef-8f8c-7ac8-82e7-cef1fc66398a,Bloodmist Infiltrator,RNA,Ravnica Allegiance,3,regular,,65.0,
233,019ce2ef-92c2-7225-a501-c18e6672f76c,Bloodsoaked Altar,M20,Core Set 2020,1,regular,,90.0,
234,019ce2ef-61e4-7c2d-a19f-8736ab428ca3,Bloodsoaked Champion,KTK,Khans of Tarkir,4,regular,,66.0,
235,019ce2ef-db04-7d54-811b-4935482a4608,Bloodthirsty Aerialist,J22,Jumpstart 2022,1,regular,,381.0,3b5196ae-2fec-43c3-b6d4-b446646438e6
236,019ce2ef-92c2-749d-be91-49c195aa8129,Bloodthirsty Aerialist,M20,Core Set 2020,6,regular,,91.0,
237,019ce2ef-b07d-7c02-a7b7-fd44e2949857,Bloodthirsty Blade,C21,Commander 2021,1,regular,,235.0,b69c43bc-3dda-4658-8cef-d5f90ba30d0a
238,019ce2ef-bbb2-73ac-8e13-00d181dc1cf4,Bloodtithe Collector,MID,Innistrad: Midnight Hunt,1,regular,,90.0,57d5e536-7774-4949-8127-727ae4d8fc80
239,019ce2ef-be21-7b2b-b9c5-987309f9d247,Bloodtithe Harvester,VOW,Innistrad: Crimson Vow,1,regular,showcase,310.0,01182501-2b50-4b87-835a-fea3c5e6e330
240,019ce2ef-bdae-7d1d-8c6e-962a13c56e5a,Bloodtithe Harvester,VOW,Innistrad: Crimson Vow,3,regular,,232.0,f0192cf7-3391-4720-b9c8-72dec5dde01e
241,019ce2f0-0d5b-7a41-973a-320ad8d17ba9,Blossoming Sands,BLB,Bloomburrow,4,regular,,396.0,ecfa2cc9-e427-4104-bad7-b0294e392b1f
242,019ce2ef-9407-7ba5-9380-7dcd9f06171a,Blossoming Sands,C19,Commander 2019,1,regular,,231.0,01a33a23-994f-44f4-89c0-3f40ba1fbad3
243,019ce2f0-15c4-7daf-91f0-6855a0545035,Blossoming Sands,FDN,Foundations,7,regular,,260.0,37676ed8-588c-4bca-8065-874b74d84807
244,019ce2f0-1621-7bce-a303-9c2158e09f29,Blossoming Sands,FDN,Foundations,1,foil,,260.0,37676ed8-588c-4bca-8065-874b74d84807
245,019ce2ef-9b37-7e25-8c16-c728933d50b9,Blossoming Sands,IKO,Ikoria: Lair of Behemoths,9,regular,,244.0,828044d6-0f53-4caf-a581-d71919df4175
246,019ce2ef-92c2-736a-aa1d-eaf41278cf22,Blossoming Sands,M20,Core Set 2020,5,regular,,243.0,
247,019ce2ef-9cf9-7371-b62c-cb48c0986a8b,Blossoming Sands,M21,Core Set 2021,3,regular,,244.0,c8483586-9a07-4f54-a390-7dd97fcea5cb
248,019ce2f0-1d8b-79d1-816c-59444615de9e,Blossoming Sands,TDM,Tarkir: Dragonstorm,1,regular,,251.0,0a9df994-e0f4-4919-af99-4f643eb9199c
249,019ce2ef-e740-7f53-a403-7c6b4e5ff70d,Blot Out,MAT,March of the Machine: The Aftermath,1,regular,showcase,62.0,8f4f2e7f-3ce9-475e-b854-1560d5a9a8e8
250,019ce2ef-863d-76fa-852b-669a5d9bdf2e,Board the Weatherlight,DOM,Dominaria,1,regular,,8.0,
251,019ce2ef-9466-785f-8e56-84abaf060b92,Bog Naughty,ELD,Throne of Eldraine,4,regular,,80.0,0cf282fe-83fd-4208-b46f-dae76e3a7f62
252,019ce2ef-8a46-7a72-b960-1d8a04a0eee6,Bogstomper,M19,Core Set 2019,4,regular,,87.0,
253,019ce2ef-932a-762d-8823-5fe3d503632d,Bogstomper,M20,Core Set 2020,3,regular,,320.0,
254,019ce2ef-9406-775c-901b-4aa72faa5976,Bojuka Bog,C19,Commander 2019,1,regular,,232.0,3fe2e358-4175-4cd6-9aa1-e54898df31f2
255,019ce2ef-9ada-7349-a068-075f4af30c24,Bojuka Bog,C20,Commander 2020,2,regular,,259.0,
256,019ce2ef-b07d-716e-b5a4-d2678d336eaa,Bojuka Bog,C21,Commander 2021,1,regular,,281.0,f8435c7e-39ce-48a6-8536-739dd5511a33
257,019ce2ef-c81a-798e-9f6c-52f61206bb17,Bojuka Bog,CLB,Commander Legends: Battle for Baldur's Gate,1,regular,,882.0,f8f1c157-cebc-45fe-9caa-1ea4b305ccfc
258,019ce2ef-92c1-719b-b1c3-aa8b106d4e5f,Bolas's Citadel,PRM-REL,Release Event Cards,1,foil,,79.0,
259,019ce2ef-9066-7256-a9ca-2d9cf12a801c,Bolas's Citadel,WAR,War of the Spark,1,regular,,79.0,d2124603-d20e-40eb-97f0-a66323397ac2
260,019ce2ef-9122-7d72-bc35-db42d3e0e779,Bolas's Citadel,WAR,War of the Spark,1,foil,,79.0,d2124603-d20e-40eb-97f0-a66323397ac2
261,019ce2ef-7561-742a-8ac0-d00d65f0e470,Bold Impaler,EMN,Eldritch Moon,2,regular,,120.0,
262,019ce2ef-b07c-7a17-accd-29d06e7491da,Bold Plagiarist,C21,Commander 2021,1,regular,,37.0,b0e0f5f6-8b63-4c63-bd1d-445613bc106b
263,019ce2ef-7779-7521-9bcf-0297b01ca677,Bomat Courier,KLD,Kaladesh,4,regular,,199.0,
264,019ce2ef-90c3-7dbe-a59e-1f6725fb5710,Bond of Discipline,WAR,War of the Spark,4,regular,,6.0,bb7c78bb-9f2a-47a4-adc4-b497bb38f46f
265,019ce2ef-90c3-72c8-98b6-2eae8aae1507,Bond of Revival,WAR,War of the Spark,3,regular,,80.0,c6482fb9-f874-4e33-aa74-7a0da4c9760c
266,019ce2ef-e548-7af1-99b3-db688dd7c106,Bonded Herdbeast,MOM,March of the Machine,1,regular,,178.0,61972ddb-3421-4f22-a47a-89cea944dd02
267,019ce2ef-9465-79e9-b7a0-398b981070de,Bone Miser,C19,Commander 2019,1,regular,,15.0,a7fa6901-e74f-448c-9d26-99a692092512
268,019ce2ef-9ea7-77f9-9575-4826d86837de,Bone Picker,2XM,Double Masters,1,regular,,78.0,f7de3d27-f3e0-4aea-a737-6577de1bd1c5
269,019ce2ef-7bb2-7d1e-aa70-cd55c4a15feb,Bone Picker,AKH,Amonkhet,3,regular,,81.0,
270,019ce2ef-9cfa-726f-9380-41980d2a4407,Bone Picker,JMP,Jumpstart,1,regular,,212.0,80c57801-cc6f-4f1f-b401-7f621fdcfaaa
271,019ce2ef-b5ef-7400-a666-ba399d984991,Bone Shards,MH2,Modern Horizons 2,3,regular,retro,395.0,15299d85-ee28-41a3-9952-f50e8e1d40eb
272,019ce2ef-b5ef-745f-837f-57e754a6e3b5,Bone Shards,MH2,Modern Horizons 2,1,regular,,76.0,1ee98955-4c47-4d45-9377-608dfa755337
273,019ce2ef-b658-7d24-8b72-677d7da565ba,Bone Shredder,MH2,Modern Horizons 2,1,regular,,272.0,63d0b5f0-ed45-4b30-9c24-1c12011e3513
274,019ce2ef-6f1a-7f8f-b176-2d271685171f,Bone Splinters,BFZ,Battle for Zendikar,2,regular,,105.0,
275,019ce2ef-ce2a-7dd3-8e48-e3d88d814894,Bone Splinters,DMU,Dominaria United,1,regular,,83.0,106b5c96-d1bd-433d-955e-ace0b60d3bc3
276,019ce2ef-9d7a-764a-bc6a-d16c89dfe66a,Bone Splinters,JMP,Jumpstart,1,regular,,213.0,fc676672-1aeb-420a-b909-5a3215cc2ca6
277,019ce2ef-92c2-7097-94ca-0c9046903495,Bone Splinters,M20,Core Set 2020,2,regular,,92.0,
278,019ce2ef-932a-73e7-9fef-17b3b63d9432,Bone Splinters,M20,Core Set 2020,2,foil,,92.0,
279,019ce2f0-0cff-7537-b0f4-f50d09059819,Bonebind Orator,BLB,Bloomburrow,1,regular,,84.0,faf226fa-ca09-4468-8804-87b2a7de2c66
280,019ce2ef-92c2-7d13-a6e7-ef92619e7cc9,Boneclad Necromancer,M20,Core Set 2020,5,regular,,93.0,
281,019ce2ef-9a7a-7a14-a76d-202b2bf80661,Boneyard Lurker,IKO,Ikoria: Lair of Behemoths,2,regular,,178.0,37e4df5b-ec53-4f8a-8c26-272b3177c0a6
282,019ce2ef-9465-7d56-ad79-600a62f824ad,Boneyard Parley,C19,Commander 2019,1,regular,,107.0,04a82af7-309d-46f5-b3ec-ea301dfa042f
283,019ce2ef-7c7b-73d7-8315-7fa0536ecf86,Bontu's Last Reckoning,HOU,Hour of Devastation,1,regular,,60.0,
284,019ce2ef-c460-72a6-af34-5bc83e9f3f5f,Boon of Safety,SNC,Streets of New Capenna,1,regular,,4.0,2069310a-9fb6-41b7-bbd5-849e3df05632
285,019ce2ef-b07d-72ce-bd5b-a81cd340b4f3,Boreas Charger,C21,Commander 2021,1,regular,,84.0,d68003e1-11ea-417f-89d0-39456bf47b34
286,019ce2ef-c397-7828-8b8e-67ec497bed15,Botanical Plaza,SNC,Streets of New Capenna,1,regular,showcase,350.0,ac068b57-568b-41f6-90d2-7b0eef99a74d
287,019ce2f0-1d8b-7e53-b0c4-80c7a61d898d,Boulderborn Dragon,TDM,Tarkir: Dragonstorm,2,regular,,239.0,50c6e815-bfe7-4599-9227-d36504a3640f
288,019ce2ef-c53e-7250-8ba6-1f2af14ce64e,Bouncer's Beatdown,SNC,Streets of New Capenna,1,foil,,135.0,54772e15-d99d-4eec-ba8d-b9202a7e318b
289,019ce2ef-9ad9-7da8-b9ca-4f7fedc8f1a1,Bounty Agent,C20,Commander 2020,1,regular,,78.0,
290,019ce2ef-b658-7818-bf1a-b41226b8fb96,"Braids, Cabal Minion",MH2,Modern Horizons 2,1,regular,,273.0,27691efa-052d-4afe-b9ef-159858ca660f
291,019ce2f0-0c3f-7b27-9163-7a2d0b2cee63,Brambleguard Veteran,BLB,Bloomburrow,3,regular,,165.0,bac9f6f8-6797-4580-9fc4-9a825872e017
292,019ce2ef-8375-74fe-8055-cd56a7101365,Brass's Bounty,RIX,Rivals of Ixalan,1,regular,,94.0,13505866-6ce9-4d11-b3f3-fc2f09839b71
293,019ce2ef-83d9-7c27-98f0-9e07563308ff,Brass's Bounty,RIX,Rivals of Ixalan,1,foil,,94.0,13505866-6ce9-4d11-b3f3-fc2f09839b71
294,019ce2f0-0bc7-7c37-bc67-bcfc19c23c5d,Brave-Kin Duo,BLB,Bloomburrow,1,regular,,3.0,b8dd4693-424d-4d6e-86cf-24401a23d6b1
295,019ce2ef-8154-7fb4-b38b-41197a1ff05e,Brazen Buccaneers,XLN,Ixalan,4,regular,,134.0,
296,019ce2f0-07fd-79fa-a50d-6c9e3616c43c,Breaker of Creation,MH3,Modern Horizons 3,2,regular,,1.0,72449552-aa2c-4ae3-846f-df523c5e6078
297,019ce2f0-0997-7752-9a24-9a0e77213d60,Breathe Your Last,MH3,Modern Horizons 3,2,regular,,82.0,50eac71d-54f9-46c2-aa1d-c04c37e61f74
298,019ce2ef-b659-732c-89f9-4c6636e67851,Breathless Knight,MH2,Modern Horizons 2,5,regular,,187.0,c4785739-821d-49b0-a298-3c2b95e16972
299,019ce2ef-aed4-768a-b550-e7ff6fde955c,"Breena, the Demagogue",C21,Commander 2021,1,foil,,1.0,6cb82b10-d785-4e20-84ac-0660d49be8ad
300,019ce2ef-b658-72f7-a2bd-a13587175081,Breya's Apprentice,MH2,Modern Horizons 2,1,regular,,117.0,c32b5b2e-dabf-4672-b476-4873781f636e
301,019ce2ef-8154-7ca2-90d1-b214711dcc0d,Bright Reprisal,XLN,Ixalan,4,regular,,7.0,
302,019ce2ef-8a46-7708-ba24-ad121108a12c,Bristling Boar,M19,Core Set 2019,1,regular,,170.0,
303,019ce2ef-932a-7f7f-8dc6-478ea5132800,Bristling Boar,M20,Core Set 2020,1,regular,,338.0,
304,019ce2f0-15c4-77d2-9c08-9c6e28678036,Broken Wings,FDN,Foundations,4,regular,,214.0,61f9cbeb-cc9c-4562-be65-8a77053faefe
305,019ce2ef-c461-73ed-b0a6-924c6332b876,Broken Wings,SNC,Streets of New Capenna,1,regular,,136.0,9eb94908-4f4a-487e-87ac-8d5bdefe9983
306,019ce2f0-0b70-7769-abea-c8b6f20fd5e4,Brotherhood Regalia,ACR,Assassin's Creed,1,foil,,71.0,8a6439a6-288d-427e-b14b-a99e8ef8c5cd
307,019ce2ef-2a1e-74c2-a6f7-5052dedad325,Bump in the Night,ISD,Innistrad,4,regular,,92.0,
308,019ce2f0-15c5-7525-8421-d6cab0f9a40e,Burglar Rat,FDN,Foundations,5,regular,,170.0,de1c8758-ce3d-49cf-8173-c0eb46f5e7bc
309,019ce2ef-8cb4-792b-a2d5-967fc4ad9540,Burglar Rat,GRN,Guilds of Ravnica,5,regular,,64.0,
310,019ce2ef-8024-7afe-8aed-2cd30038da3d,Burning Sun's Avatar,XLN,Ixalan,3,regular,,135.0,
311,019ce2ef-9066-748e-bf6f-61b668f37df5,Burning-Tree Emissary,GK2,Ravnica Allegiance Guild Kits,1,regular,,88.0,
312,019ce2ef-7060-7cc5-884e-75ac0fd91617,Burnished Hart,C15,Commander 2015,1,regular,,248.0,
313,019ce2ef-6181-7aea-bde9-7456d4f806ce,Burrenton Forge-Tender,MD1,Modern Event Deck 2014,3,regular,,22.0,
314,019ce2f0-0c40-762a-9266-be7b5562cc61,Burrowguard Mentor,BLB,Bloomburrow,3,regular,,206.0,87138ace-3594-499e-bad5-ec76148613ea
315,019ce2f0-15c4-70b6-8b23-7de219559e53,Bushwhack,FDN,Foundations,7,regular,,215.0,03ebdb36-55e0-49dd-a514-785fbeb4ae19
316,019ce2f0-0d5b-7023-a904-2ab67117dd45,"Byrke, Long Ear of the Law",BLB,Bloomburrow,1,foil,,380.0,6441abd3-320b-424a-9753-61e3581fe1a9
317,019ce2ef-863d-7872-957b-0a9087e9ea4a,Cabal Evangel,DOM,Dominaria,3,regular,,78.0,
318,019ce2ef-b65a-705d-9ded-f6c8c173d5cf,Cabal Initiate,MH2,Modern Horizons 2,4,regular,,78.0,b279a03f-85ab-43f2-b5ca-1bc10563e5ad
319,019ce2f0-15c5-7476-8499-47ae2aac1675,Cackling Prowler,FDN,Foundations,5,regular,,101.0,1bd8e971-c075-4203-8d83-c28f22d4f9b9
320,019ce2ef-705f-71c8-abc1-edfb69c7637a,Cage of Hands,C15,Commander 2015,1,regular,,62.0,
321,019ce2ef-9cf9-7e45-90ae-9981bb7c6bd9,Caged Zombie,M21,Core Set 2021,4,regular,,91.0,f8067745-35b6-4abd-9ae9-712159a26c89
322,019ce2ef-d83a-74f4-9560-f76bc35e455e,Calamity's Wake,BRO,The Brothers' War,1,regular,,4.0,013bed2b-25db-4dfc-9283-e80c9ac6c841
323,019ce2ef-8d8e-7b5f-9917-6043386b1c84,Call of the Conclave,GK1,Guilds of Ravnica Guild Kits,1,regular,,109.0,
324,019ce2ef-9a7a-7ad8-9de6-638d898229d1,Call of the Death-Dweller,IKO,Ikoria: Lair of Behemoths,4,regular,,78.0,37e34017-0aeb-4a93-9edf-596bf3597a0e
325,019ce2ef-9a7a-7c62-9f48-7b5bc0dd1f50,Call the Coppercoats,C20,Commander 2020,1,regular,,23.0,
326,019ce2ef-808c-753c-b0b0-a22fa82c34f8,Call to the Feast,XLN,Ixalan,2,regular,,219.0,
327,019ce2ef-9465-7a6b-bb98-e4890e05cee2,Call to the Netherworld,C19,Commander 2019,1,regular,,108.0,caccee1e-971d-4b92-9f9a-624865c508d9
328,019ce2ef-b00f-715d-b068-6f375b329469,Callous Bloodmage,STX,Strixhaven: School of Mages,2,regular,,66.0,81358736-65cf-44d8-819e-d0268d14cc76
329,019ce2f0-167b-7589-b341-9d08a7e56215,"Camellia, the Seedmiser",BLB,Bloomburrow,1,regular,planeswalker stamp,207.0,761a2b0e-dfdb-45a9-b14d-5cbef69bc259
330,019ce2ef-7560-75c9-9262-7d71be73ea5a,Campaign of Vengeance,EMN,Eldritch Moon,2,regular,,182.0,
331,019ce2ef-c738-72c9-a75e-f9e231d26222,Campfire,CLB,Commander Legends: Battle for Baldur's Gate,3,regular,,304.0,ba581225-0966-4ff0-be04-1ad11f37937f
332,019ce2f0-15c5-7382-b857-0512dd86e970,Campus Guide,FDN,Foundations,1,regular,,251.0,43c59814-3167-4b05-bb85-6c736f3956a4
333,019ce2ef-83d8-7f9d-9c88-122ab13dbc55,Canal Monitor,RIX,Rivals of Ixalan,3,regular,,63.0,78226edc-87dd-4c38-987c-52aefe0f9531
334,019ce2ef-83d8-78fc-9781-6425339da426,Canal Monitor,RIX,Rivals of Ixalan,1,foil,,63.0,78226edc-87dd-4c38-987c-52aefe0f9531
335,019ce2ef-ee7e-712f-bc00-3187750d2b88,Candy Grapple,WOE,Wilds of Eldraine,4,regular,,83.0,190d97bc-dbef-496d-9bd1-b785bdf8a964
336,019ce2ef-ee7e-73d6-bb31-42cac4051ec4,Candy Trail,WOE,Wilds of Eldraine,4,regular,,243.0,1a860925-d912-49e5-9ddc-41ab26916bb3
337,019ce2ef-a850-7a38-a73e-d5300a1c6904,Canopy Baloth,ZNR,Zendikar Rising,1,regular,showcase,304.0,d52e90d3-d356-4b23-8f5c-a4004b20394c
338,019ce2ef-932a-70f1-a503-68c4a2b1410e,Canopy Spider,M20,Core Set 2020,2,regular,,339.0,
339,019ce2ef-a0aa-7ee1-80ce-f35f3828eca2,Canyon Jerboa,ZNR,Zendikar Rising,1,regular,,7.0,26b3938e-ebd7-4668-be3a-422c02ff5b08
340,019ce2ef-7b4b-7836-8d2a-397686b803d9,Canyon Slough,AKH,Amonkhet,1,regular,,239.0,
341,019ce2ef-8024-7bd8-9107-3e3b8d07f1b9,Captain Lannery Storm,XLN,Ixalan,1,regular,,136.0,
342,019ce2ef-8375-7acd-b9c2-aab81cce1f31,Captain's Hook,RIX,Rivals of Ixalan,3,regular,,177.0,7bd3f777-b33a-454a-8d5d-993260ddda03
343,019ce2ef-9ada-73df-bd70-505ddd1c724b,Captivating Crew,C20,Commander 2020,1,regular,,144.0,
344,019ce2ef-8153-7640-80a6-78fbf3fcfc75,Captivating Crew,XLN,Ixalan,1,regular,,137.0,
345,019ce2ef-92c2-77d4-ba13-10a4aae480bc,Captivating Gyre,M20,Core Set 2020,2,regular,,51.0,
346,019ce2ef-b659-7d41-b3ad-329e6d580689,Captured by Lagacs,MH2,Modern Horizons 2,2,regular,,188.0,7ce1c2a8-688b-4f63-8d58-e325efc6052a
347,019ce2ef-9066-7ac0-a7a4-caaecef274f4,Carnival Hellsteed,GK2,Ravnica Allegiance Guild Kits,1,regular,,62.0,
348,019ce2ef-6f1a-71a2-8f14-61708445957e,Carrier Thrall,BFZ,Battle for Zendikar,2,regular,,106.0,
349,019ce2ef-91fb-7fec-be74-9cc41047c889,Carrion Feeder,MH1,Modern Horizons,2,regular,,81.0,
350,019ce2ef-7ee8-74ab-9b8c-e8def1c6f67d,Carrion Screecher,HOU,Hour of Devastation,6,regular,,61.0,
351,019ce2f0-0bc6-73f3-b55e-8f8b6bbd21a1,Carrot Cake,BLB,Bloomburrow,2,regular,,7.0,eb03bb4f-8b4b-417e-bfc6-294cd2186b2e
352,019ce2ef-386b-76bf-989e-9a1c85710055,Cartel Aristocrat,GTC,Gatecrash,4,regular,,150.0,
353,019ce2ef-7b4b-7edf-b703-57bc345b9a8f,Cartouche of Ambition,AKH,Amonkhet,3,regular,,83.0,
354,019ce2ef-7b4b-799b-acfb-4ecfa6354d8e,Cartouche of Solidarity,AKH,Amonkhet,7,regular,,7.0,
355,019ce2ef-7bb2-7384-bb99-1597e0fb9696,Cascading Cataracts,AKH,Amonkhet,1,regular,,240.0,
356,019ce2ef-c739-7656-9056-4452df72f82c,Cast Down,CLB,Commander Legends: Battle for Baldur's Gate,4,regular,,119.0,aba79021-39af-4e74-beb5-f2f508c865b2
357,019ce2ef-a2ae-7305-893c-b4e00574ba9a,Cast Down,CMR,Commander Legends,4,regular,,112.0,21c8426e-476a-45e4-b3a9-841da54d966c
358,019ce2ef-85df-71cb-8c38-a14e3d3c20f5,Cast Down,DOM,Dominaria,1,regular,,81.0,
359,019ce2ef-7b4b-7264-84b4-a49ff7dba573,Cast Out,AKH,Amonkhet,1,regular,,8.0,
360,019ce2ef-35e4-7da6-82f6-427b39da7763,Castigate,GPT,Guildpact,1,regular,,106.0,
361,019ce2ef-94c9-7f1e-b353-f50e99e50277,Castle Locthwain,ELD,Throne of Eldraine,4,regular,,241.0,195383c1-4723-40b0-ba53-298dfd8e30d0
362,019ce2f0-1554-7861-be60-75f9304ad1e6,Cathar Commando,FDN,Foundations,4,regular,,139.0,19cf024d-edb6-4a79-8676-73f8db0cdf1f
363,019ce2f0-15c5-7558-9ccc-09c7a2758224,Cathar Commando,FDN,Foundations,1,foil,,139.0,19cf024d-edb6-4a79-8676-73f8db0cdf1f
364,019ce2ef-bbb2-7872-ab8a-9ecf7a564330,Cathar Commando,MID,Innistrad: Midnight Hunt,3,regular,,10.0,98cbc1c2-b76e-4da3-aa43-00e10b2ce532
365,019ce2ef-9466-71c8-a85d-e205702db92d,Cauldron Familiar,ELD,Throne of Eldraine,3,regular,,81.0,9a539a23-8383-4525-82dd-acfe1d219fe9
366,019ce2ef-ef77-7ceb-b376-6a1574d0439b,Cauldron Familiar,PLIST,The List,1,regular,,81.0,33625759-712a-4977-a1e6-99a76510e530
367,019ce2ef-94c9-73d4-8346-ad7755d5b537,Cauldron's Gift,ELD,Throne of Eldraine,4,regular,,83.0,5db19a94-1170-45a0-9f06-893bf58b7233
368,019ce2ef-92c2-716d-ae11-81385ef07189,Cavalier of Dawn,M20,Core Set 2020,1,regular,,10.0,
369,019ce2ef-8a47-7b48-ac24-4ac334871709,Cavalry Drillmaster,M19,Core Set 2019,4,regular,,8.0,
370,019ce2ef-9ada-72d2-b1dd-42c0301ce561,Caves of Koilos,C20,Commander 2020,4,regular,,262.0,
371,019ce2ef-b07d-72b7-9c96-62078fac5f12,Caves of Koilos,C21,Commander 2021,1,regular,,283.0,e9c93f28-a523-4998-928c-5fe581dca5a3
372,019ce2ef-ccf9-7c03-bc55-0a1c3b5135f7,Caves of Koilos,DMU,Dominaria United,4,regular,,244.0,99264beb-2149-4cd4-9880-f0dc5c570c1b
373,019ce2ef-69e1-74cb-8843-26655ec54138,Caves of Koilos,ORI,Magic Origins,4,regular,,245.0,
374,019ce2ef-c3f9-7808-8b67-b74b9a3498fb,Celebrity Fencer,SNC,Streets of New Capenna,1,regular,,7.0,5afb5c5c-06e0-4b11-ad07-aef7be6e2cd4
375,019ce2ef-705f-7544-ab6a-9ede7a24e22f,Celestial Ancient,C15,Commander 2015,1,regular,,63.0,
376,019ce2ef-705f-71b4-a265-4854344c052e,Celestial Archon,C15,Commander 2015,1,regular,,64.0,
377,019ce2ef-9c8d-7cc6-ae9d-60d09ef444f2,Celestial Enforcer,M21,Core Set 2021,5,regular,,11.0,46666fba-d4a7-4687-8747-a42e4c6d853e
378,019ce2ef-6635-70fb-a96e-d7875e549541,Celestial Flare,DDO,Duel Decks: Elspeth vs. Kiora,1,regular,,4.0,
379,019ce2ef-b869-7297-a410-e72307646ae2,Celestial Unicorn,AFR,Adventures in the Forgotten Realms,1,regular,showcase,301.0,c2bba29a-6d7c-4f53-a4ad-e27a33fe19cc
380,019ce2ef-74fe-7a33-b7c0-782a4d503320,Cemetery Recruitment,EMN,Eldritch Moon,1,regular,,83.0,
381,019ce2ef-8a46-7577-b759-83fc9102c83a,Centaur Courser,M19,Core Set 2019,1,regular,,171.0,
382,019ce2ef-9329-7774-8be6-fbac561998ec,Centaur Courser,M20,Core Set 2020,2,regular,,168.0,
383,019ce2ef-8d8e-7907-99f1-2fc327c14751,Centaur Healer,GK1,Guilds of Ravnica Guild Kits,1,regular,,110.0,
384,019ce2ef-8cb4-7795-bb90-7b35e330bd3d,Centaur Peacemaker,GRN,Guilds of Ravnica,5,regular,,158.0,
385,019ce2ef-c3f9-7b9b-aad1-494afeb641c6,Ceremonial Groundbreaker,SNC,Streets of New Capenna,1,regular,,175.0,0a542616-aa4d-40d9-acad-47bc98bd6281
386,019ce2ef-ddd7-78e3-aa3a-1be3c2098af8,Chainer's Edict,DMR,Dominaria Remastered,1,regular,borderless,425.0,7ecc1962-f4ad-4d76-a00a-f363e102018e
387,019ce2ef-dfdb-7aba-9513-0a613528fb0f,Chainer's Edict,DMR,Dominaria Remastered,3,foil,borderless,425.0,7ecc1962-f4ad-4d76-a00a-f363e102018e
388,019ce2ef-ddd7-75e8-8652-d0b654345621,Chainer's Edict,DMR,Dominaria Remastered,1,regular,,78.0,8c204471-d908-4a08-83e4-cf38999fa80f
389,019ce2ef-9465-742f-a89d-b3b0a74f878b,"Chainer, Nightmare Adept",C19,Commander 2019,1,foil,,39.0,d7b0a8f8-d368-45e6-a546-984e7b1913e0
390,019ce2ef-c1f2-72bd-9709-7fd57482b044,Chainflail Centipede,NEO,Kamigawa: Neon Dynasty,1,regular,,90.0,24b8efe0-2f7b-4ada-a1b9-9c5f9e6a114d
391,019ce2ef-8cb4-7997-b114-a8bac61f0f87,Chamber Sentry,GRN,Guilds of Ravnica,3,regular,,232.0,
392,019ce2ef-83d8-7712-bd6a-d1bf36262ca2,Champion of Dusk,RIX,Rivals of Ixalan,2,regular,,64.0,507a4fb1-d27b-4393-9eed-48fe05b367d8
393,019ce2ef-9465-71c1-8fcb-d652c7666972,Champion of Stray Souls,C19,Commander 2019,1,regular,,109.0,f0efbddb-c076-4552-b417-3608e0696a77
394,019ce2ef-8d26-7636-a1eb-37e02638f3fb,Chance for Glory,GRN,Guilds of Ravnica,1,foil,,159.0,
395,019ce2ef-85df-7f62-9ee3-f8132e6e3660,Chandra's Outburst,DOM,Dominaria,4,regular,,276.0,
396,019ce2ef-9329-707a-95c4-8bccc1243a60,Chandra's Outrage,M20,Core Set 2020,1,regular,,130.0,
397,019ce2ef-8780-7de3-b336-629e6fc003da,"Chandra, Bold Pyromancer",DOM,Dominaria,3,foil,,,
398,019ce2ef-91fb-73ca-8b9f-b912d57095be,Changeling Outcast,MH1,Modern Horizons,1,regular,,82.0,
399,019ce2ef-28c7-70cb-ac99-33ac054668d7,Chaos Imps,RTR,Return to Ravnica,3,regular,,90.0,
400,019ce2ef-7eea-7339-b40f-dbe97198895d,Chaos Maw,HOU,Hour of Devastation,2,regular,,87.0,
401,019ce2ef-8ab0-73cf-a09a-d1eb919d2884,Chaos Wand,M19,Core Set 2019,2,regular,,228.0,
402,019ce2ef-9465-72d0-b9cf-82d133b82946,Chaos Warp,C19,Commander 2019,1,regular,,136.0,725fc7bf-fa82-497a-9256-ad55323d9a5f
403,019ce2ef-90c4-79fc-8b9c-3cd1cd5b5c29,Charity Extractor,WAR,War of the Spark,4,regular,,81.0,3594f726-cdbb-4b7d-bcfe-17d5f8cd5228
404,019ce2ef-8cb4-72a2-843d-238409d5ef22,Child of Night,GRN,Guilds of Ravnica,5,regular,,65.0,
405,019ce2ef-8a47-7a1d-862b-a0778e7e16e2,Child of Night,M19,Core Set 2019,4,regular,,89.0,
406,019ce2ef-a5ed-7fbb-914d-d1272f3830b6,Chittering Harvester,IKO,Ikoria: Lair of Behemoths,1,regular,showcase,288.0,dbd157ee-d17e-402c-a97d-206445dcf864
407,019ce2ef-9a7a-7377-b71b-1c39112c18ce,Chittering Harvester,IKO,Ikoria: Lair of Behemoths,3,regular,,80.0,d51a0700-d4d3-4b7e-bdb5-6cd913c948d9
408,019ce2ef-30da-7914-8212-d2f087517887,Chittering Rats,DST,Darksteel,4,regular,,39.0,
409,019ce2ef-da42-7339-b91a-773471fc9287,Chittering Rats,J22,Jumpstart 2022,4,regular,,387.0,1b9993c2-eaf7-4163-bd19-8161025cad56
410,019ce2ef-a783-7b7f-990d-8aeec3d42938,Chittering Witch,ELD,Throne of Eldraine,1,regular,brawl deck,319.0,
411,019ce2ef-31b4-7e59-81fd-ba9e212221bb,Choking Sands,MI,Mirage,3,regular,,,
412,019ce2ef-8c52-77b0-b2c7-7d1cdb6f5388,Chromatic Lantern,GRN,Guilds of Ravnica,1,regular,,233.0,
413,019ce2f0-0bc7-7572-aa71-b843a8822cf2,Cindering Cutthroat,BLB,Bloomburrow,3,regular,,208.0,b2ea10dd-21ea-4622-be27-79d03a802b85
414,019ce2f0-0bc7-7e57-a342-ddd9d6aa1105,Cindering Cutthroat,BLB,Bloomburrow,2,foil,,208.0,b2ea10dd-21ea-4622-be27-79d03a802b85
415,019ce2f0-14f5-7aea-89d1-9986da08509a,Circuitous Route,FDN,Foundations,2,regular,,635.0,
416,019ce2ef-e93e-7d13-961a-7f48755c2208,Cirith Ungol Patrol,LTR,The Lord of the Rings: Tales of Middle-Earth,2,regular,,80.0,7cd03837-37cc-4f6c-8e22-e3b0ff635462
417,019ce2ef-e99f-730c-a43e-3e1db0ed4041,Cirith Ungol Patrol,LTR,The Lord of the Rings: Tales of Middle-Earth,2,foil,,80.0,7cd03837-37cc-4f6c-8e22-e3b0ff635462
418,019ce2ef-b07d-7f9c-b72c-0fc217735abc,Citadel Siege,C21,Commander 2021,1,regular,,85.0,c6e693ad-3e49-4692-a35a-06e9e4e8027e
419,019ce2ef-9ad9-73a4-bc5e-7b808b2001ae,Citywide Bust,C20,Commander 2020,1,regular,,82.0,
420,019ce2ef-8cb4-7425-a78a-cadfc451cb85,Citywide Bust,GRN,Guilds of Ravnica,3,regular,,4.0,
421,019ce2ef-a93b-7b25-89d2-65b2716ee71a,Clarion Spirit,KHM,Kaldheim,4,regular,,6.0,86a4c348-1012-4339-960a-c7bc7fd84fbb
422,019ce2ef-c1f2-7c40-82fb-193f75d917fa,Clawing Torment,NEO,Kamigawa: Neon Dynasty,2,regular,,91.0,621fce96-5933-4e2b-98ec-2589940e24cb
423,019ce2ef-9ad9-7a29-a655-a57e0902ef24,Cleansing Nova,C20,Commander 2020,1,regular,,83.0,
424,019ce2ef-bb41-7602-9c84-874a3bef1989,Clear Shot,MID,Innistrad: Midnight Hunt,1,regular,,176.0,27476d9c-006d-4227-a5f2-49c7234b84a1
425,019ce2ef-8f8c-7a48-8736-b8c3933f6cd9,Clear the Stage,RNA,Ravnica Allegiance,3,regular,,68.0,
426,019ce2ef-a0a9-71be-b920-c5ae4dc1f227,Cleric of Life's Bond,ZNR,Zendikar Rising,1,regular,,222.0,953db280-6999-4b91-bc40-c6e7f7dd13ef
427,019ce2ef-713b-7aa0-8a80-cb5aaa7c7a67,Cliffhaven Vampire,OGW,Oath of the Gatewatch,1,regular,,153.0,
428,019ce2f0-0c40-75eb-b6fe-f1f137ff7159,Clifftop Lookout,BLB,Bloomburrow,5,regular,,168.0,662d3bcc-65f3-4c69-8ea1-446870a1193d
429,019ce2ef-92c2-7d6d-9a02-9964152abf38,Cloudkin Seer,M20,Core Set 2020,2,regular,,54.0,
430,019ce2ef-cd65-780f-b501-5746ae107178,Coalition Skyknight,DMU,Dominaria United,2,regular,,14.0,8b12da45-aff4-406d-83a3-39ecaff6ff56
431,019ce2ef-a93a-7169-acbb-a3d56909e293,Codespell Cleric,KHM,Kaldheim,8,regular,,7.0,1316a74e-da55-4668-87f2-98389a90a2a4
432,019ce2ef-9c8d-7219-aefc-29800c1149fc,Colossal Dreadmaw,M21,Core Set 2021,1,regular,,176.0,8059c52b-5d25-4052-b48a-e9e219a7a546
433,019ce2ef-81cb-71e9-87d0-6abd7bc6e551,Colossal Dreadmaw,XLN,Ixalan,2,regular,,180.0,
434,019ce2f0-0d5b-759c-9710-f53aba1b80b3,Colossification,BLB,Bloomburrow,1,regular,,392.0,c2cad902-ffd2-4bab-b114-b4b6df2ac6b3
435,019ce2ef-92c2-7015-8a37-466f396d97bd,Colossus Hammer,M20,Core Set 2020,4,regular,,223.0,
436,019ce2ef-b07c-7370-9525-97375abd3c23,Combat Calligrapher,C21,Commander 2021,1,regular,,14.0,d3b9136e-7f71-40d5-bdfb-d710cd39912d
437,019ce2ef-90c4-7363-87de-254d5acef0b3,Command the Dreadhorde,WAR,War of the Spark,3,regular,,82.0,de7ec307-45e0-4853-85fe-9ce859b188c2
438,019ce2ef-a783-7259-890d-7300b3ec2ca7,Command Tower,ELD,Throne of Eldraine,2,regular,brawl deck,333.0,
439,019ce2ef-7060-72c4-97f4-16385d4008c0,Command Tower,C15,Commander 2015,1,regular,,281.0,
440,019ce2ef-b07d-7938-bd49-5c42ace1e7f4,Command Tower,C21,Commander 2021,1,regular,,284.0,b53a112c-671c-4312-af56-53fdb735829b
441,019ce2ef-b010-7b49-98a2-0aaa7000d4f8,Commander's Sphere,C21,Commander 2021,2,regular,,239.0,1c1fda5d-f519-4b27-9fc6-1a617d0fc79b
442,019ce2ef-e4cd-7bb4-9643-f52ebf226d2a,Compleated Huntmaster,MOM,March of the Machine,1,regular,,96.0,4fc23af5-18dd-45f9-8d82-76b48aaf6d4d
443,019ce2ef-7bb2-7577-90a6-579d354835e4,Compulsory Rest,AKH,Amonkhet,4,regular,,9.0,
444,019ce2ef-7711-71ca-a35e-2d608424ab75,Concealed Courtyard,KLD,Kaladesh,12,regular,,245.0,
445,019ce2ef-8cb4-7ea3-95fb-df8033eadbae,Conclave Cavalier,GRN,Guilds of Ravnica,9,regular,,161.0,
446,019ce2ef-8cb4-7deb-a85e-8e03d32d3045,Conclave Guildmage,GRN,Guilds of Ravnica,5,regular,,162.0,
447,019ce2ef-9c8d-7b62-b7e0-b6525d396536,Conclave Mentor,M21,Core Set 2021,2,regular,,216.0,a328a93a-e720-46d5-a190-cc65d1c90cea
448,019ce2ef-9c8d-7012-abe8-00c512fdfb16,Concordia Pegasus,M21,Core Set 2021,2,regular,,12.0,600d3517-e370-47ae-ac4f-c7ef8995a89c
449,019ce2ef-8024-7be7-a353-1caa663d716e,Conqueror's Galleon,XLN,Ixalan,2,regular,,234.0,
450,019ce2f0-0935-7491-b1e5-7e9b6fcb7ba7,Consuming Corruption,MH3,Modern Horizons 3,1,regular,,84.0,9068b3a4-9130-42d8-a26b-52010b7daa8b
451,019ce2ef-a58e-7ad5-9817-254af40f6744,Containment Priest,M21,Core Set 2021,1,regular,borderless,314.0,d51bacdd-040e-45f7-9256-85f93801a10e
452,019ce2ef-9c8c-7fd3-941e-1fc7526ef4ca,Containment Priest,M21,Core Set 2021,4,regular,,13.0,a24e8dba-5c86-4e32-8a52-61402f7fe9f0
453,019ce2ef-386b-746a-9209-af03cb3df566,Contaminated Ground,GTC,Gatecrash,3,regular,,59.0,
454,019ce2ef-e4ce-7c4c-b4dc-d5676d7a5c8f,Converter Beast,MOM,March of the Machine,1,regular,,180.0,1bdd3ecb-8c11-4a4c-a503-bc29f79a9dcb
455,019ce2f0-1dfa-722b-9563-86c85b597557,Coordinated Maneuver,TDM,Tarkir: Dragonstorm,1,regular,,6.0,c6569487-53c5-4b91-877d-e4e31bfa90c0
456,019ce2ef-932a-7cc3-980d-997cf392fb87,Coral Merfolk,M20,Core Set 2020,4,regular,,315.0,
457,019ce2ef-91fc-70fe-9fce-f59386a4161b,Cordial Vampire,MH1,Modern Horizons,1,regular,,83.0,
458,019ce2ef-705f-7977-aea7-15f2b9a7cdac,Corpse Augur,C15,Commander 2015,1,regular,,17.0,
459,019ce2ef-92c1-74ec-85df-47a7dfd6f1d2,Corpse Knight,M20,Core Set 2020,2,regular,,206.0,
460,019ce2f0-0bc7-7fbb-b6e7-97f1030a7fa1,Corpseberry Cultivator,BLB,Bloomburrow,5,regular,,210.0,c911a759-ed7b-452b-88a3-663478357610
461,019ce2f0-1d2f-7c0c-a843-60aefb617136,Corroding Dragonstorm,TDM,Tarkir: Dragonstorm,1,regular,,75.0,e2a2d395-26d6-4eb2-9e8c-ed7dbbd3a8f5
462,019ce2ef-c461-708e-aa24-b7a113d31cd6,Corrupt Court Official,SNC,Streets of New Capenna,1,regular,,70.0,505c6215-4006-4c4f-897a-be051cb73fa7
463,019ce2ef-d8a2-73c9-b653-d4c2ed9e05e5,Corrupt,BRO,The Brothers' War,2,regular,,88.0,c92ea561-80da-4fe1-ad87-ce47d9eb80bc
464,019ce2ef-713b-7332-bf21-7617a0a25b1b,Corrupted Crossroads,OGW,Oath of the Gatewatch,1,regular,,169.0,
465,019ce2ef-8154-7a3a-a814-6df931a21558,Costly Plunder,XLN,Ixalan,4,regular,,96.0,
466,019ce2ef-8a47-7511-a1c0-05a88ef1941d,Court Cleric,M19,Core Set 2019,3,regular,,283.0,
467,019ce2ef-b07d-7d96-b95b-78ea063bb6fa,Coveted Jewel,C21,Commander 2021,1,regular,,240.0,5a70b63b-d7b7-4e3d-83ab-8e7f1efd7a49
468,019ce2f0-08c6-77d3-bbe8-25963187d2ef,Crabomination,MH3,Modern Horizons 3,1,regular,,85.0,f328d6e0-d808-4abe-b6a2-cc557b27c329
469,019ce2ef-9ada-7e8b-8b18-b848742c9979,Crackling Doom,C20,Commander 2020,1,regular,,205.0,
470,019ce2ef-7bb2-7374-8531-88b7210d561a,Cradle of the Accursed,AKH,Amonkhet,4,regular,,241.0,
471,019ce2ef-b00f-7225-8067-5999ab4e8b61,Cram Session,STX,Strixhaven: School of Mages,4,regular,,170.0,c59a249f-35ed-447a-845b-32ba5a53124e
472,019ce2ef-bbb2-7858-bcb0-f20fcaae7b89,Crawl from the Cellar,MID,Innistrad: Midnight Hunt,2,regular,,93.0,ed6c8942-d43e-4456-ac98-3220cb954c65
473,019ce2ef-daa0-7124-b333-2e18b34bf35a,Creeping Bloodsucker,J22,Jumpstart 2022,1,regular,,21.0,e5e3a9e1-fafe-4859-a550-7ae09804aced
474,019ce2ef-8cb4-7916-9a27-e1f0387f3a2c,Creeping Chill,GRN,Guilds of Ravnica,2,regular,,66.0,
475,019ce2ef-7eea-7db1-8fb9-19a7fd4dc7cf,Crested Sunmare,HOU,Hour of Devastation,1,regular,,6.0,
476,019ce2ef-7266-7024-a8a6-eb2f153757f9,Crow of Dark Tidings,SOI,Shadows over Innistrad,1,regular,,105.0,
477,019ce2ef-9066-7c6d-9fbb-7b9b001a8f73,Cruel Celebrant,WAR,War of the Spark,1,regular,,188.0,87ead6ac-b1c5-4852-8413-7fa43c6cfc57
478,019ce2ef-7b4c-7837-894d-2727678fc842,Cruel Reality,AKH,Amonkhet,1,regular,,84.0,
479,019ce2f0-1d2e-7c17-b75d-393949986297,Cruel Truths,TDM,Tarkir: Dragonstorm,1,regular,,76.0,6852b4d5-74e0-44ba-ba44-20aa91e3c4c8
480,019ce2ef-8cb4-745e-b58d-dbf6e0ce47c6,Crush Contraband,GRN,Guilds of Ravnica,3,regular,,7.0,
481,019ce2ef-8cb4-7728-b81f-a5f04d2e7eec,Crushing Canopy,GRN,Guilds of Ravnica,5,regular,,126.0,
482,019ce2ef-aed5-716a-aea5-180db83014bb,Crux of Fate,STA,Strixhaven: Mystical Archive,1,regular,,25.0,
483,019ce2ef-8f27-72f2-8b07-1463864b940a,Cry of the Carnarium,RNA,Ravnica Allegiance,4,regular,,70.0,
484,019ce2ef-9066-7252-9289-036b89c7b83d,Crypt Champion,GK2,Ravnica Allegiance Guild Kits,1,regular,,53.0,
485,019ce2f0-1304-76f4-9304-d1a5757a97f1,Crypt Feaster,FDN,Foundations,4,regular,,59.0,3b072811-998a-4a71-b59c-6afecc0dc4b6
486,019ce2ef-5ce1-7240-8929-668be36c0d49,Crypt Incursion,DGM,Dragon's Maze,1,foil,,23.0,
487,019ce2ef-9cf9-725a-8ba1-17d9562c3df3,Crypt Lurker,M21,Core Set 2021,2,regular,,93.0,c0bba170-5176-4fab-a10d-e23d70128875
488,019ce2ef-91fb-7bb3-bba9-5a7b742891c9,Crypt Rats,MH1,Modern Horizons,3,regular,,84.0,
489,019ce2ef-3431-7805-a547-0286b77d0124,Crypt Rats,VI,Visions,2,regular,,,736455f6-c1b3-4a5a-a91f-a0cd3986ed53
490,019ce2ef-7560-7fb3-bf5e-15c98e82e9d0,Cryptbreaker,EMN,Eldritch Moon,4,regular,,86.0,
491,019ce2ef-92c1-7f2d-bdf9-0e21fda9764d,Cryptic Caves,M20,Core Set 2020,4,regular,,244.0,
492,019ce2ef-7060-7ae3-8c11-6984c0c4ce83,Crystal Chimes,C15,Commander 2015,1,regular,,250.0,
493,019ce2ef-eeee-76d7-96da-4f685237793d,Crystal Grotto,WOE,Wilds of Eldraine,2,regular,,254.0,6f6f9d3d-600d-43f3-a915-612e5d53aaa1
494,019ce2ef-ef78-7d16-b6c0-a7c622fdf5ff,Crystal Grotto,WOE,Wilds of Eldraine,1,foil,,254.0,6f6f9d3d-600d-43f3-a915-612e5d53aaa1
495,019ce2ef-9a7a-710f-89cb-dbad53790797,Crystalline Giant,IKO,Ikoria: Lair of Behemoths,1,regular,,234.0,1146c418-2176-466e-8a06-f2ef6bf2b1a9
496,019ce2ef-b07c-78a5-a28c-41e00f2073d0,Cunning Rhetoric,C21,Commander 2021,1,regular,,38.0,356d9d36-cf03-41f2-abfa-eb45176ce18d
497,019ce2ef-40da-7759-bacb-d268b484395f,Cuombajj Witches,CHR,Chronicles,4,regular,,,
498,019ce2ef-a2af-782e-bfac-499b6bdcd7de,Cuombajj Witches,CMR,Commander Legends,4,regular,,116.0,6a26e910-275a-4981-831b-bfed936a7e3f
499,019ce2f0-0c41-7a0c-805b-d7c2ab7399fa,Curious Forager,BLB,Bloomburrow,1,regular,,169.0,64653b4a-e139-45f9-a915-ab49afb6b795
500,019ce2ef-b07d-7a58-bfd6-0450d31f5b97,Curse of Disturbance,C21,Commander 2021,1,regular,,138.0,80d42b98-62d2-4ca6-8478-36222d709048
501,019ce2ef-9406-7d99-92ee-5ebdff7cf47b,Curse of Fool's Wisdom,C19,Commander 2019,1,regular,,16.0,9b77ded4-a8af-4065-8c4a-fd76e7cdcc59
502,019ce2ef-7b4b-76bf-92db-06528fefbddc,Cursed Minotaur,AKH,Amonkhet,4,regular,,85.0,
503,019ce2ef-5f06-732f-9da1-0d800e3e26cb,Custodi Squire,CNS,Magic: The Gathering—Conspiracy,4,regular,,18.0,
504,019ce2ef-7b4b-721c-b818-d954dcb74c69,Cut // Ribbons,AKH,Amonkhet,1,regular,,223.0,
505,019ce2ef-cd63-76cb-a4d8-c29e6921439b,Cut Down,DMU,Dominaria United,1,regular,,89.0,753db072-5d6a-4f37-8f7d-255572ecd3bd
506,019ce2ef-e548-761c-bfa1-315ae458d436,Cut Short,MOM,March of the Machine,1,regular,,10.0,b0a45d4d-d16a-43c6-843c-916d4629aae1
507,019ce2f0-0cff-7efb-8c10-14ea8e9ce4b6,Daggerfang Duo,BLB,Bloomburrow,1,regular,,89.0,cea2bb34-e328-44fb-918a-72208c9457e4
508,019ce2ef-9329-7e32-9f8e-0deebbf73c27,Daggersail Aeronaut,M20,Core Set 2020,2,regular,,133.0,
509,019ce2f0-1df9-7c24-8d3e-1c85acc892aa,Dalkovan Packbeasts,TDM,Tarkir: Dragonstorm,1,regular,,7.0,4df7b253-6107-47d6-b650-cb4d3e0aec6b
510,019ce2ef-c460-7bd8-8651-cd8c89e0f46c,Dapper Shieldmate,SNC,Streets of New Capenna,1,regular,,9.0,d6ce9c33-4ab3-43c9-b6bc-ee2d40d8f9b6
511,019ce2ef-863d-7578-b65d-a9e3deb7b7f7,Daring Archaeologist,DOM,Dominaria,1,regular,,13.0,
512,019ce2ef-8154-760e-aca0-9faac613b79b,Dark Nourishment,XLN,Ixalan,2,regular,,97.0,
513,019ce2ef-9329-7f66-9721-3371e4b6841d,Dark Remedy,M20,Core Set 2020,4,regular,,321.0,
514,019ce2ef-ee7e-7786-ae6c-738ad9fa19bc,Dark Tutelage,WOT,Enchanting Tales,1,regular,,28.0,a2b11a54-b38c-4e22-8b6d-dfc6c037db0e
515,019ce2ef-8a47-70cf-b0ab-cab1b116285e,Dark-Dweller Oracle,M19,Core Set 2019,3,regular,,134.0,
516,019ce2ef-b5ef-72d5-aaea-09ce22e0452d,Darkmoss Bridge,MH2,Modern Horizons 2,1,regular,,245.0,f11f0be9-b9f7-45d2-9499-c5d849d7289f
517,019ce2ef-b6c3-74f8-a68d-00ca49a5af77,Darkmoss Bridge,MH2,Modern Horizons 2,1,foil,,245.0,f11f0be9-b9f7-45d2-9499-c5d849d7289f
518,019ce2f0-1303-7c9f-9710-7fbd4c7a454f,Darksteel Colossus,FDN,Foundations,1,regular,,671.0,
519,019ce2ef-7eea-720b-bcb0-03873f421028,Dauntless Aven,HOU,Hour of Devastation,4,regular,,7.0,
520,019ce2ef-8581-7fc2-b719-538c5807973f,Dauntless Bodyguard,DOM,Dominaria,4,regular,,14.0,
521,019ce2ef-b659-7725-8efa-a9c91e014b4e,Dauthi Voidwalker,MH2,Modern Horizons 2,2,regular,,81.0,dce5db87-4a78-4b8d-b5c2-918ccd1ba4e3
522,019ce2ef-9066-786a-bc23-d9639786ccc0,"Davriel, Rogue Shadowmage",WAR,War of the Spark,3,regular,,83.0,5b1a44f0-1db8-406a-b7d9-f883f947f7bd
523,019ce2ef-36c5-7afd-9f81-8e5862a81601,Dawn Charm,PLC,Planar Chaos,2,regular,,4.0,
524,019ce2ef-9674-7e55-8eb5-6a77ceaf9208,Dawn Evangel,THB,Theros: Beyond Death,2,regular,,8.0,f7e152ae-43ec-4b9d-a43f-786c2f6c7366
525,019ce2ef-8cb4-78ed-af5c-7bdc797dc878,Dawn of Hope,GRN,Guilds of Ravnica,1,regular,,8.0,
526,019ce2ef-705f-73ee-b5b1-9d989038d233,Dawn to Dusk,C15,Commander 2015,1,regular,,66.0,
527,019ce2ef-b869-7d42-a458-c114eefe61b0,Dawnbringer Cleric,AFR,Adventures in the Forgotten Realms,4,regular,,9.0,c00856f7-fef5-4ba5-9079-59a81d452c82
528,019ce2ef-705f-78cb-b30e-949b63bbecee,Dawnglare Invoker,C15,Commander 2015,1,regular,,67.0,
529,019ce2ef-bb41-7e3d-91f9-9793d15a8b5f,Dawnhart Rejuvenator,MID,Innistrad: Midnight Hunt,1,regular,showcase,301.0,19b0e267-c361-4224-9b7a-2a3d1c5ac8b4
530,019ce2ef-9329-7e6d-94cf-1db14367827c,Dawning Angel,M20,Core Set 2020,8,regular,,11.0,
531,,daxo's torment,C15,Commander 2015,1,,,,
532,019ce2ef-6ffb-7a2a-bdd4-b48a0f2d7fda,Daxos the Returned,C15,Commander 2015,1,regular,,43.0,
533,019ce2ef-705f-7ee7-8c31-61558b0d5d28,Daxos's Torment,C15,Commander 2015,1,regular,,18.0,
534,019ce2ef-8910-7db3-b537-2a44c15b713e,Daybreak Chaplain,M19,Core Set 2019,6,regular,,10.0,
535,019ce2ef-9329-7843-ba18-904c0b670995,Daybreak Chaplain,M20,Core Set 2020,6,regular,,12.0,
536,019ce2f0-15c5-7dc3-9e0d-5c1b031895fd,Dazzling Angel,FDN,Foundations,5,regular,,9.0,027dc444-e544-4693-8653-3dcdda530162
537,019ce2ef-8376-7c8d-a0b5-af1edc852381,Dead Man's Chest,RIX,Rivals of Ixalan,1,regular,,66.0,a76ac1d9-b0df-4dec-b133-057cc5902071
538,019ce2ef-91fb-70ac-b2b1-df8374b00117,Dead of Winter,MH1,Modern Horizons,1,regular,,85.0,
539,019ce2ef-8f8c-706e-889f-c600ed55ec0b,Dead Revels,RNA,Ravnica Allegiance,4,regular,,71.0,
540,019ce2ef-9b37-7805-84c9-37a8fa69b301,Dead Weight,IKO,Ikoria: Lair of Behemoths,3,regular,,83.0,ecf18476-f67b-46e6-905c-e6808981c58a
541,019ce2ef-8024-7013-bd07-25070c2cfebd,Deadeye Tormentor,XLN,Ixalan,4,regular,,98.0,
542,019ce2ef-8154-7a18-867c-29c0345f43cb,Deadeye Tracker,XLN,Ixalan,1,foil,,99.0,
543,019ce2f0-14f5-7b61-9617-e729e6e481f6,Deadly Brew,FDN,Foundations,1,regular,,654.0,
544,019ce2ef-b8d1-773a-a328-3aea8546d51f,Deadly Dispute,AFR,Adventures in the Forgotten Realms,4,regular,,94.0,7373fe95-ad1c-44b9-8c7f-464ce8cbffc6
545,019ce2ef-6ffb-757e-a835-55244c204011,Deadly Tempest,C15,Commander 2015,1,regular,,19.0,
546,019ce2ef-8c52-76c7-9f2b-8f0d899863c1,Deafening Clarion,GRN,Guilds of Ravnica,2,regular,,165.0,
547,019ce2ef-9ad9-7d6d-bc4e-08a7ed7f8519,Dearly Departed,C20,Commander 2020,1,regular,,84.0,
548,019ce2ef-bbb3-7eb0-9d66-f47d0c20698d,Dearly Departed,MIC,Innistrad: Midnight Hunt Commander,1,regular,,84.0,27c38500-1eb5-4ea5-8dcd-53bf4e1ee09c
549,019ce2ef-8a47-761f-97e6-b69fb6be615d,Death Baron,M19,Core Set 2019,2,regular,,90.0,
550,019ce2ef-6ffb-7aa4-8845-25fe2b81a9d1,Death Grasp,C15,Commander 2015,1,regular,,215.0,
551,019ce2ef-9a7a-719e-9a1b-59ce714aae86,Death's Oasis,IKO,Ikoria: Lair of Behemoths,2,regular,,182.0,112e2cca-bae7-4296-9514-e6058f4b38a5
552,019ce2ef-e741-7d4d-a478-007e7fba40bd,Death-Rattle Oni,MAT,March of the Machine: The Aftermath,1,regular,showcase,63.0,791fe078-cc60-493b-9b61-37894e1eddd3
553,019ce2ef-e740-7ba5-b578-dd65e286b893,Death-Rattle Oni,MAT,March of the Machine: The Aftermath,2,regular,,13.0,d5e0b5cf-39e8-454f-a942-f7865416ef81
554,019ce2ef-b07d-7e41-b004-825ac975f566,Deathbringer Liege,C21,Commander 2021,1,regular,,214.0,371f5fdf-b436-4a4b-a181-68b08c9f2ea6
555,019ce2ef-b07d-7e8d-899a-03c87b3a3e05,Deathbringer Regent,C21,Commander 2021,1,regular,,141.0,3a379508-90e5-48a3-a6e9-fe4fa638edbc
556,019ce2ef-8024-7317-a6e2-f551d5cf47bd,Deathless Ancient,XLN,Ixalan,3,regular,,100.0,
557,019ce2ef-90c3-7cd2-a82c-1e849db0ed3f,Deathsprout,WAR,War of the Spark,3,regular,,189.0,6d615557-aea8-4057-9fbd-d62dd98edc13
558,019ce2ef-c1f2-739e-8ba7-8384e054e3fe,Debt to the Kami,NEO,Kamigawa: Neon Dynasty,4,regular,,92.0,c1a7e728-ba01-4e3d-b269-9e2dd85a1d1b
559,019ce2ef-b07d-7640-90ed-e6faa8af06bd,Debtors' Knell,C21,Commander 2021,1,regular,,215.0,c9618200-f4ea-4572-9f17-9db8b785982e
560,019ce2ef-8f8c-7a96-8bdf-e0c5ef096424,Debtors' Transport,RNA,Ravnica Allegiance,8,regular,,72.0,
561,019ce2f0-0937-7f9c-ac8b-43f394ec47d5,Deceptive Landscape,MH3,Modern Horizons 3,1,regular,,219.0,2ae6828e-ff19-45db-8b59-61616353491f
562,019ce2ef-7bb2-791b-9a6c-ff39c38422f6,Decimator Beetle,AKH,Amonkhet,1,regular,,197.0,
563,019ce2ef-badb-7700-a50d-ad85d18d1f54,Defenestrate,MID,Innistrad: Midnight Hunt,1,regular,,95.0,df3abdcc-83a8-45c3-9bfd-23f929705018
564,019ce2ef-91fc-7214-a159-1ad7fdac9b28,Defile,MH1,Modern Horizons,6,regular,,86.0,
565,019ce2ef-90c3-75da-8e96-0c94f126756d,Deliver Unto Evil,WAR,War of the Spark,2,regular,,85.0,67aa7104-7acc-4827-b763-ac053c99baab
566,019ce2f0-1f30-7cbc-bbc6-6a6aeb72a60f,Delta Bloodflies,TDM,Tarkir: Dragonstorm,1,regular,,77.0,119bb72d-aed9-47dc-9285-7bc836cc3776
567,019ce2ef-8ab0-7eef-af7f-f3146a569d0b,Demanding Dragon,M19,Core Set 2019,1,regular,,135.0,
568,019ce2ef-8a47-70ad-a29a-e8348a468541,Demon of Catastrophes,M19,Core Set 2019,1,regular,,91.0,
569,019ce2ef-b1b3-7832-abd2-d0aa92afdee4,Demon of Loathing,THB,Theros: Beyond Death,3,regular,,292.0,57564f6f-7c99-4325-8a0e-22342e73767b
570,019ce2ef-ec0d-7a8f-9782-5beabf6f8463,Demon's Disciple,CMM,Commander Masters,1,regular,,149.0,cc7f2ce1-b442-4051-b1fe-90efde9bc181
571,019ce2ef-ec6f-74f8-a7b7-acf41977980d,Demon's Disciple,CMM,Commander Masters,1,foil,,149.0,cc7f2ce1-b442-4051-b1fe-90efde9bc181
572,019ce2ef-a0a9-7d2d-9ca3-2048a9fdcdef,Demon's Disciple,ZNR,Zendikar Rising,1,regular,,97.0,836f5197-e42b-45e0-8170-1b0a8a5beebd
573,019ce2ef-c461-71c5-b88a-7b51de36c4b2,Demon's Due,SNC,Streets of New Capenna,1,regular,,75.0,2e59fb98-c887-42f1-a620-9e6b40b94cb5
574,019ce2ef-9066-7673-936a-528efafdf1f6,Demonfire,GK2,Ravnica Allegiance Guild Kits,1,regular,,56.0,
575,019ce2ef-9c8c-7b65-b495-ca6cf8fff150,Demonic Embrace,M21,Core Set 2021,3,regular,,95.0,56149192-ddc1-45a4-b7aa-be311da5fe8e
576,019ce2ef-8581-7025-a52c-9b8c50a2a342,Demonlord Belzenlok,DOM,Dominaria,1,regular,,86.0,
577,019ce2ef-8cb4-73cd-a6d5-847c08293989,Demotion,GRN,Guilds of Ravnica,3,regular,,9.0,
578,019ce2ef-b869-7aa5-847a-eee1ce262951,Den of the Bugbear,AFR,Adventures in the Forgotten Realms,2,regular,,254.0,f231caf8-56c0-4719-a90d-5e5efbee3148
579,019ce2ef-7560-7953-8c65-8529c359ab42,Deploy the Gatewatch,EMN,Eldritch Moon,1,regular,,20.0,
580,019ce2ef-8a46-7f95-bec6-7bb940fbc42c,Desecrated Tomb,M19,Core Set 2019,2,regular,,230.0,
581,019ce2ef-7ee8-7344-98ef-dd5cb497a79a,Desert of the Glorified,HOU,Hour of Devastation,4,regular,,171.0,
582,019ce2ef-7ee8-7ed1-8b25-f2e4d0541f81,Desert of the True,HOU,Hour of Devastation,4,regular,,174.0,
583,019ce2ef-7ee8-79a5-b4e5-cea31347fa38,Desert's Hold,HOU,Hour of Devastation,2,regular,,8.0,
584,019ce2ef-9407-7ea2-a1b8-63876cb626ff,Desolation Twin,C19,Commander 2019,2,regular,,60.0,ced8fc21-221d-40b6-a1e0-175f03b248db
585,019ce2ef-8154-7e87-a5ff-f6121e563e6a,Desperate Castaways,XLN,Ixalan,4,regular,,101.0,
586,019ce2ef-69e1-769a-a702-4ccff0f46068,Despoiler of Souls,ORI,Magic Origins,2,regular,,93.0,
587,019ce2ef-7b4b-7f36-b4a3-3fb2aa772841,Destined // Lead,AKH,Amonkhet,1,regular,,217.0,
588,019ce2ef-ce2a-7256-8c55-837aee8036d0,Destroy Evil,DMU,Dominaria United,6,regular,,17.0,4f7862ef-2c8d-4d28-9e50-7cc41861f245
589,019ce2ef-8b14-73d0-80fc-95db11297c27,Detection Tower,M19,Core Set 2019,2,regular,,249.0,
590,019ce2ef-72da-7f7b-acc7-199993748f55,Devils' Playground,SOI,Shadows over Innistrad,2,regular,,151.0,
591,019ce2ef-ee7e-7de0-aa0e-4663ef5020b3,Devouring Sugarmaw,WOE,Wilds of Eldraine,1,regular,,224.0,58c7f52e-a97d-4475-ae00-3149991e723e
592,019ce2ef-9ad9-760a-b9bf-0ac81b47397c,Devout Chaplain,C20,Commander 2020,1,regular,,87.0,
593,019ce2ef-91f9-7ca4-996f-eef7cdd01690,Diabolic Edict,MH1,Modern Horizons,3,regular,,87.0,
594,019ce2ef-705f-7af2-937f-b319023e5396,Dictate of Heliod,C15,Commander 2015,1,regular,,68.0,
595,019ce2ef-c3f8-7b5b-9a6c-368b4ae277ea,Dig Up the Body,SNC,Streets of New Capenna,1,regular,,76.0,902abe4d-5c19-4c96-b825-e6cd4d954a84
596,019ce2ef-e4ce-7af3-9b7e-a957cad4fd41,"Dina, Soul Steeper",MUL,Multiverse Legends,1,regular,,37.0,8d07b9f4-7a92-41ee-bdd8-2c8dbe247ac5
597,019ce2ef-afaf-7b94-b242-ee259c85bb02,"Dina, Soul Steeper",STX,Strixhaven: School of Mages,1,regular,,178.0,9cd2b567-0cf7-4441-b3ce-e31141dd91c8
598,019ce2ef-83d8-79ac-9ba3-789748e27ac1,Dinosaur Hunter,RIX,Rivals of Ixalan,4,regular,,67.0,93ff5a4e-9ec5-4b52-90f5-b8b6753c958d
599,019ce2ef-8024-7c08-bf3d-9b8d654402dc,Dire Fleet Captain,XLN,Ixalan,6,regular,,221.0,
600,019ce2ef-8376-7708-beef-778671fe64b6,Dire Fleet Daredevil,RIX,Rivals of Ixalan,2,regular,,99.0,13e3c0c5-7451-4da9-acc0-d6e4e1f2655e
601,019ce2ef-8154-7cdb-aaf3-bd43ee8b77a5,Dire Fleet Hoarder,XLN,Ixalan,3,regular,,102.0,
602,019ce2ef-8154-714f-a04e-efa97f982ca0,Dire Fleet Interloper,XLN,Ixalan,4,regular,,103.0,
603,019ce2ef-8154-7508-a455-9d49568957b3,Dire Fleet Interloper,XLN,Ixalan,1,foil,,103.0,
604,019ce2ef-c799-77ae-a0f7-40eccaa5761f,Dire Mimic,CLB,Commander Legends: Battle for Baldur's Gate,3,regular,,310.0,6e29bae1-0643-4781-9edc-50a8e6d1a3a1
605,019ce2ef-9a7a-771f-a424-b1d565e9bf01,Dire Tactics,IKO,Ikoria: Lair of Behemoths,5,regular,,183.0,e0e3974e-3753-4f25-8930-6d96b40332ce
606,019ce2ef-8a46-7554-b9cf-6cdb295ee88c,Diregraf Ghoul,M19,Core Set 2019,4,regular,,92.0,
607,019ce2ef-ae77-71b3-bc48-ec24875e60e9,Dirge Bat,IKO,Ikoria: Lair of Behemoths,1,regular,showcase,289.0,bef6998d-bda7-4847-b3d6-30e1596bf730
608,019ce2ef-9a7a-7b97-8aa4-7d28826bccb2,Dirge Bat,IKO,Ikoria: Lair of Behemoths,1,regular,,84.0,59677c76-8148-4b6f-95b0-0e3ccf137a3f
609,019ce2ef-ee7e-75d5-9eb9-2b29d12dada1,Discerning Financier,WOE,Wilds of Eldraine,2,regular,,10.0,584774b5-640f-45e0-810b-f5faf119645b
610,019ce2ef-9ada-7227-8394-4343721c5551,Disciple of Bolas,C20,Commander 2020,1,regular,,132.0,
611,019ce2ef-3934-7a6e-842f-8ed76239c77e,Disciple of Phenax,THS,Theros,2,regular,,84.0,
612,019ce2ef-b65a-7a7f-af2c-54a8f63670b4,Disciple of the Sun,MH2,Modern Horizons 2,3,regular,,11.0,ad9723a1-7c5f-49ea-a8c6-24ee572d839f
613,019ce2ef-9674-7116-8411-2f7ed70612b4,Discordant Piper,THB,Theros: Beyond Death,7,regular,,88.0,a8cce294-f6ee-4b18-8b65-7d01d0317b00
614,019ce2ef-96ef-7d9f-901b-503acc49323f,Discordant Piper,THB,Theros: Beyond Death,1,foil,,88.0,a8cce294-f6ee-4b18-8b65-7d01d0317b00
615,019ce2ef-a0aa-7073-b14b-fbe2515fbe33,Disenchant,ZNR,Zendikar Rising,2,regular,,10.0,5c37ba56-e22c-4b10-821a-2827c5cd81ad
616,019ce2ef-932a-7562-9ce0-94cc930cbdd4,Disentomb,M20,Core Set 2020,3,regular,,322.0,
617,019ce2ef-93a1-7750-8b58-ed5e8eba8c18,Disentomb,M20,Core Set 2020,1,foil,,322.0,
618,019ce2ef-92c1-77d7-9f69-b86d60314b76,Disfigure,M20,Core Set 2020,3,regular,,95.0,
619,019ce2ef-2b71-7388-a22c-53c7be952ce8,Dismember,NPH,New Phyrexia,1,regular,,57.0,
620,019ce2ef-8ab0-7ea1-9988-b07447a3906d,Dismissive Pyromancer,M19,Core Set 2019,2,regular,,136.0,
621,019ce2ef-8b8e-7382-8314-e3f7704df8c3,Dismissive Pyromancer,M19,Core Set 2019,1,foil,,136.0,
622,019ce2ef-7eea-712d-876c-83a1ef977515,Disposal Mummy,HOU,Hour of Devastation,4,regular,,9.0,
623,019ce2ef-7bb2-7984-b29e-529dc2f3edac,Dispossess,AKH,Amonkhet,1,regular,,86.0,
624,019ce2f0-0996-77b4-9a1a-937c8392bb96,Distinguished Conjurer,MH3,Modern Horizons 3,1,regular,,264.0,5ed5bc3d-4056-40b0-a47a-2841692614b3
625,019ce2ef-33d0-78e8-a50c-56ff27abb027,Distress,10E,Tenth Edition,4,regular,,136.0,
626,019ce2ef-863d-702c-a7e1-e2e8e7113370,Divest,DOM,Dominaria,4,regular,,87.0,
627,019ce2ef-8a46-715c-bb51-9c97bc3a4c4d,Divination,M19,Core Set 2019,4,regular,,51.0,
628,019ce2f0-1496-7ed1-a06d-8a91f2cab9cc,Divine Resilience,FDN,Foundations,3,regular,,10.0,f3a08245-a535-4d24-b8c0-78759bb9c4b0
629,019ce2ef-7eea-743b-8de1-a2302117ccb7,Djeru's Renunciation,HOU,Hour of Devastation,4,regular,,11.0,
630,019ce2ef-7b4b-782d-a673-71b7cc3b83c1,Djeru's Resolve,AKH,Amonkhet,4,regular,,11.0,
631,019ce2ef-c192-7af6-bf25-934fad106590,Dockside Chef,NEO,Kamigawa: Neon Dynasty,3,regular,,93.0,d80100c3-c81e-4084-8dfe-f8610637fd91
632,019ce2ef-c112-7f50-b85a-5e936de2ca86,Dokuchi Shadow-Walker,NEO,Kamigawa: Neon Dynasty,1,regular,showcase,339.0,6d35bcc7-2280-4061-9a6c-e67038cfb114
633,019ce2ef-c112-7026-b628-7c77972f1794,Dokuchi Shadow-Walker,NEO,Kamigawa: Neon Dynasty,2,regular,,94.0,81496a81-c986-4749-a28c-45341764e28f
634,019ce2ef-c192-70eb-93c7-8584cedde578,Dokuchi Silencer,NEO,Kamigawa: Neon Dynasty,1,regular,,95.0,a24d5664-e214-466d-bb53-4e8f6f75a009
635,019ce2ef-bd4a-762d-b111-d40446d2147c,Dominating Vampire,VOW,Innistrad: Crimson Vow,2,regular,,154.0,4b11d234-c6e4-45b2-a3c2-dcacc77cc084
636,019ce2ef-2a1f-78f4-b531-e5b1b4988de2,Doom Blade,M11,Magic 2011,4,regular,,95.0,
637,019ce2ef-8cb4-7748-bfa9-985517e608f2,Doom Whisperer,GRN,Guilds of Ravnica,1,regular,,69.0,
638,019ce2ef-9406-7e1e-8074-4d4835d9b1c6,Doomed Artisan,C19,Commander 2019,1,regular,,3.0,ded9c409-7131-4b3f-a6b9-25fa32c5ec2c
639,019ce2ef-7bb1-7de6-afba-1c2863706924,Doomed Dissenter,AKH,Amonkhet,4,regular,,87.0,
640,019ce2ef-8b14-73ac-b5db-d064e5199cc9,Doomed Dissenter,M19,Core Set 2019,4,regular,,93.0,
641,019ce2ef-9465-7171-afcb-3c1cca5b19d6,Doomed Necromancer,C19,Commander 2019,1,regular,,111.0,a9d10079-3772-4838-b1ec-088d5e601ebe
642,019ce2ef-a2ae-7eae-8910-e0d006e0fce7,Doomed Traveler,CMR,Commander Legends,4,regular,,19.0,5a4573af-feba-4c9d-b24b-3d15888a5ce2
643,019ce2ef-7ee9-7d16-92d9-c28e3bebde83,Doomfall,HOU,Hour of Devastation,2,regular,,62.0,
644,019ce2ef-a93a-7d0f-a637-b2014e6db741,Doomskar Oracle,KHM,Kaldheim,3,regular,,10.0,6dae01c8-15bb-44ad-a2c6-9bcf7a9e8c17
645,019ce2ef-705f-7245-baf5-fd286ad8d945,Doomwake Giant,C15,Commander 2015,1,regular,,121.0,
646,019ce2ef-5e86-7ada-a779-4f05149a8856,Doomwake Giant,JOU,Journey into Nyx,1,regular,,66.0,
647,019ce2ef-5e88-7b61-bab8-d03dbc3570d2,Doomwake Giant,JOU,Journey into Nyx,1,foil,,66.0,
648,019ce2f0-136a-7c4d-8a45-1802b587ba68,Doubling Season,FDN,Foundations,2,regular,,216.0,f2c4f80e-84a0-463b-82c3-5c6503809351
649,019ce2ef-808d-7857-8db9-01951b6b2b20,Dowsing Dagger,XLN,Ixalan,1,regular,,235.0,
650,019ce2ef-9674-7790-8965-8450de953d9b,Drag to the Underworld,THB,Theros: Beyond Death,4,regular,,89.0,91852444-9361-4588-a44f-fb90ba1b30e5
651,019ce2ef-8ab0-738b-b187-82989a4b16e8,Dragon's Hoard,M19,Core Set 2019,1,regular,,232.0,
652,019ce2f0-1e61-7665-9d77-ee9606e2bb56,Dragon's Prey,TDM,Tarkir: Dragonstorm,1,regular,,79.0,7a6004ff-4180-4332-8b51-960f8c7521d9
653,019ce2ef-9406-76b4-a5cf-2da5ffcb2fad,Dragonmaster Outcast,C19,Commander 2019,3,regular,,139.0,c1479b6e-b1a2-4089-8ab5-56a6864dbbc0
654,019ce2ef-8024-7077-9cc9-4fe19138cdd5,Dragonskull Summit,XLN,Ixalan,2,regular,,252.0,
655,019ce2ef-3e5c-71fb-bb22-5a76e921d554,Drain Life,3ED,Revised Edition,1,regular,,,
656,019ce2ef-31b5-79fd-9170-ed69b3867f5a,Drain Life,MI,Mirage,3,regular,,,
657,019ce2ef-9d7a-7c08-8cef-f6df315f385e,Drainpipe Vermin,JMP,Jumpstart,1,regular,,224.0,761f2f66-a43b-422e-94b7-3c068314b7ec
658,019ce2ef-713b-7638-bcf1-d87c4428ee71,Drana's Chosen,OGW,Oath of the Gatewatch,2,regular,,84.0,
659,019ce2ef-6f19-7ea4-962b-73f7cab81e30,Drana's Emissary,BFZ,Battle for Zendikar,1,regular,,210.0,
660,019ce2ef-9b37-7a9f-8f48-d3bf44974222,Drannith Healer,IKO,Ikoria: Lair of Behemoths,4,regular,,10.0,ff5a821c-eaec-4f69-97c7-8299cdebc2f4
661,019ce2ef-9a7a-7b1c-b15d-2fa978dd1094,Drannith Magistrate,IKO,Ikoria: Lair of Behemoths,2,regular,,11.0,98b0a4a8-9319-451b-9b79-b0bca7a41e91
662,019ce2ef-a99b-7018-aa71-d823cc57b04f,Draugr Recruiter,KHM,Kaldheim,1,regular,,87.0,6b0fe66b-0067-4e5c-9b3a-b014b2f0daf2
663,019ce2ef-713a-73b7-b13b-186d86f4f22b,Dread Defiler,OGW,Oath of the Gatewatch,1,regular,,68.0,
664,019ce2ef-7205-7964-a0e7-71df4848eb78,Dread Defiler,PRM-MSC,Unique and Miscellaneous Promos,1,foil,,68.0,
665,019ce2ef-92c1-7143-bf81-1bd143e15df9,Dread Presence,M20,Core Set 2020,4,regular,,96.0,
666,019ce2ef-ec0d-79dd-a853-ff405cdacc4c,Dread Return,CMM,Commander Masters,2,regular,,153.0,34a87901-98bb-41dd-b566-bcb510c20022
667,019ce2ef-863d-7a11-af23-ecd7f910c1ba,Dread Shade,DOM,Dominaria,1,regular,,88.0,
668,019ce2ef-7bb2-7127-908b-f2ab10e6f150,Dread Wanderer,AKH,Amonkhet,4,regular,,88.0,
669,019ce2ef-9066-7909-926c-8320349dbc40,Dreadbore,GK2,Ravnica Allegiance Guild Kits,1,regular,,63.0,
670,019ce2ef-705f-71cb-8f9b-bcc3b46314a6,Dreadbringer Lampads,C15,Commander 2015,1,regular,,122.0,
671,019ce2ef-9066-71ef-9c44-9a8b91630f22,Dreadhorde Invasion,WAR,War of the Spark,1,regular,,86.0,04c6e42d-991d-4e6b-a900-38480931f79e
672,019ce2ef-90c4-702a-820c-df920e5b0a20,Dreadmalkin,WAR,War of the Spark,4,regular,,87.0,7327cfac-a4a4-445e-9d04-51c1ca142140
673,019ce2ef-d8a2-7743-a5bb-3ed5791e574e,Dreams of Steel and Oil,BRO,The Brothers' War,1,regular,,92.0,261ac92e-c61a-4c11-aa6a-9ae1cb703e5c
674,019ce2ef-e548-780f-9c0e-6553aa90fd75,Dreg Recycler,MOM,March of the Machine,1,regular,,100.0,4ef82b33-82ba-4521-846b-e651764ef46d
675,019ce2ef-8f27-7f13-8357-2f7b3f47a6d2,Drill Bit,RNA,Ravnica Allegiance,3,regular,,73.0,
676,019ce2ef-7266-749b-90ff-799b99d83273,Drogskol Cavalry,SOI,Shadows over Innistrad,1,regular,,15.0,
677,019ce2ef-8d8f-7ef8-9066-6e8aaa9fd77e,Drown in Filth,GK1,Guilds of Ravnica Guild Kits,1,regular,,60.0,
678,019ce2ef-e189-71a3-b334-57df4b1aa1e9,Drown in Ichor,ONE,Phyrexia: All Will Be One,1,regular,,91.0,bf148ef4-0ed7-4fbe-8ab6-01dd3981c8d3
679,019ce2ef-ec0d-7509-92df-674550e110d4,Drown in Sorrow,CMM,Commander Masters,2,regular,,154.0,4512357b-0d08-4996-9301-5853eae1ea64
680,019ce2ef-ecd8-71ba-bbb3-b685ff86e8a8,Drown in Sorrow,CMM,Commander Masters,1,foil,,154.0,4512357b-0d08-4996-9301-5853eae1ea64
681,019ce2ef-9465-7ebf-8676-3445365167c3,Drownyard Temple,C19,Commander 2019,1,regular,,240.0,c230b8c6-c3d7-41a8-8e8e-949195696d84
682,019ce2f0-1622-7e84-a4e2-1f389a46ddb1,Druid of the Cowl,FDN,Foundations,1,regular,,554.0,db2d0ee9-865c-4fc9-8cb6-540c597e1bf4
683,019ce2ef-8a47-7ed5-ade8-f92f35f9e9f6,Druid of the Cowl,M19,Core Set 2019,2,regular,,177.0,
684,019ce2f0-0ca1-78db-b4bc-1c8cd2cee7af,Druid of the Spade,BLB,Bloomburrow,4,regular,,170.0,6b485cf7-bad0-4824-9ba7-cb112ce4769f
685,019ce2f0-14f5-7033-b7c6-5948c2ef84d0,Dryad Militant,FDN,Foundations,1,regular,,656.0,
686,019ce2ef-b07d-71e9-a302-c4295ab8a999,Duelist's Heritage,C21,Commander 2021,1,regular,,90.0,dc75cd5d-70e1-4507-b767-feb503d0a10f
687,019ce2ef-7b4b-7286-9bb3-61cfb17f5d7b,Dune Beetle,AKH,Amonkhet,3,regular,,89.0,
688,019ce2ef-7f4c-7c1d-a7be-07900e66e957,Dunes of the Dead,HOU,Hour of Devastation,1,regular,,175.0,
689,019ce2ef-e7a1-7680-b072-8b0023773737,Dunland Crebain,LTR,The Lord of the Rings: Tales of Middle-Earth,4,regular,borderless,411.0,f1b90963-2a4c-4e0a-9d00-5d3df258c880
690,019ce2ef-e7a1-7abc-a77c-5255a3b3200b,Dunland Crebain,LTR,The Lord of the Rings: Tales of Middle-Earth,1,regular,,82.0,695c05ab-e46e-46c7-bd2e-ef0b2307e449
691,019ce2ef-aed4-76e5-9d8a-27424d24a98a,Duress,STA,Strixhaven: Mystical Archive,1,regular,japanese,92.0,
692,019ce2ef-cfc3-76e5-a746-7aa3537a1aab,Duress,SLD,Secret Lair,1,regular,secret lair x arcane,479.0,948bd881-f926-413f-99cf-013b5761c851
693,019ce2ef-669f-71a9-bcc7-38ebfa39ca90,Duress,DTK,Dragons of Tarkir,1,regular,,98.0,
694,019ce2ef-8b14-71cb-978c-34f79e822602,Duress,M19,Core Set 2019,5,regular,,94.0,
695,019ce2ef-9329-79a2-8c03-818b5e435e62,Duress,M20,Core Set 2020,6,regular,,97.0,
696,019ce2ef-9c8d-7399-a9d9-2c6836ef59a4,Duress,M21,Core Set 2021,6,regular,,96.0,49c07ea0-27ff-46fb-a41f-3e378c977b5d
697,019ce2ef-bbb2-770f-8276-28e9779055f1,Duress,MID,Innistrad: Midnight Hunt,3,regular,,98.0,c0a72721-2a4a-4d48-a7b0-2370b90b8619
698,019ce2ef-e189-719f-bc49-2f07b634cffd,Duress,ONE,Phyrexia: All Will Be One,1,regular,,92.0,3557e601-9b71-4ce9-9047-1a8baa72e574
699,019ce2ef-aed4-7a7a-a89b-740d89994623,Duress,STA,Strixhaven: Mystical Archive,1,regular,,29.0,
700,019ce2ef-808c-7c96-ba2d-1dfa9195c862,Duress,XLN,Ixalan,4,regular,,105.0,
701,019ce2ef-8376-711c-9737-f430d853ac06,Dusk Legion Zealot,RIX,Rivals of Ixalan,8,regular,,70.0,3190cea3-fbea-464f-999b-4b4473be745e
702,019ce2ef-808c-7101-a73e-536c9c702ccc,Duskborne Skymarcher,XLN,Ixalan,5,regular,,9.0,
703,019ce2ef-9bba-7808-820d-95793a6d1b65,Duskfang Mentor,IKO,Ikoria: Lair of Behemoths,7,regular,,86.0,fc38fe5d-6c35-4fff-8f1b-726a0685c6f8
704,019ce2ef-4143-7a7a-813a-a982e374220b,Dust to Dust,5ED,Fifth Edition,1,regular,,,
705,019ce2ef-3f46-73ac-8af0-c1610d71bef4,Dust to Dust,DRK,The Dark,3,regular,,,
706,019ce2ef-9cfa-7257-ac68-962b47cb6708,Dutiful Attendant,JMP,Jumpstart,2,regular,,226.0,f35fd9cd-795f-4a8b-b2e9-648f6273927e
707,019ce2ef-ee7e-7ee6-92f4-2178955d9fe3,Dutiful Griffin,WOE,Wilds of Eldraine,4,regular,,11.0,b8e40377-990f-41ea-8dd2-62a998dcd128
708,019ce2ef-7eea-79ff-ab4d-8015aaa488d2,Dutiful Servants,HOU,Hour of Devastation,4,regular,,12.0,
709,019ce2ef-8910-7483-a174-874f629c91fe,Dwarven Priest,M19,Core Set 2019,2,regular,,11.0,
710,019ce2f0-15c4-778e-b5ff-3175fb0971d0,Dwynen's Elite,FDN,Foundations,13,regular,,218.0,89d94c28-ea2e-4a3d-935f-6b2d9f2efc7a
711,019ce2f0-1552-7178-8d14-7dab2f985645,"Dwynen, Gilt-Leaf Daen",FDN,Foundations,1,regular,,217.0,01c00d7b-7fac-4f8c-a1ea-de2cf4d06627
712,019ce2f0-15c6-7552-ae48-88085390d1be,Eager Trufflesnout,FDN,Foundations,1,foil,,102.0,a6e8433d-eb2a-43d1-b59b-7d70ff97c8e7
713,019ce2ef-e8d7-7115-bf68-33c1016cd6b5,Eagles of the North,LTR,The Lord of the Rings: Tales of Middle-Earth,1,regular,,7.0,c1bd3bc0-77bd-40fe-b4f1-835a04cb6e41
714,019ce2ef-e99f-77bf-b316-55355c058593,Eagles of the North,LTR,The Lord of the Rings: Tales of Middle-Earth,1,foil,,7.0,c1bd3bc0-77bd-40fe-b4f1-835a04cb6e41
715,019ce2ef-7ee9-7bcc-953c-26453310c0d6,Earthshaker Khenra,HOU,Hour of Devastation,1,regular,,90.0,
716,019ce2ef-9b37-7ebf-ae28-ffcaeec270a7,Easy Prey,IKO,Ikoria: Lair of Behemoths,4,regular,,87.0,312fb6e4-1eb1-4fbb-b7a4-125829a6e96a
717,019ce2ef-9674-74ab-a89d-5173fa3b4d59,Eat to Extinction,THB,Theros: Beyond Death,2,regular,,90.0,a0fae55a-6edd-42ea-b909-ccc39a64a0ed
718,019ce2f0-1554-7f30-82f7-dc5cd622b1d0,Eaten Alive,FDN,Foundations,6,regular,,172.0,1c4f7b20-b2a8-498c-8c36-dc296863b0b9
719,019ce2ef-bb42-7ad7-905f-15bd0a3cbe57,Eaten Alive,MID,Innistrad: Midnight Hunt,2,regular,,99.0,e7975a3c-570a-4bff-a60d-d274f758b93f
720,019ce2ef-b659-7172-83fc-bd1564447daf,Echoing Return,MH2,Modern Horizons 2,3,regular,,83.0,39eb0e67-f989-4430-b2d6-b8b647f0b7ca
721,019ce2ef-b6c3-70c4-afec-26edc676084d,Echoing Return,MH2,Modern Horizons 2,1,foil,,83.0,39eb0e67-f989-4430-b2d6-b8b647f0b7ca
722,019ce2ef-ee1b-795a-b5c0-b51cc6ffda6c,Edgewall Inn,WOE,Wilds of Eldraine,4,regular,,255.0,ec435e54-628a-43bd-8804-cbc37e375bce
723,019ce2ef-ef78-7d51-b6bd-6d31af12e454,Edgewall Inn,WOE,Wilds of Eldraine,1,foil,,255.0,ec435e54-628a-43bd-8804-cbc37e375bce
724,019ce2ef-ee7e-76ec-be5e-1ab76763f17c,Eerie Interference,WOE,Wilds of Eldraine,2,regular,,12.0,42a74545-75c8-4a6b-bee1-ac5665d9bcf0
725,019ce2ef-9b37-7efc-bdb3-9ad73d3c1dcf,Eerie Ultimatum,IKO,Ikoria: Lair of Behemoths,2,regular,,184.0,3a9fb2db-228f-4d48-acdf-6330baf356c7
726,019ce2ef-ee7e-7523-89fe-89d293a94279,Ego Drain,WOE,Wilds of Eldraine,1,regular,,86.0,8faf36da-bbad-4d6e-a530-502d47a2dd23
727,019ce2ef-9674-78db-b48f-6421f86d24ea,Eidolon of Obstruction,THB,Theros: Beyond Death,1,regular,,12.0,2f48f802-df9d-45b2-afea-98699bcdf0d6
728,019ce2ef-713a-7c0e-82c1-38c8aa9603c3,Eldrazi Mimic,OGW,Oath of the Gatewatch,1,regular,,2.0,
729,019ce2f0-1554-7c5f-8ee9-bb3f966fc112,Elfsworn Giant,FDN,Foundations,6,regular,,103.0,5128a5be-ffa6-4998-8488-872d80b24cb2
730,019ce2ef-7779-76b4-b6bc-ed52b763d3ee,Eliminate the Competition,KLD,Kaladesh,2,regular,,78.0,
731,019ce2ef-9c8c-71b4-a9f8-e3933c298591,Eliminate,M21,Core Set 2021,2,regular,,97.0,f8eb4087-3a4c-4de8-8e29-f4cd71acb180
732,019ce2ef-b07d-7384-96a1-2e07d10b71cc,Elite Scaleguard,C21,Commander 2021,1,regular,,91.0,2f3498b6-c03f-40c3-9a75-8d196f494670
733,019ce2ef-aed6-78ff-a723-cbe368d1e67a,Elite Spellbinder,STX,Strixhaven: School of Mages,3,regular,,17.0,9d3a7998-ccac-45ad-a4e9-3a2cb057f63b
734,019ce2ef-ae77-79c7-89e4-936dfe629088,Elspeth Conquers Death,PLIST,The List,1,regular,,13.0,5a6be1db-8651-4194-8e17-74c347bff5f1
735,019ce2ef-97b4-7c53-ab9e-c45618d6b320,Elspeth Conquers Death,PRM-PRE,Prerelease Cards,1,foil,,13.0,66c4b6c9-81a0-4b13-8504-28768ce1017c
736,019ce2ef-b1b3-7cd7-9c68-080ae1c5ecc9,Elspeth's Devotee,THB,Theros: Beyond Death,2,regular,,272.0,0f82064c-b335-454c-9be6-9fbcb21aa8e5
737,019ce2ef-72db-762e-a107-3b80c485a010,Elusive Tormentor,SOI,Shadows over Innistrad,1,foil,,108.0,
738,019ce2f0-1303-71cf-b51c-37fc0e283a9b,Elvish Archdruid,FDN,Foundations,3,regular,,219.0,341da856-7414-403b-b2e3-4bebd58a5aa4
739,019ce2f0-136a-7879-8944-d36aefc2494d,Elvish Regrower,FDN,Foundations,6,regular,,104.0,2694e3cd-26ed-4a10-ae55-fb84d7800253
740,019ce2ef-e4cc-744e-bcfa-cfd4025861ee,Elvish Vatkeeper,MOM,March of the Machine,1,regular,,223.0,b3227c07-9ef2-46a6-9b4f-bbd6ef12f4a5
741,019ce2ef-e601-7f9d-b3bb-14e7e7bdf11b,Elvish Vatkeeper,MOM,March of the Machine,1,foil,,223.0,b3227c07-9ef2-46a6-9b4f-bbd6ef12f4a5
742,019ce2ef-a783-7613-95ff-7be2047f548e,Embereth Skyblazer,ELD,Throne of Eldraine,1,regular,brawl deck,321.0,
743,019ce2ef-92c2-7734-a140-207da9950961,Embodiment of Agonies,M20,Core Set 2020,2,regular,,98.0,
744,019ce2ef-9066-725e-8ad6-a9e904315aac,Emergence Zone,WAR,War of the Spark,4,regular,,245.0,ab95f6e7-b806-47fe-a071-6c38b3176d94
745,019ce2ef-a0a9-7454-bb39-6446ccdc1ae6,Emeria Captain,ZNR,Zendikar Rising,1,regular,,11.0,6490370e-fff5-4f17-b715-74ff8df5bc7c
746,019ce2ef-8154-7690-92ab-eead3f326cfe,Emissary of Sunrise,XLN,Ixalan,5,regular,,10.0,
747,019ce2ef-7ee9-7ab9-b1ee-12b47ff70c8d,Endless Sands,HOU,Hour of Devastation,1,regular,,176.0,
748,019ce2ef-7fad-71c7-9e2a-0ec429b92268,Endless Sands,HOU,Hour of Devastation,1,foil,,176.0,
749,019ce2ef-96ee-7327-a2e0-d58fd559c02d,Enemy of Enlightenment,THB,Theros: Beyond Death,2,regular,,92.0,28bf15e0-f61b-43b9-9113-39bd341a0163
750,019ce2ef-92c2-72bc-8c44-9f929ee054ad,Engulfing Eruption,M20,Core Set 2020,1,regular,,328.0,
751,019ce2ef-c113-753f-b53b-f3a2b21551af,Enormous Energy Blade,NEO,Kamigawa: Neon Dynasty,2,regular,,96.0,991370bd-a96a-4ed0-bdf9-f03b98191abf
752,019ce2ef-aed5-7372-a89c-b6fb833d14ac,Environmental Sciences,STX,Strixhaven: School of Mages,4,regular,,1.0,46b394fc-a99c-44e7-9226-da0699167541
753,019ce2f0-0996-729b-b863-185a8ddd6e4d,Envoy of the Ancestors,MH3,Modern Horizons 3,1,regular,,23.0,fc1dfbfc-90e0-48fa-98f1-39929f823619
754,019ce2ef-3934-720c-b540-e713802fc2c6,Ephara's Warden,THS,Theros,2,regular,,10.0,
755,019ce2ef-91fc-75d7-bee7-2521fff6e3aa,Ephemerate,MH1,Modern Horizons,4,regular,,7.0,
756,019ce2ef-9466-7479-814f-1343fa668295,Epic Downfall,ELD,Throne of Eldraine,3,regular,,85.0,63da83fe-fa59-40cb-a42e-e1b14b650bc8
757,019ce2ef-db04-7138-9350-832e808bde88,Epicure of Blood,J22,Jumpstart 2022,1,regular,,411.0,0f71ff90-13ff-4ac6-8bdd-2cf53cc24ec1
758,019ce2ef-8a47-7009-87d3-906bbbab742a,Epicure of Blood,M19,Core Set 2019,4,regular,,95.0,
759,019ce2ef-9329-794d-9f0d-34bb0c303cc0,Epicure of Blood,M20,Core Set 2020,3,regular,,99.0,
760,019ce2ef-93a0-7722-b9a1-320d19d76459,Epicure of Blood,M20,Core Set 2020,1,foil,,99.0,
761,019ce2ef-9674-79bd-b458-510fb0777466,Erebos's Intervention,THB,Theros: Beyond Death,1,regular,,94.0,88e35c80-6cfe-49fc-8138-562233ccf987
762,019ce2ef-8cb4-7075-9dfc-e478bd6d2f65,Erstwhile Trooper,GRN,Guilds of Ravnica,5,regular,,169.0,
763,019ce2ef-8375-7c18-9dd1-6df90dd61645,"Etali, Primal Storm",RIX,Rivals of Ixalan,1,regular,,100.0,1d3d8bb4-0430-45bb-930d-5d6db6521945
764,019ce2ef-91fb-7154-b85e-1d9286e10e75,Etchings of the Chosen,MH1,Modern Horizons,1,regular,,198.0,
765,019ce2ef-90c3-7025-a4c2-3c5f8e008540,Eternal Taskmaster,WAR,War of the Spark,5,regular,,90.0,7789188e-5caa-4500-b3e4-bb95f7657903
766,019ce2ef-9065-7c0d-b45e-7ab1fe7fd6f6,Ethereal Absolution,PRM-PRE,Prerelease Cards,1,foil,,170.0,
767,019ce2ef-8f27-775c-8e91-10ff5b607635,Ethereal Absolution,RNA,Ravnica Allegiance,1,regular,,170.0,
768,019ce2ef-bd49-72ba-9b40-d96a86ab1fb0,Ethereal Armor,Q06,Pioneer Challenge Decks 2021,4,regular,,2.0,1fdabad5-7362-4663-8f70-c1bc4a00f0a4
769,019ce2ef-8376-762f-973b-b861abbb3744,Everdawn Champion,RIX,Rivals of Ixalan,4,regular,,6.0,84a74fa9-1338-40ea-95d9-0f4e78b85f60
770,019ce2f0-07fe-7a90-9a1d-7f0d1704015e,Evolution Witness,MH3,Modern Horizons 3,1,regular,,151.0,4d89283e-9783-4006-9294-4ae0473d2ce6
771,019ce2ef-7bb2-7a2a-8c0e-1f4d7bb39c89,Evolving Wilds,AKH,Amonkhet,4,regular,,242.0,
772,019ce2ef-7060-7cf9-901d-9eebdfba5eaf,Evolving Wilds,C15,Commander 2015,1,regular,,283.0,
773,019ce2f0-15c4-75a8-8a62-83793861b1ad,Evolving Wilds,FDN,Foundations,4,regular,,262.0,3a0b9356-5b91-4542-8802-f0f7275238e1
774,019ce2f0-1621-7f05-8a8b-2a79ea7166e0,Evolving Wilds,FDN,Foundations,1,foil,,262.0,3a0b9356-5b91-4542-8802-f0f7275238e1
775,019ce2ef-e801-7787-b206-dbdbf79b3383,Evolving Wilds,LTC,The Lord of the Rings: Tales of Middle-Earth Commander,6,regular,,306.0,e24ec4c1-5a28-450d-8e37-62a154749ee6
776,019ce2ef-92c2-7355-a935-f9b0adc8f54f,Evolving Wilds,M20,Core Set 2020,4,regular,,246.0,
777,019ce2ef-ee1b-71a2-8e74-dfce6bea6f16,Evolving Wilds,WOE,Wilds of Eldraine,2,regular,,256.0,74f9c819-719a-461b-8e7e-a26c88e8099b
778,019ce2ef-863d-74fb-9fed-1ec9acecbe84,Excavation Elephant,DOM,Dominaria,1,regular,,17.0,
779,019ce2ef-afae-71b9-a8bb-0888578509da,Exhilarating Elocution,STX,Strixhaven: School of Mages,4,regular,,185.0,8468417d-7ef5-43e0-9190-e88f3eed9e82
780,019ce2ef-9d7a-7a25-b517-82c4113e0ca6,Exhume,JMP,Jumpstart,3,regular,,230.0,5f1cdcba-a04a-4a2f-8bc1-0dd7fa03754d
781,019ce2ef-9406-70ec-a6e1-88a4ae919128,Exotic Orchard,C19,Commander 2019,2,regular,,242.0,23de2dc2-348f-4eeb-ae0c-dda422d654b0
782,019ce2ef-9adb-7345-b0fb-129a7737ad6b,Exotic Orchard,C20,Commander 2020,1,regular,,273.0,
783,019ce2ef-b07d-7ed1-b0e4-5ba34088d633,Exotic Orchard,C21,Commander 2021,1,regular,,288.0,b45cbc0e-3f5c-4f27-9463-3cffb0f63e3c
784,019ce2f0-08c6-78bf-a295-43dce97b4633,Expanding Ooze,MH3,Modern Horizons 3,3,regular,,184.0,bbdb095d-b826-4e3e-8c61-0d408e52d6b8
785,019ce2ef-a112-786e-8cf3-c218c8fcd9e8,Expedition Healer,ZNR,Zendikar Rising,1,regular,,13.0,11a00a88-de0e-4012-9ad8-ccb187dff7df
786,019ce2ef-8cb4-70d6-b0cf-ec0ed6cb9e33,Experimental Frenzy,GRN,Guilds of Ravnica,4,regular,,99.0,
787,019ce2ef-9cfa-7115-8da0-88e991d6eda8,Exquisite Blood,JMP,Jumpstart,1,regular,,231.0,b1653811-1c2c-4e6c-bf1c-287d1b496d51
788,019ce2ef-9a7b-7ff6-a59f-b43a3183f668,Extinction Event,IKO,Ikoria: Lair of Behemoths,2,regular,,88.0,8725a869-462b-4381-880a-b4bcc63a655b
789,019ce2ef-ea86-7fa8-b129-78eb7f16e8a2,Extinguish All Hope,CMM,Commander Masters,1,regular,,157.0,1888ac60-a885-43a7-8e95-9523a0213644
790,019ce2ef-5e86-77b9-af81-3e89b8992eb0,Extinguish All Hope,JOU,Journey into Nyx,1,regular,,68.0,
791,019ce2ef-705f-701b-8216-045aceb911c8,Extractor Demon,C15,Commander 2015,1,regular,,124.0,
792,019ce2ef-8376-7155-852c-7e62e75dc19d,Exultant Skymarcher,RIX,Rivals of Ixalan,6,regular,,7.0,fffe7b2b-22c3-4e6a-9b1b-c6d7b29b9f86
793,019ce2ef-94ca-79ca-8689-4779505e28b5,Fabled Passage,ELD,Throne of Eldraine,2,regular,,244.0,b841bfa8-7c17-4df2-8466-780ab9a4a53a
794,019ce2ef-9c8c-732a-9c6b-cccabf46d602,Fabled Passage,M21,Core Set 2021,3,regular,,246.0,d313d051-7295-4884-8cbf-f2f835fd45f4
795,019ce2ef-a93a-7c7b-8935-b2fa358bef82,Faceless Haven,KHM,Kaldheim,3,regular,,255.0,e3cd82e5-6072-4334-a493-01ca4ad6b4eb
796,019ce2ef-9466-73fd-bd17-c4c66e086ebb,Faerie Guidemother,ELD,Throne of Eldraine,1,regular,,11.0,e8bbece8-9620-44d9-b991-350fe952538a
797,019ce2ef-3a74-75b8-b545-cf4df4ed5983,Faerie Macabre,DDD,Duel Decks: Garruk vs. Liliana,3,regular,,42.0,
798,019ce2ef-b07c-7e0a-a7a4-25b7ed1dd071,"Fain, the Broker",C21,Commander 2021,1,regular,,40.0,26acb9db-1a2f-4b08-b121-88f953e597e5
799,019ce2ef-7bb2-7c5b-8786-c99d1f3ff53c,Faith of the Devoted,AKH,Amonkhet,1,regular,,90.0,
800,019ce2f0-0997-7858-a375-09a68cf5698e,Faithful Watchdog,MH3,Modern Horizons 3,1,foil,,185.0,b9afac99-a094-41a8-8323-90dec29691c4
801,019ce2ef-aed5-7912-9c93-b71e6efe71d1,Faithless Looting,STA,Strixhaven: Mystical Archive,1,regular,,38.0,
802,019ce2ef-c461-7f0c-a55b-af0a48d69f53,Fake Your Own Death,SNC,Streets of New Capenna,1,regular,,79.0,b4e117a8-3291-4f9a-ab00-c820c8e2aa00
803,019ce2ef-bdad-7005-ad09-490f558d8161,Falkenrath Forebear,VOW,Innistrad: Crimson Vow,3,regular,,111.0,451559d0-b62d-4757-8eb5-f6b0e240899c
804,019ce2f0-143c-790b-8675-00c96529344a,Falkenrath Noble,J25,Foundations Jumpstart,1,regular,,441.0,2d97757e-f1fb-4ce6-9e14-3deedda7a03a
805,019ce2ef-705f-7459-8af8-ad31f9fad52d,Fallen Ideal,C15,Commander 2015,1,regular,,125.0,
806,019ce2ef-8376-7544-999a-9cffa2b8b7f0,Famished Paladin,RIX,Rivals of Ixalan,12,regular,,8.0,d80e3bc9-7b67-4eab-916a-6d83da06f20a
807,019ce2ef-7bb2-7bfa-b080-a4937521d2ce,Fan Bearer,AKH,Amonkhet,2,regular,,12.0,
808,019ce2ef-f737-716e-b76e-c3426c0501e4,Fanatical Offering,LCI,Lost Caverns of Ixalan,4,regular,,105.0,d896dd52-b134-4b55-ab91-ccb05ecc50f4
809,019ce2ef-79a6-7ac1-a0be-00fc4a976ca2,Fatal Push,AER,Aether Revolt,4,regular,,57.0,
810,019ce2ef-4285-73ff-bd80-47fc9d24e8f5,Fate Unraveler,BNG,Born of the Gods,1,regular,,68.0,
811,019ce2ef-705f-7496-ac2f-51cb5e75780b,Fate Unraveler,C15,Commander 2015,1,regular,,126.0,
812,019ce2ef-bbb2-7b79-b2c9-d6377568afd5,Fateful Absence,MID,Innistrad: Midnight Hunt,2,regular,,18.0,eca8d6f8-c6f1-437c-99e2-4281eae14a6f
813,019ce2ef-83d8-7c65-80d3-a7a6497a3e26,Fathom Fleet Boarder,RIX,Rivals of Ixalan,4,regular,,71.0,f447eb83-c805-4ba8-b9f2-0add092f6795
814,019ce2ef-8024-7ba4-86f5-5ed400b4749b,Fathom Fleet Captain,XLN,Ixalan,2,regular,,106.0,
815,019ce2ef-9329-7b4c-b913-c88bee12d769,Fathom Fleet Cutthroat,M20,Core Set 2020,4,regular,,100.0,
816,019ce2ef-8155-77de-9f91-b57f44615c7d,Fathom Fleet Cutthroat,XLN,Ixalan,4,regular,,107.0,
817,019ce2ef-81cb-72c9-9cd9-8aa7356bb459,Fathom Fleet Firebrand,XLN,Ixalan,4,regular,,142.0,
818,019ce2ef-932a-7092-9e1d-8550486a1a6d,Fearless Halberdier,M20,Core Set 2020,2,regular,,329.0,
819,019ce2ef-daa0-7237-8107-88188411faf4,Feast of Blood,J22,Jumpstart 2022,1,regular,,118.0,f576f3b6-59c5-4710-b238-7fb2bbcf563e
820,019ce2ef-91fb-7792-b621-e1ddc281a084,Feaster of Fools,MH1,Modern Horizons,2,regular,,90.0,
821,019ce2f0-0ca0-7b86-a7ea-96d74bcd8521,Fecund Greenshell,BLB,Bloomburrow,1,regular,,171.0,80b3e815-0e2e-4325-b1d5-5531b7b92da6
822,019ce2ef-e8d9-75ad-8a88-962a9f003251,Feed the Swarm,LTC,The Lord of the Rings: Tales of Middle-Earth Commander,2,regular,,200.0,029e2a27-46f2-44fa-ac7c-462c69feab95
823,019ce2ef-9406-76fe-b5a4-6ee051376142,Feldon of the Third Path,C19,Commander 2019,1,regular,,141.0,4c257487-5494-4251-9e93-43bd9cc6558f
824,019ce2ef-a112-73b8-9e04-cd9910152a90,Felidar Retreat,ZNR,Zendikar Rising,1,regular,,16.0,45340647-4d3e-4be1-b0e6-e40cc56a438b
825,019ce2f0-1085-7aaa-89fc-5c0cb2969291,Felidar Savior,FDN,Foundations,4,regular,,12.0,cd092b14-d72f-4de0-8f19-1338661b9e3b
826,019ce2f0-1303-7e1e-984e-612dcb3d0b47,Felidar Savior,FDN,Foundations,1,foil,,12.0,cd092b14-d72f-4de0-8f19-1338661b9e3b
827,019ce2ef-b07c-76f4-afde-9ae73a2c2d13,"Felisa, Fang of Silverquill",C21,Commander 2021,1,foil,,2.0,b73d2f5a-028d-4d5f-9b52-9328872bbf5e
828,019ce2ef-808c-702f-a551-81ead3454378,Fell Flagship,XLN,Ixalan,1,regular,,238.0,
829,019ce2ef-eeee-7586-b68b-c4db21f09d4c,Fell Horseman,WOE,Wilds of Eldraine,2,regular,,92.0,43bb3890-4013-48be-8cb5-54fd8fd8ec52
830,019ce2ef-ef79-709e-a929-90e2e4f3545b,Fell Horseman,WOE,Wilds of Eldraine,2,foil,,92.0,43bb3890-4013-48be-8cb5-54fd8fd8ec52
831,019ce2ef-8ab0-7cf2-99b5-b8db431faad6,Fell Specter,M19,Core Set 2019,4,regular,,96.0,
832,019ce2f0-15c4-7424-b044-7a92720304c4,Felling Blow,FDN,Foundations,4,regular,,105.0,96948ae3-b15d-4d6d-aa73-9f52084cd903
833,019ce2f0-1ecf-776f-8348-a14e539e56de,"Felothar, Dawn of the Abzan",TDM,Tarkir: Dragonstorm,2,regular,,184.0,83e11f20-6524-4fba-9603-0b97e2d69aac
834,019ce2ef-9329-77e0-b147-522ce2b969a1,Feral Abomination,M20,Core Set 2020,4,regular,,101.0,
835,019ce2ef-7bb2-7abc-8ad4-bc1065657cb4,Festering Mummy,AKH,Amonkhet,4,regular,,91.0,
836,019ce2f0-0997-715a-8fa3-1430e741e712,Fetid Gargantua,MH3,Modern Horizons 3,2,regular,,94.0,0cd368a9-5efe-4755-89be-a05cfa2b71c0
837,019ce2ef-9cf9-72bf-ac80-3994baf28a94,Fetid Imp,M21,Core Set 2021,1,regular,,98.0,56a95546-c45a-4da5-b1e8-d5658b5b7d53
838,019ce2ef-9674-74bb-8bbf-f651b7cd525d,Field of Ruin,THB,Theros: Beyond Death,3,regular,,242.0,3e84e179-9d59-4d08-8a36-51ad2fc32ae3
839,019ce2ef-8154-7cdf-a5ba-db6dbc4ae21c,Field of Ruin,XLN,Ixalan,4,regular,,254.0,
840,019ce2ef-2018-7091-a39e-b04befecebfb,Fiend of the Shadows,DKA,Dark Ascension,1,regular,,62.0,
841,019ce2f0-14f5-7fd6-b846-c86fc75b1031,Fierce Empath,FDN,Foundations,1,regular,,636.0,
842,019ce2ef-81cb-7ec7-90dc-8635d12e47a5,Fiery Cannonade,XLN,Ixalan,4,regular,,143.0,
843,019ce2ef-9adb-7428-a12f-a1f6bf941cd9,Fight as One,IKO,Ikoria: Lair of Behemoths,3,regular,,12.0,5c62ea13-9bd5-46ce-a861-68cf9a2c6f8c
844,019ce2ef-863d-7a3a-9ee7-24d9297afbf1,Final Parting,DOM,Dominaria,1,regular,,93.0,
845,019ce2ef-8f8d-7f0c-b3d2-b9f9a890b4fb,Final Payment,RNA,Ravnica Allegiance,3,regular,,171.0,
846,019ce2ef-7bb2-77a7-b1f4-3c23532d230f,Final Reward,AKH,Amonkhet,4,regular,,92.0,
847,019ce2ef-90c3-7264-bc0b-6ac0f120154b,Finale of Eternity,WAR,War of the Spark,1,regular,,91.0,85c60177-8b71-4e24-87e7-395d5e4f93ff
848,019ce2ef-90c3-77c3-a26a-aff8d0a604b7,Finale of Glory,WAR,War of the Spark,1,regular,,12.0,4ccacb84-2b8e-40b8-8d53-d1b97bb2971f
849,019ce2f0-0bc7-7416-b0f7-bcf77a856628,"Finneas, Ace Archer",BLB,Bloomburrow,2,regular,,212.0,0dee197d-c313-4364-b52c-f83d5f579bc3
850,019ce2ef-9329-7af5-9d00-3e6f8265f8c3,Fire Elemental,M20,Core Set 2020,1,regular,,138.0,
851,019ce2ef-9465-7c6e-9a66-44dba5e7c656,Fireborn Knight,ELD,Throne of Eldraine,4,regular,,210.0,6716f46c-806d-4b3e-8a1c-fd6dcedacf8e
852,019ce2ef-9a7a-72e5-bf92-23e5e44e99a5,Fireflux Squad,C20,Commander 2020,1,regular,,51.0,
853,019ce2ef-a93a-70d6-9ef8-a1359e1d9def,"Firja, Judge of Valor",KHM,Kaldheim,1,regular,,209.0,df87077c-85d8-499e-bce0-27697caada5a
854,019ce2ef-7266-76c4-b694-bec618647232,Flameblade Angel,SOI,Shadows over Innistrad,1,regular,,157.0,
855,019ce2ef-7347-7474-bc79-83001811f876,Flameblade Angel,SOI,Shadows over Innistrad,1,foil,,157.0,
856,019ce2ef-9406-746d-bec3-ccf435b7fb9f,Flamerush Rider,C19,Commander 2019,2,regular,,143.0,c074adc3-50f1-4443-ae9b-47f8d9fdf3a2
857,019ce2ef-9a7a-73ae-a3f9-52eb4f4a8cc1,Flawless Maneuver,C20,Commander 2020,1,regular,,26.0,
858,019ce2ef-9465-73fd-a203-dbda7f2cc80b,Flayer of the Hatebound,C19,Commander 2019,1,regular,,144.0,620e8ec3-aeea-498b-a54a-acd922c4bb60
859,019ce2f0-15c5-738e-9a28-f3bdec711e0b,Fleeting Flight,FDN,Foundations,6,regular,,13.0,55139100-9342-41fd-b10a-8e9932e605d4
860,019ce2f0-15c5-7baf-9bc7-495d04156861,Fleeting Flight,FDN,Foundations,1,foil,,13.0,55139100-9342-41fd-b10a-8e9932e605d4
861,019ce2ef-a2ae-7c92-90c8-ffde670997f0,Fleshbag Marauder,CMR,Commander Legends,1,regular,,128.0,4002b3a4-e00e-44ed-8989-d553e5d7d6c8
862,019ce2ef-bbb3-7b39-ab1a-758ac4795110,Fleshbag Marauder,MIC,Innistrad: Midnight Hunt Commander,2,regular,,118.0,a03c738c-88d9-4cf6-a650-20ce6e5565bc
863,019ce2ef-95ab-7708-800a-dc62eb35fa80,Flicker of Fate,THB,Theros: Beyond Death,4,regular,,16.0,59e19bac-176c-4e37-bfc8-27c00de7c37f
864,019ce2ef-8cb4-7687-9ebc-2fc68d75da6f,Flight of Equenauts,GRN,Guilds of Ravnica,4,regular,,11.0,
865,019ce2ef-bbb2-7981-8473-ef51830a8066,"Florian, Voldaren Scion",MID,Innistrad: Midnight Hunt,2,regular,,223.0,53289e69-74da-46d2-91c2-a11378ba76ef
866,019ce2ef-9a7a-7c0c-9f76-e7c9e7e4ffb1,Flourishing Fox,IKO,Ikoria: Lair of Behemoths,2,regular,,13.0,78b81339-746d-4f71-9943-01c0f6a5683a
867,019ce2ef-8d26-74ac-ab59-88e0a51f2f31,Flower // Flourish,GRN,Guilds of Ravnica,5,foil,,226.0,
868,019ce2ef-8f27-70a5-8ce6-45fc50275482,Font of Agonies,RNA,Ravnica Allegiance,1,regular,,74.0,
869,019ce2ef-5e86-73d1-8ebb-38c2877a648e,Font of Return,JOU,Journey into Nyx,1,regular,,71.0,
870,019ce2ef-8f8d-7e42-aaac-fb0f189943b8,Footlight Fiend,RNA,Ravnica Allegiance,8,regular,,216.0,
871,019ce2ef-8f28-7102-b7a8-7eecceabdc5d,Forbidding Spirit,RNA,Ravnica Allegiance,3,regular,,9.0,
872,019ce2ef-91f9-7739-9e66-c6bbbabbde5e,Force of Despair,MH1,Modern Horizons,1,regular,,92.0,
873,019ce2ef-91fb-72c5-b99f-4f1f5b276703,Force of Rage,MH1,Modern Horizons,1,regular,,124.0,
874,019ce2ef-8581-7118-a0fa-d7710a2f9cc9,Forebear's Blade,DOM,Dominaria,1,regular,,214.0,
875,019ce2ef-94ca-7a38-8f90-766881c8985d,Foreboding Fruit,ELD,Throne of Eldraine,4,regular,,88.0,c5f79ec4-3722-4fda-824b-e80dc7608d01
876,019ce2ef-8376-77cf-9f22-f1cce04d98a4,Forerunner of the Coalition,RIX,Rivals of Ixalan,1,regular,,72.0,b499fc26-26b0-4b0f-9c62-5ed599baf41d
877,019ce2ef-8376-77f4-9e42-18a7a20a6fd5,Forerunner of the Legion,RIX,Rivals of Ixalan,3,regular,,9.0,10718d37-63d4-44b7-9450-5d49cffce944
878,019ce2ef-dc31-7794-b983-6aa91eee8227,Forest,J22,Jumpstart 2022,2,regular,,110.0,cee97ab6-8e81-4396-a788-db0ed0da62d2
879,019ce2ef-dc31-7091-a4e7-88544e195deb,Forest,J22,Jumpstart 2022,3,regular,,111.0,ee56689a-da7b-4cd7-8767-e3f514b6db9e
880,019ce2ef-dc31-7506-a316-9460f7ce0d4c,Forest,J22,Jumpstart 2022,2,regular,,112.0,900eedf8-71b0-4b82-9709-019018bc29fe
881,019ce2ef-8c52-76ba-a460-672aee09213e,Forest,GK1,Guilds of Ravnica Guild Kits,1,regular,,127.0,
882,019ce2ef-7ee8-76dc-ab1e-efad7ed81982,Forest,HOU,Hour of Devastation,1,regular,,189.0,
883,019ce2ef-b150-7866-92b0-9ac692d4be41,Forest,RIX,Rivals of Ixalan,1,regular,,196.0,92c9e16d-525b-4ba9-890d-fa2719206ba0
884,019ce2ef-849e-7394-a311-3d19f5a38e1a,Forest,HOU,Hour of Devastation,1,regular,,198.0,
885,019ce2ef-849e-764c-bbfe-ff9187f71f32,Forest,HOU,Hour of Devastation,1,regular,,199.0,
886,019ce2ef-6b75-73ee-b331-76211887fe73,Forest,THS,Theros,1,regular,,246.0,
887,019ce2ef-6b75-7657-8cec-3a46e410947e,Forest,THS,Theros,1,regular,,247.0,
888,019ce2ef-6b75-7bc5-b122-9a4becc02ac9,Forest,THS,Theros,1,regular,,248.0,
889,019ce2ef-6b75-725d-ada3-ff58286a24bb,Forest,THS,Theros,1,regular,,249.0,
890,019ce2ef-863d-752e-9268-05424ff8ff33,Forest,DOM,Dominaria,1,regular,,266.0,
891,019ce2ef-7c16-7824-a2d5-45ecb2109da5,Forest,AKH,Amonkhet,1,regular,,267.0,
892,019ce2ef-863d-7592-8099-be13ebd5932a,Forest,DOM,Dominaria,1,regular,,267.0,
893,019ce2ef-863d-7924-b639-f146dc09e265,Forest,DOM,Dominaria,1,regular,,268.0,
894,019ce2ef-7c16-74a7-a939-2c11209a826e,Forest,AKH,Amonkhet,2,regular,,269.0,
895,019ce2ef-863d-7b14-a504-d9bd0f21ee9b,Forest,DOM,Dominaria,1,regular,,269.0,
896,019ce2ef-e801-795d-abb2-550f2cce96f8,Forest,LTR,The Lord of the Rings: Tales of Middle-Earth,6,regular,,270.0,cbe793e4-c034-4a22-929d-d743c0255bf1
897,019ce2ef-6f93-773a-8c71-6f4dc8c1dfab,Forest,BFZ,Battle for Zendikar,1,regular,,271.0,
898,019ce2ef-e801-7ed9-8385-939e26c30c6e,Forest,LTR,The Lord of the Rings: Tales of Middle-Earth,5,regular,,271.0,07264de1-4322-4adb-8f08-c0aa236747c7
899,019ce2ef-6f93-7990-bbaa-2e320f66c902,Forest,BFZ,Battle for Zendikar,1,regular,,272.0,
900,019ce2ef-9c8d-7665-83f4-03b0abc72fa5,Forest,M21,Core Set 2021,2,regular,,272.0,3279314f-d639-4489-b2ab-3621bb3ca64b
901,019ce2ef-6f93-7ac4-bf5c-c2f34689088c,Forest,BFZ,Battle for Zendikar,1,regular,,273.0,
902,019ce2ef-9c8d-79fa-8116-59fc7639b571,Forest,M21,Core Set 2021,2,regular,,273.0,a4df3e89-610c-4f42-a93a-e694342307cc
903,019ce2ef-6f93-7b77-a097-ed5fb1fec8ad,Forest,BFZ,Battle for Zendikar,1,regular,,274.0,
904,019ce2ef-9c8d-7e71-b034-fb1228506d16,Forest,M21,Core Set 2021,2,regular,,274.0,d4558304-7c17-4aa0-bd50-cdd95547f1a7
905,019ce2ef-cd64-75a4-ba49-31c237c3336e,Forest,DMU,Dominaria United,1,regular,,275.0,1a1b6004-6dda-4495-85f7-eb8fa29873e9
906,019ce2ef-d96a-75fe-a557-ea4be2f58b2f,Forest,BRO,The Brothers' War,1,foil,,276.0,a63eab07-46e5-4b75-954f-b5a9f1f451cd
907,019ce2ef-81cd-7965-a02f-726b8a4aa2e0,Forest,XLN,Ixalan,1,regular,,276.0,
908,019ce2ef-d96a-7696-8930-c86beff71a65,Forest,BRO,The Brothers' War,1,regular,,277.0,8a73d19b-72e3-4944-ac20-5b4c7b54c2aa
909,019ce2ef-8024-7494-b0b8-1cc8fc7ee5cf,Forest,XLN,Ixalan,1,regular,,277.0,
910,019ce2ef-81cd-7ad2-8b7f-be01b5f4f138,Forest,XLN,Ixalan,1,regular,,278.0,
911,019ce2ef-81cd-7fc9-9242-9f04bade05df,Forest,XLN,Ixalan,1,regular,,279.0,
912,019ce2ef-f178-72a8-9374-85e70ffedab1,Forest,LCI,Lost Caverns of Ixalan,1,regular,,291.0,8c13cafb-3078-4856-a5b0-c38aace8a34a
913,019ce2ef-72da-7a71-b6d5-897d328a1136,Forest,SOI,Shadows over Innistrad,1,regular,,295.0,
914,019ce2ef-72db-75dd-ae21-92b7a9716a97,Forest,SOI,Shadows over Innistrad,1,regular,,296.0,
915,019ce2ef-72db-77f3-b422-bd2ca61687cd,Forest,SOI,Shadows over Innistrad,1,regular,,297.0,
916,019ce2f0-0ca1-7d9b-8c75-0cd5884c893c,Forest,BLB,Bloomburrow,6,regular,,377.0,43b3be4a-973d-4aeb-a94e-37e2710ac178
917,019ce2f0-0ca1-7bb5-b85c-9f80a050266e,Forest,BLB,Bloomburrow,5,regular,,378.0,bddc66f7-4e94-4857-ba7d-6b0083d0bfa0
918,019ce2ef-b5ee-7bc1-bec3-78e6781e599d,Forest,MH2,Modern Horizons 2,2,regular,,489.0,46e93212-da68-48f8-9aeb-ee5eb92e9a54
919,019ce2ef-9cfa-7a9c-8664-058190b06050,Forest,JMP,Jumpstart,1,regular,,71.0,88adbda4-7818-4888-a908-de6073bd0152
920,019ce2ef-f6d6-76aa-8fa6-d217ac3703b3,Forgotten Monument,LCI,Lost Caverns of Ixalan,1,regular,,272.0,de8c1c02-e533-46b2-a3eb-91dff561854b
921,019ce2ef-8375-796a-ad7c-d2a67596eb77,Form of the Dinosaur,RIX,Rivals of Ixalan,2,regular,,103.0,41e4fe86-281d-4174-bb72-ac5bb9560b7e
922,019ce2ef-7bb2-7f31-944c-c9efde4bd292,Forsake the Worldly,AKH,Amonkhet,4,regular,,13.0,
923,019ce2ef-8b14-7de9-8c26-674d9153d184,Forsaken Sanctuary,M19,Core Set 2019,5,regular,,250.0,
924,019ce2ef-83d8-7903-b474-cf5aae8b4e3f,Forsaken Sanctuary,RIX,Rivals of Ixalan,2,regular,,187.0,32e5daf3-6a55-4c2f-92d1-33e0755ee280
925,019ce2ef-9329-75a7-bee4-80704b59d024,Fortress Crab,M20,Core Set 2020,2,regular,,60.0,
926,019ce2f0-1d8c-7fc6-aa44-75e4980ad7ee,Fortress Kin-Guard,TDM,Tarkir: Dragonstorm,1,regular,,12.0,b647a018-1d70-43a1-a265-928bcd863689
927,019ce2ef-8b14-7da9-bf8b-0c364819ac29,Foul Orchard,M19,Core Set 2019,11,regular,,251.0,
928,019ce2ef-83d8-752f-983e-79cb2271e4e8,Foul Orchard,RIX,Rivals of Ixalan,1,regular,,188.0,f66f9017-e04b-4f13-aae0-28a903f2fac2
929,019ce2ef-7266-7cd9-98cb-3490fb8e4d2a,Foul Orchard,SOI,Shadows over Innistrad,1,regular,,275.0,
930,019ce2ef-badb-70b5-9ec0-a8615b0ab054,Foul Play,MID,Innistrad: Midnight Hunt,1,regular,,101.0,87e4b75c-e993-4983-8933-977be314bba6
931,019ce2ef-66a0-72bd-963d-6f5f245f21d8,Foul Renewal,DTK,Dragons of Tarkir,1,regular,,101.0,
932,019ce2ef-9465-700d-941d-97342893cce5,Foulmire Knight,ELD,Throne of Eldraine,8,regular,,90.0,c5f6c745-e46a-42eb-8eca-b7b74ab1245e
933,019ce2ef-af47-76a5-bb70-9a2c88fafb1c,Fractal Summoning,STX,Strixhaven: School of Mages,1,regular,,187.0,cc3f1f7e-eb19-49c1-a1ee-93b85ac8815c
934,019ce2ef-afae-7f87-91f9-ff1c728f290c,Fracture,STX,Strixhaven: School of Mages,1,regular,,188.0,a11224f8-06ea-4ec3-85e6-d5c8d906840c
935,019ce2ef-8ab0-7a65-ba04-f4b5e095560e,Fraying Omnipotence,M19,Core Set 2019,2,regular,,97.0,
936,019ce2ef-79a6-7d4c-be22-d30c90b38295,Freejam Regent,AER,Aether Revolt,2,regular,,81.0,
937,019ce2ef-932a-78c6-bf1d-dde27f3799bc,Frilled Sandwalla,M20,Core Set 2020,1,regular,,340.0,
938,019ce2ef-8a46-7914-871a-bab3777c0aff,Frilled Sea Serpent,M19,Core Set 2019,2,regular,,56.0,
939,019ce2ef-9465-782b-9d9f-77192d26e03d,From Under the Floorboards,C19,Commander 2019,1,regular,,113.0,cf31fec2-40d6-4810-8575-c7814bb4b6b4
940,019ce2ef-9a7b-7ad4-bdaa-ee62cda3fe1f,Frontier Warmonger,C20,Commander 2020,1,regular,,52.0,
941,019ce2ef-7eea-77d7-844f-801cec6c35a5,Frontline Devastator,HOU,Hour of Devastation,4,regular,,93.0,
942,019ce2ef-9ad9-79a0-a6d3-c0173c11898b,Frontline Medic,C20,Commander 2020,1,regular,,89.0,
943,019ce2ef-92c2-72d6-8658-27ff7d0208ff,Frost Lynx,M20,Core Set 2020,2,regular,,62.0,
944,019ce2ef-95ab-7a89-867c-d1634f55c5c3,Fruit of Tizerus,THB,Theros: Beyond Death,4,regular,,96.0,66e577a0-e5d7-4e6a-919c-d85c2ae819ce
945,019ce2ef-9ada-7825-a4f4-ff5718dcedd6,Fumiko the Lowblood,C20,Commander 2020,1,regular,,152.0,
946,019ce2ef-8581-7ea6-92e7-213df26ab45e,Fungal Infection,DOM,Dominaria,4,regular,,94.0,
947,019ce2ef-dbd4-7d38-b827-d1d696bfc514,Fungal Infection,J22,Jumpstart 2022,1,regular,,416.0,727a589a-2248-478f-825f-932bfb456675
948,019ce2ef-7561-7c2a-a046-af340dcfc949,Furyblade Vampire,EMN,Eldritch Moon,2,regular,,128.0,
949,019ce2ef-a99b-7a01-89e9-c732b5793f97,"Fynn, the Fangbearer",KHM,Kaldheim,1,regular,,170.0,7d7a8a90-13c1-4b0c-ab2e-fc8d91ccefd9
950,019ce2f0-0c3f-742d-9fb4-da7bd397faf8,Galewind Moose,BLB,Bloomburrow,1,regular,,173.0,58706bd8-558a-43b9-9f1e-c1ff0044203b
951,019ce2ef-8b14-7fc0-a013-ae827fbba046,Gallant Cavalry,M19,Core Set 2019,4,regular,,12.0,
952,019ce2ef-64e8-7026-8af6-a0b8e36f05f8,Gargoyle Castle,C14,Commander 2014,1,regular,,297.0,
953,019ce2f0-15c4-7628-9a7c-1dc7bd11aae3,Garruk's Uprising,FDN,Foundations,3,regular,,220.0,4805c303-e73b-443b-a09f-49d2c2c88bb5
954,019ce2ef-8f8d-748f-903a-ab6c2f62898e,Gateway Plaza,RNA,Ravnica Allegiance,4,regular,,247.0,
955,019ce2ef-90c4-77bf-bbb8-d567615f6a21,Gateway Plaza,WAR,War of the Spark,4,regular,,246.0,81d69cf2-8643-4926-857e-febbd54d870f
956,019ce2ef-7561-70f3-8d06-2d59ee49902e,Gavony Unhallowed,EMN,Eldritch Moon,2,regular,,89.0,
957,019ce2ef-9465-7703-9685-910dd892b73c,Geier Reach Sanitarium,C19,Commander 2019,1,regular,,246.0,d922754a-37d0-42ec-9f55-134cf4f3bd1d
958,019ce2ef-7560-7cc8-830c-1986f6cfbce7,Geist of the Lonely Vigil,EMN,Eldritch Moon,1,regular,,27.0,
959,019ce2ef-a113-732d-859b-8b2289b1f9d2,Gempalm Polluter,PLIST,The List,2,regular,,70.0,37393701-03ac-4cfc-b85c-1e7d65a5160f
960,019ce2ef-9a7a-79d1-8138-fe8198921b28,General Kudro of Drannith,IKO,Ikoria: Lair of Behemoths,1,regular,,187.0,2c3227ae-0c72-478a-a6dd-661aaf718038
961,019ce2ef-9a7a-71c6-ae05-3eb6ef76737f,General's Enforcer,IKO,Ikoria: Lair of Behemoths,2,regular,,188.0,f6a45d0e-582a-4ec1-b83b-71b6a0ff6249
962,019ce2f0-1552-7829-b9cf-6dcbab19e53a,Genesis Wave,FDN,Foundations,1,regular,borderless,334.0,4b51445b-1590-4072-9712-5ca344b25e3e
963,019ce2f0-1552-7752-ba8e-7d9bc07be2f3,Genesis Wave,FDN,Foundations,1,regular,,221.0,d46f7ddb-f986-4f1f-b096-ae1a02d0bdc8
964,019ce2ef-c3f8-73bb-bfaa-ab18c5859d23,Getaway Car,SNC,Streets of New Capenna,1,regular,,237.0,8a6d2fa3-3f5a-4b6f-8b7e-6a8bf65c07ad
965,019ce2ef-e124-7155-b56a-17d28354b4f2,Geth's Verdict,PLIST,The List,3,regular,,61.0,e9d67e84-7fff-4b6d-94bc-06ccd02e5799
966,019ce2ef-9ea7-755a-87e8-18c95db7b47a,"Geth, Lord of the Vault",2XM,Double Masters,1,regular,,94.0,920d56a4-fc94-43d8-9d65-361b66172a5f
967,019ce2f0-1551-7a9b-8946-45f08f704245,"Ghalta, Primal Hunger",FDN,Foundations,1,regular,,222.0,6a9c39e4-a8cf-42dd-8d0e-45634b335546
968,019ce2ef-8a46-7660-b6b3-7681712e2dd6,Ghastbark Twins,M19,Core Set 2019,1,regular,,181.0,
969,019ce2ef-9405-72d8-9946-59cca17a8ef1,Ghired's Belligerence,C19,Commander 2019,1,regular,,25.0,b8348ef6-f2ae-4277-ae04-7849c508f0e4
970,019ce2ef-7060-7b74-9e1c-4b89f730c1aa,Ghost Quarter,C15,Commander 2015,3,regular,,285.0,
971,019ce2ef-705f-7fa2-8e75-f0104e16a0d8,Ghostblade Eidolon,C15,Commander 2015,1,regular,,70.0,
972,019ce2ef-b07d-75cd-b799-efe5bea5f6ee,Ghostly Prison,C21,Commander 2021,1,regular,,92.0,c601064b-9edd-4c7b-aea2-782ae63851ce
973,019ce2ef-9cfa-749c-aee5-4ec64090d501,Ghoulcaller's Accomplice,JMP,Jumpstart,2,regular,,237.0,63b62aaf-cc36-4235-b802-828b2c4d6341
974,019ce2ef-2a1e-7d81-ae47-8eec3bf16989,Ghoulcaller's Chant,ISD,Innistrad,1,regular,,101.0,
975,019ce2ef-bb41-7945-9122-d2136e14d9e5,Ghoulish Procession,MID,Innistrad: Midnight Hunt,1,regular,,102.0,363bd6a6-e8e4-4626-a43c-0b77339dd28b
976,019ce2ef-2a1e-78e7-bf90-712c675e6ed2,Ghoulraiser,ISD,Innistrad,2,regular,,102.0,
977,019ce2ef-72da-711c-af9c-95f43025b5c2,Ghoulsteed,SOI,Shadows over Innistrad,1,regular,,113.0,
978,019ce2f0-0d5b-71b5-a5b9-246e6ab34cc0,Giant Growth,BLB,Bloomburrow,2,regular,,393.0,e70722d6-b4d5-45c2-9488-9a5eb0bdb9bd
979,019ce2f0-1303-7cd0-ba77-15932189ed6f,Giant Growth,FDN,Foundations,7,regular,,223.0,bd0bf74e-14c1-4428-88d8-2181a080b5d0
980,019ce2ef-90c3-70be-bc53-6f52e3211182,Giant Growth,WAR,War of the Spark,1,regular,,162.0,06ec9e8b-4bd8-4caf-a559-6514b7ab4ca4
981,019ce2ef-a726-70d3-95f9-d7db4ab4817e,Giant Killer,ELD,Throne of Eldraine,1,regular,showcase,275.0,d0960ccb-6952-4398-aa94-816e6fb04c2d
982,019ce2ef-9466-76dc-a953-af89a5bf7f35,Giant Killer,ELD,Throne of Eldraine,4,regular,,14.0,75754468-2850-42e6-ab22-61ff7b9d1214
983,019ce2ef-8a46-7a5b-b3b1-b9e26c0c966a,Giant Spider,M19,Core Set 2019,1,regular,,183.0,
984,019ce2ef-94c9-7770-8ff4-5d54f8a14ac3,Giant's Skewer,ELD,Throne of Eldraine,4,regular,,91.0,050c03f9-ccbd-4dcc-9789-8013875ef470
985,019ce2ef-7266-7052-ba01-a451e181092d,Gibbering Fiend,SOI,Shadows over Innistrad,1,regular,,161.0,
986,019ce2ef-90c4-724e-b49d-918760710ca0,Gideon's Battle Cry,WAR,War of the Spark,2,regular,,267.0,52de8fc6-6d9b-402e-a6c8-4c39b0c92f07
987,019ce2ef-90c4-7bf6-8b64-316ca2ebbf9f,Gideon's Company,WAR,War of the Spark,3,regular,,268.0,a0a64d2e-8b89-4642-84c2-b01dfe11312e
988,019ce2ef-7d56-786b-b4db-479820c79aa2,Gideon's Defeat,HOU,Hour of Devastation,2,regular,,13.0,
989,019ce2ef-9066-7688-9046-f7894047a57a,Gideon's Triumph,WAR,War of the Spark,3,regular,,15.0,d6610c6a-717f-406e-a49d-b6e548880946
990,019ce2ef-b07d-7169-a71f-26b3833b2ece,"Gideon, Champion of Justice",C21,Commander 2021,1,regular,,93.0,cf6d8ac0-4dd2-4a34-bb12-7cfede95e14b
991,019ce2ef-e4cc-7e75-8771-4485c409e2a4,Gift of Compleation,MOM,March of the Machine,1,regular,,106.0,97e08244-bbdb-402a-8dde-93e17d989467
992,019ce2ef-be82-76b2-bfd5-2cf766e497af,Gift of Fangs,VOW,Innistrad: Crimson Vow,1,foil,,113.0,a864375f-99c3-4c68-9440-bc25ff6d0dc0
993,019ce2ef-9cfa-70bb-a57f-9383f2825c7a,Gifted Aetherborn,JMP,Jumpstart,5,regular,,239.0,8644d4d1-8499-40a8-a01f-68172c82bf58
994,019ce2f0-14f5-7263-a9e9-2201a4aa594f,Gigantosaurus,FDN,Foundations,1,foil,,718.0,
995,019ce2ef-4285-76a3-87f3-fe15aaf40fea,Gild,BNG,Born of the Gods,1,regular,,73.0,
996,019ce2ef-705f-707e-a248-ab3722722469,Gild,C15,Commander 2015,1,regular,,127.0,
997,019ce2ef-863d-7be4-b3c9-5e002cbbc103,Gilded Lotus,DOM,Dominaria,2,regular,,215.0,
998,019ce2ef-b65a-7b2e-89ac-8da3a9a30602,Gilt-Blade Prowler,MH2,Modern Horizons 2,3,regular,,86.0,32a8cf47-cfe4-4a11-a57d-bebeb2fae437
999,019ce2ef-69e1-724c-9f81-5a77abd0d547,Gilt-Leaf Winnower,ORI,Magic Origins,1,regular,,99.0,
1000,019ce2ef-ee7f-797d-a5ac-49fbf81f5435,Gingerbread Hunter,WOE,Wilds of Eldraine,2,regular,,227.0,e77a8fd4-af5f-42b3-a87e-788baf2562dd
1001,019ce2ef-9466-7f43-9785-620f8fb5fb7e,Gingerbrute,ELD,Throne of Eldraine,4,regular,,219.0,f55fe038-c903-4d92-b689-72dd6d041a91
1002,019ce2ef-ee7e-785a-973f-88a89c61ff3a,Gingerbrute,WOE,Wilds of Eldraine,1,regular,,246.0,09a4578a-7dc6-4da3-93ee-913b10be5740
1003,019ce2ef-efdb-7129-a96a-613aa80b4dc5,Gingerbrute,WOE,Wilds of Eldraine,1,foil,,246.0,09a4578a-7dc6-4da3-93ee-913b10be5740
1004,019ce2ef-8cb4-7821-850f-5f54d85dd39d,Gird for Battle,GRN,Guilds of Ravnica,3,regular,,12.0,
1005,019ce2ef-d90b-75ea-a2c4-c22a2bb12ae4,Gixian Infiltrator,BRO,The Brothers' War,1,regular,,98.0,c94a3317-7d1f-4f29-8353-180f1ab48d18
1006,019ce2ef-9329-7d96-9890-647ca53b80cd,Glaring Aegis,M20,Core Set 2020,2,regular,,18.0,
1007,019ce2f0-0937-7739-be5a-bf174000c1d5,Glaring Fleshraker,MH3,Modern Horizons 3,1,regular,,7.0,80c2a3c7-1486-4ff9-88ec-79ec67a437f8
1008,019ce2ef-ee1b-746d-8fb8-358800430587,Glass Casket,WOE,Wilds of Eldraine,2,regular,,16.0,02c5c395-ee8b-47fd-ac52-256354c19cdf
1009,019ce2ef-8f27-72e5-9b52-80ed2f35aab8,Glass of the Guildpact,RNA,Ravnica Allegiance,7,regular,,233.0,
1010,019ce2f0-0862-76db-87c6-b0fc5137156e,Glasswing Grace,MH3,Modern Horizons 3,1,regular,,254.0,90630b20-fc83-475f-bcd5-8bcfee0cf241
1011,019ce2f0-15c5-79af-9985-5521846b3f76,Gleaming Barrier,FDN,Foundations,5,regular,,252.0,1b49b009-e6f2-494a-9235-f5c25c2d70a9
1012,019ce2f0-1621-7f7f-a708-257ed8cc173b,Gleaming Barrier,FDN,Foundations,1,foil,,252.0,1b49b009-e6f2-494a-9235-f5c25c2d70a9
1013,019ce2f0-0ca0-753b-ba0f-83844c535eea,Glidedive Duo,BLB,Bloomburrow,1,regular,,96.0,4831e7ae-54e3-4bd9-b5af-52dc29f81715
1014,019ce2ef-b5ef-7a7b-b682-649e440291cd,Glimpse of Tomorrow,MH2,Modern Horizons 2,1,regular,,129.0,7ee1fcbc-3573-42c5-b3e3-1f44a6400cd0
1015,019ce2ef-2bdc-7a66-9fdf-36caf7648e79,Glint Hawk,SOM,Scars of Mirrodin,2,regular,,10.0,
1016,019ce2ef-79a6-706b-95a9-dde1da80aa19,Glint-Sleeve Siphoner,AER,Aether Revolt,1,regular,,62.0,
1017,019ce2ef-e4cc-75ef-99be-d49ac27f2e4f,Glistening Deluge,MOM,March of the Machine,2,regular,,107.0,83ca46ac-0698-4651-940d-3fd20c266b74
1018,019ce2ef-c461-7583-a769-b8ad7dd929f7,Glittermonger,SNC,Streets of New Capenna,1,regular,,149.0,1a3d70d2-0604-41b3-8dd1-bfeb05832271
1019,019ce2ef-9cf9-7836-b571-b63e014b83dd,Gloom Sower,M21,Core Set 2021,1,regular,,100.0,a1b4f7ec-ea2e-4d90-98cd-0c92bd9f64c1
1020,019ce2ef-e4ce-71a4-a8a9-be01b5b22b73,Gloomfang Mauler,MOM,March of the Machine,3,regular,,108.0,025a5338-133f-486d-9f73-0896226685c0
1021,019ce2ef-8154-782a-bdc3-ec6651af7d1c,Glorifier of Dusk,XLN,Ixalan,5,regular,,12.0,
1022,019ce2ef-9c8d-7218-b680-598fa6ffb566,Glorious Anthem,M21,Core Set 2021,3,regular,,21.0,17d154d3-7ae5-43ff-9978-d974285e2c89
1023,019ce2ef-7bb2-7a91-a0a2-6f8a04b4ddc1,Glorious End,AKH,Amonkhet,1,regular,,133.0,
1024,019ce2ef-b658-7e1d-a0e4-7255a53a2f8a,Glorious Enforcer,MH2,Modern Horizons 2,1,regular,,14.0,de1365aa-e814-471b-8c9e-cf4c5011bcc3
1025,019ce2ef-95ab-7b35-a5ef-79558d2a1ea6,Glory Bearers,THB,Theros: Beyond Death,5,regular,,17.0,8a70e1be-f04a-43c1-8fca-205a24e3db38
1026,019ce2ef-7b4b-72d0-8450-962c65f09b16,Glory-Bound Initiate,AKH,Amonkhet,1,regular,,16.0,
1027,019ce2ef-7b4b-7498-ab09-06ee9e835bd8,Glorybringer,AKH,Amonkhet,1,regular,,134.0,
1028,019ce2ef-8cb4-7965-9632-b4ba006b2b85,Glowspore Shaman,GRN,Guilds of Ravnica,12,regular,,173.0,
1029,019ce2f0-14f5-7a9a-8b90-521310e70fed,Gnarlback Rhino,FDN,Foundations,1,regular,,638.0,
1030,019ce2f0-15c5-7c28-b951-ed8669f98ff9,Gnarlid Colony,FDN,Foundations,5,regular,,224.0,47565d10-96bf-4fb0-820f-f20a44a76b6f
1031,019ce2ef-c192-7c83-aa4f-56dc0c17c667,Go-Shintai of Hidden Cruelty,NEO,Kamigawa: Neon Dynasty,1,regular,,97.0,45e1ff1e-916b-4455-84cb-4125a79d76de
1032,019ce2ef-932a-7439-82d3-f29c865b28fa,Goblin Assailant,M20,Core Set 2020,2,regular,,330.0,
1033,019ce2ef-8cb4-7b26-8510-707755c0bc12,Goblin Banneret,GRN,Guilds of Ravnica,4,regular,,102.0,
1034,019ce2ef-8581-73b0-998d-431cb3539552,Goblin Chainwhirler,DOM,Dominaria,4,regular,,129.0,
1035,019ce2ef-91fb-7428-8400-4d478952b3e8,Goblin Champion,MH1,Modern Horizons,4,regular,,127.0,
1036,019ce2ef-8c52-7552-be5e-e6efdbadb063,Goblin Cratermaker,GRN,Guilds of Ravnica,3,regular,,103.0,
1037,019ce2ef-8cb4-7685-9a29-24486e6dee07,Goblin Locksmith,GRN,Guilds of Ravnica,4,regular,,104.0,
1038,019ce2ef-91f9-7834-8ccf-5aaf5fa6a575,Goblin Matron,MH1,Modern Horizons,2,regular,,129.0,
1039,019ce2ef-91fb-7663-8ba8-295345170c12,Goblin Oriflamme,MH1,Modern Horizons,2,regular,,130.0,
1040,019ce2ef-92c2-77b7-af23-c2fbf68aa0eb,Goblin Smuggler,M20,Core Set 2020,1,regular,,144.0,
1041,019ce2ef-91f9-7f10-9949-9978aea1444f,Goblin War Party,MH1,Modern Horizons,2,regular,,131.0,
1042,019ce2ef-7eea-7f33-b3bf-11663598067f,God-Pharaoh's Faithful,HOU,Hour of Devastation,4,regular,,14.0,
1043,019ce2ef-7ee9-7ecb-b083-c19210c7930a,God-Pharaoh's Gift,HOU,Hour of Devastation,1,regular,,161.0,
1044,019ce2ef-8f27-7bb2-8b46-71007831bbfc,Godless Shrine,RNA,Ravnica Allegiance,2,regular,,248.0,
1045,019ce2ef-8376-7466-9bc2-285624958d4a,Golden Demise,RIX,Rivals of Ixalan,4,regular,,73.0,88bb420a-8bf1-4504-b1b5-2d929be978be
1046,019ce2ef-8376-7867-abd2-831f5df1d5f0,Golden Guardian,RIX,Rivals of Ixalan,1,regular,,179.0,397ba02d-f347-46f7-b028-dd4ba55faa2f
1047,019ce2ef-9329-7b36-ba8d-b5f9b826b682,Goldmane Griffin,M20,Core Set 2020,4,regular,,283.0,
1048,019ce2ef-b5ef-78c0-b82c-1b7fdf969289,Goldmire Bridge,MH2,Modern Horizons 2,3,regular,,247.0,dbe2a1fa-196f-497f-a15f-0b3b04da9cbb
1049,019ce2f0-15c5-7cf0-a744-cada3f87abbd,Goldvein Pick,FDN,Foundations,4,regular,,253.0,a241317d-2277-467e-a8f9-aa71c944e244
1050,019ce2ef-8d8f-79a8-8edb-fda8075c5adf,Golgari Charm,GK1,Guilds of Ravnica Guild Kits,1,regular,,62.0,
1051,019ce2ef-8cb4-7d25-b5c8-ef09593c0ded,Golgari Findbroker,GRN,Guilds of Ravnica,8,regular,,175.0,
1052,019ce2ef-8c52-7690-99f7-8ae88c29aa5e,Golgari Guildgate,GRN,Guilds of Ravnica,11,regular,,248.0,
1053,019ce2ef-8c52-7336-90d8-5769b222fd9b,Golgari Guildgate,GRN,Guilds of Ravnica,15,regular,,249.0,
1054,019ce2f0-14f5-7cbf-b626-f08f6666e658,Golgari Guildgate,FDN,Foundations,1,regular,,689.0,
1055,019ce2ef-8cb4-764f-a4b2-34de423152a3,Golgari Locket,GRN,Guilds of Ravnica,5,regular,,237.0,
1056,019ce2ef-8d8f-7cc6-8203-a8ba2724bdd2,Golgari Rot Farm,GK1,Guilds of Ravnica Guild Kits,4,regular,,74.0,
1057,019ce2ef-8d8f-7e5d-95a1-16f225231856,Golgari Signet,GK1,Guilds of Ravnica Guild Kits,2,regular,,73.0,
1058,019ce2ef-e93e-7e88-bfe3-ea544fa94571,"Gollum, Scheming Guide",LTR,The Lord of the Rings: Tales of Middle-Earth,1,regular,,292.0,7f93ad17-b655-4a10-990e-b26ead90d221
1059,019ce2ef-92c2-768a-b7ea-9f31a7480db0,"Golos, Tireless Pilgrim",M20,Core Set 2020,2,regular,,226.0,
1060,019ce2f0-1554-773a-8698-6fdbc1bdd6de,Good-Fortune Unicorn,FDN,Foundations,3,regular,,240.0,eabbe163-2b15-42e3-89ce-7363e6250d3a
1061,019ce2ef-8a48-7b63-b724-210c985332f6,"Goreclaw, Terror of Qal Sisma",M19,Core Set 2019,1,regular,,186.0,
1062,019ce2ef-9c8d-7302-888b-9b8bc857fdd8,Goremand,M21,Core Set 2021,8,regular,,101.0,c9cd537c-e40e-438f-a751-e0ad8f6e6283
1063,019ce2ef-9329-74a2-9f2c-46c1c009ba81,Gorging Vulture,M20,Core Set 2020,4,regular,,102.0,
1064,019ce2ef-8024-7018-b33c-7a8224361731,Goring Ceratops,XLN,Ixalan,2,regular,,13.0,
1065,019ce2ef-e7a1-776a-9222-2235499afb63,"Gothmog, Morgul Lieutenant",LTR,The Lord of the Rings: Tales of Middle-Earth,1,regular,,87.0,a1c10e93-88eb-46b9-8adc-583661807990
1066,019ce2ef-b5f0-7527-810f-7df6ad76c507,Graceful Restoration,MH2,Modern Horizons 2,1,regular,,201.0,f03d7c3c-02f2-4c42-bcfa-0b83de30f607
1067,019ce2ef-9329-7312-9062-d53654c8606a,Grafdigger's Cage,M20,Core Set 2020,2,regular,,227.0,
1068,019ce2ef-9c8c-77b9-861b-957ea7f4a408,Grasp of Darkness,M21,Core Set 2021,2,regular,,102.0,7737b578-8ae3-4846-b508-93ef40f25244
1069,019ce2ef-705f-7578-92b2-2618b1c1972c,Grasp of Fate,C15,Commander 2015,1,regular,,3.0,
1070,019ce2ef-8a47-746e-92dc-77774b17765b,Grasping Scoundrel,M19,Core Set 2019,3,regular,,312.0,
1071,019ce2ef-83d8-7173-af01-a3169a670cb2,Grasping Scoundrel,RIX,Rivals of Ixalan,4,regular,,74.0,8f6da2e7-4cf0-49ae-b0ba-3b994ff21587
1072,019ce2ef-8f27-7133-b0b1-a6d48035e04b,Grasping Thrull,RNA,Ravnica Allegiance,3,regular,,177.0,
1073,019ce2ef-8fed-7b38-8a6b-7308dee0931d,Grasping Thrull,RNA,Ravnica Allegiance,1,foil,,177.0,
1074,019ce2ef-90c3-7ba2-84b6-f8c723dfceac,Grateful Apparition,WAR,War of the Spark,4,regular,,17.0,7dcb1f9d-105d-48c6-bd66-d7e8839de9e1
1075,019ce2ef-705f-76e5-9ddb-d0cf4fa7a84e,Grave Peril,C15,Commander 2015,1,regular,,128.0,
1076,019ce2ef-9465-78ae-997d-87fff9dbdddc,Grave Scrabbler,C19,Commander 2019,1,regular,,117.0,5c82a0d6-6b74-48b8-8f6a-d3ccf4e4daef
1077,019ce2ef-9674-7b37-959f-98d44b3114cf,Gravebreaker Lamia,THB,Theros: Beyond Death,3,regular,,98.0,408a2073-d068-44bc-b596-5a3a3a446ee1
1078,,gravedigger,,,1,,,,
1079,019ce2ef-7b4b-772a-a2b8-b428443ed523,Gravedigger,AKH,Amonkhet,1,regular,,93.0,
1080,019ce2ef-8a46-722e-8f85-fcabd83410bf,Gravedigger,M19,Core Set 2019,4,regular,,98.0,
1081,019ce2ef-9329-768f-a165-23fee4b3066a,Gravedigger,M20,Core Set 2020,6,regular,,103.0,
1082,019ce2ef-c192-7deb-b3c4-2f498dc6f282,Gravelighter,NEO,Kamigawa: Neon Dynasty,2,regular,,98.0,532c5b14-75cf-4e4c-9b80-2d56a86e2844
1083,019ce2ef-7f4c-7de9-8371-3f53d8eeb6a2,Graven Abomination,HOU,Hour of Devastation,4,regular,,162.0,
1084,019ce2ef-9260-7d03-b924-7c46d135f04a,Graveshifter,MH1,Modern Horizons,2,regular,,94.0,
1085,019ce2ef-8a46-7aeb-8a14-0d8dda24810d,Gravewaker,M19,Core Set 2019,7,regular,,293.0,
1086,019ce2ef-932a-7a27-b2f5-ef6eed14a41a,Gravewaker,M20,Core Set 2020,5,regular,,323.0,
1087,019ce2ef-8ab0-730b-8e0d-31b6d536e0eb,Graveyard Marshal,M19,Core Set 2019,4,regular,,99.0,
1088,019ce2ef-95ac-731c-bf12-3d75b2ca2892,Gray Merchant of Asphodel,THB,Theros: Beyond Death,7,regular,,99.0,7c1a7dd8-8034-4f59-a351-33666b26ff5a
1089,019ce2ef-3934-75fd-8dab-b046cb64ff9b,Gray Merchant of Asphodel,THS,Theros,1,regular,,89.0,
1090,019ce2ef-9407-7559-bcf9-221c42887b4b,Graypelt Refuge,C19,Commander 2019,1,regular,,249.0,0849b6dd-0330-4b7e-b7da-98e767adb4a0
1091,019ce2ef-d96a-7460-bcc7-9adf1edcfc6d,Great Desert Prospector,BRO,The Brothers' War,1,foil,,7.0,dc83d586-bf46-437f-a5a3-996bd62d5866
1092,019ce2ef-b5f0-782d-a2e4-a158639b4269,Greed,MH2,Modern Horizons 2,1,regular,,274.0,851f8d1f-163c-4c4f-beee-431b64ec8a99
1093,019ce2ef-f814-7eb2-8332-8060164af2c4,Greedy Freebooter,LCI,Lost Caverns of Ixalan,1,regular,,109.0,692fe4e8-13b4-4bec-938e-a8073a7fbd71
1094,019ce2ef-9465-78b2-b71b-15c3abf7234c,"Greven, Predator Captain",C19,Commander 2019,1,foil,,43.0,bda22fc3-31a5-451a-9a8b-372884f7bc61
1095,019ce2ef-ee1b-791a-872b-85cfda6c97ca,"Greymond, Avacyn's Stalwart",SLX,Secret Lair Exclusives,1,regular,,18.0,
1096,019ce2ef-b5ee-7c4b-a43f-e3c9c5db766d,Grief,MH2,Modern Horizons 2,1,regular,,87.0,e6befbc4-1320-4f26-bd9f-b1814fedda10
1097,019ce2ef-5e86-7909-9ca9-0ee85cf4438c,Grim Guardian,JOU,Journey into Nyx,2,regular,,73.0,
1098,019ce2ef-96ee-722f-a925-0e18497ecf95,Grim Physician,THB,Theros: Beyond Death,8,regular,,100.0,b7e92c82-840f-4c75-b617-7b58a07be5b4
1099,019ce2ef-9a79-7637-b2a2-3fe4fe2bc151,Grimdancer,IKO,Ikoria: Lair of Behemoths,3,regular,,90.0,819257c8-9806-48bd-ba49-e117ca31de54
1100,019ce2ef-9b38-7a80-9d5c-1d948ced64f7,Grimdancer,IKO,Ikoria: Lair of Behemoths,1,foil,,90.0,819257c8-9806-48bd-ba49-e117ca31de54
1101,019ce2ef-9406-705d-82ab-ac609688d510,Grimoire of the Dead,C19,Commander 2019,1,regular,,213.0,0d8aac24-564a-420f-bb05-c67c3b0e2187
1102,019ce2ef-7ee8-7cde-8c04-6d634f6eaf23,Grind // Dust,HOU,Hour of Devastation,1,regular,,155.0,
1103,019ce2ef-8d8f-734e-8535-381e832f8cc7,Grisly Salvage,GK1,Guilds of Ravnica Guild Kits,1,regular,,64.0,
1104,019ce2ef-7f4c-7b80-ae81-834b51fedbb2,Grisly Survivor,HOU,Hour of Devastation,4,regular,,64.0,
1105,019ce2ef-9e43-7a50-9a7f-328e6ec67cef,Gristle Grinner,JMP,Jumpstart,1,regular,,242.0,f1d6e32e-6479-48b3-93ae-da5378c09bb1
1106,019ce2f0-15c5-74a1-a6e9-6049640b9c04,Grow from the Ashes,FDN,Foundations,3,regular,,225.0,42525f8a-aee7-4811-8f05-471b559c2c4a
1107,019ce2ef-9406-78d3-9044-0e8f25c90142,Growing Ranks,C19,Commander 2019,1,regular,,193.0,6ea45414-4047-4921-b77d-dfcba2fe7694
1108,019ce2ef-8d8f-7bff-8bd2-f925cc0d8f9d,Growing Ranks,GK1,Guilds of Ravnica Guild Kits,1,regular,,113.0,
1109,019ce2ef-8cb4-723f-8466-179439ae0490,Gruesome Menagerie,GRN,Guilds of Ravnica,1,regular,,71.0,
1110,019ce2ef-8d26-7b08-955e-52719262ab0e,Gruesome Menagerie,GRN,Guilds of Ravnica,1,foil,,71.0,
1111,019ce2ef-9329-73ca-b612-e445201e0954,Gruesome Scourger,M20,Core Set 2020,2,regular,,104.0,
1112,019ce2ef-72da-7575-9216-201fa75948fa,Gryff's Boon,SOI,Shadows over Innistrad,4,regular,,20.0,
1113,019ce2ef-b07c-78f8-9dd7-ca51db4b661c,Guardian Archon,C21,Commander 2021,1,regular,,17.0,6168ca14-b8d6-4149-bc61-dc1965d2f5b4
1114,019ce2f0-08c6-7a12-bee5-dbd8f378c92a,Guardian of the Forgotten,MH3,Modern Horizons 3,1,regular,,28.0,8032c909-3170-45ab-a552-a8dc683b0a6e
1115,019ce2f0-08c6-7fab-aff2-7c508bd1ff7a,Guide of Souls,MH3,Modern Horizons 3,1,regular,,29.0,76c3cad2-1e25-4abe-878d-9194de6fcc27
1116,019ce2ef-c799-7a25-9710-ab4fa5fa0fc9,Guildsworn Prowler,CLB,Commander Legends: Battle for Baldur's Gate,4,regular,,130.0,d7efb10f-c760-431c-8ac6-904965d850dc
1117,019ce2ef-654a-739a-8a4f-87131be6d46c,Gurmag Angler,FRF,Fate Reforged,4,regular,,72.0,
1118,019ce2f0-1d2e-72d8-8d7d-a6c25adaeec4,Gurmag Nightwatch,TDM,Tarkir: Dragonstorm,1,regular,,190.0,de731430-6bbf-4782-953e-b69c46353959
1119,019ce2ef-7bb2-73bf-8a0e-03a51a4479f7,Gust Walker,AKH,Amonkhet,4,regular,,17.0,
1120,019ce2ef-6f19-77b2-a7e1-2941dd47f23d,Guul Draz Overseer,BFZ,Battle for Zendikar,1,regular,,112.0,
1121,019ce2ef-9a79-779b-baa8-03a9460d69bb,"Gyruda, Doom of Depths",IKO,Ikoria: Lair of Behemoths,2,regular,,221.0,97eb1804-6fd8-4917-af36-87fdfce39d3a
1122,019ce2ef-8cb4-71d5-8b42-8eba3246f33b,Haazda Marshal,GRN,Guilds of Ravnica,4,regular,,13.0,
1123,019ce2ef-932a-7a0f-ad47-7f6f88006ad8,Haazda Officer,M20,Core Set 2020,1,regular,,305.0,
1124,019ce2ef-8f28-722a-a266-aba3ec0b9237,Haazda Officer,RNA,Ravnica Allegiance,3,regular,,10.0,
1125,019ce2ef-c460-78c6-8e0c-1eeeb1e7aae0,Halo Scarab,SNC,Streets of New Capenna,1,regular,,239.0,2eead159-b9a1-4c64-affe-c77b0a9e4775
1126,019ce2ef-8cb5-7d2f-971c-d25ac088acca,Hammer Dropper,GRN,Guilds of Ravnica,1,foil,,176.0,
1127,019ce2ef-94ca-747c-aa5c-c1a3c184a8b3,Happily Ever After,ELD,Throne of Eldraine,2,regular,,16.0,d32d85d5-a6f0-4cc5-9fd6-6b329aae2e5b
1128,019ce2ef-a93a-7fb8-97c8-bd50884629b6,"Harald, King of Skemfar",KHM,Kaldheim,1,regular,showcase,323.0,8fc37772-7052-46a9-a34e-f982331595a3
1129,019ce2f0-1f30-7242-8b14-a069c05e49b5,Hardened Tactician,TDM,Tarkir: Dragonstorm,1,regular,,191.0,86b225cb-5c45-4da1-a64e-b04091e483e8
1130,019ce2f0-1554-78a5-a2e3-342e387b4cb9,Hare Apparent,FDN,Foundations,3,regular,,15.0,9fc6f0e9-eb5f-4bc0-b3d7-756644b66d12
1131,019ce2ef-b5f0-7e77-9493-89021bf5681b,Harmonic Prodigy,MH2,Modern Horizons 2,1,regular,,132.0,22579ac0-ad3f-4000-a65a-46a17a7f1aa5
1132,019ce2ef-9466-7566-b04e-de07f8607ddb,Harmonious Archon,ELD,Throne of Eldraine,1,regular,,17.0,c7093834-9627-4da2-9322-c03bfd5b3a71
1133,019ce2ef-7bb2-7780-bbef-ddbdfb5c74d3,Harsh Mentor,AKH,Amonkhet,5,regular,,135.0,
1134,019ce2ef-65cd-71b6-a841-0a81d858cf41,Harsh Sustenance,FRF,Fate Reforged,1,regular,,154.0,
1135,019ce2ef-9e43-7cd1-8d92-b8e141a1a65a,Harvester of Souls,JMP,Jumpstart,1,regular,,243.0,870ebc0b-b748-4a21-b939-a48811451bba
1136,019ce2ef-96ee-7e4f-9fa4-4458b2608efe,Hateful Eidolon,THB,Theros: Beyond Death,8,regular,,101.0,812d0f15-f738-4644-9d29-2589d7e66915
1137,019ce2ef-74fe-756a-946a-51477c04ae0b,Haunted Dead,EMN,Eldritch Moon,2,regular,,92.0,
1138,019ce2ef-ce2a-75af-ba84-6de4caf4e6d2,Haunted Mire,DMU,Dominaria United,1,regular,,248.0,16f5e958-56e6-4666-a534-24deba6f652d
1139,019ce2ef-7b4b-7ac6-9790-4d491d68034a,Hazoret the Fervent,AKH,Amonkhet,1,regular,,136.0,
1140,019ce2ef-7b4b-707c-a0fd-e8903cafffee,Hazoret's Favor,AKH,Amonkhet,1,regular,,137.0,
1141,019ce2ef-7ee9-77dd-8a72-34f35f21fac0,Hazoret's Undying Fury,HOU,Hour of Devastation,1,regular,,96.0,
1142,019ce2f0-0bc7-7840-ab4b-c4eb060c5448,Head of the Homestead,BLB,Bloomburrow,3,regular,,216.0,2fc20157-edd3-484d-8864-925c071c0551
1143,019ce2ef-81cb-7cdf-aba9-05a5694eb070,Headstrong Brute,XLN,Ixalan,3,regular,,147.0,
1144,019ce2ef-81cb-7a1e-8e12-f3c7870040cc,Headstrong Brute,XLN,Ixalan,1,foil,,147.0,
1145,019ce2ef-9329-75da-9f59-8175755a6ce4,Healer of the Glade,M20,Core Set 2020,1,regular,,176.0,
1146,019ce2ef-b65a-7957-80f1-12882b4b1cb9,Healer's Flock,MH2,Modern Horizons 2,1,regular,,16.0,b93b5429-8512-4ab6-9ecd-fa270e0144f3
1147,019ce2f0-15c5-7771-959e-cc2eb5b59b5d,Healer's Hawk,FDN,Foundations,3,regular,,142.0,cc8e4563-04bb-46b5-835e-64ba11c0e972
1148,019ce2ef-c739-7b41-ac8c-c1df788116c7,Heap Gate,CLB,Commander Legends: Battle for Baldur's Gate,2,regular,,354.0,68489d65-1978-48b1-a903-2ef38c583239
1149,019ce2ef-7bb2-718f-9892-ff70a2d1827a,Heart-Piercer Manticore,AKH,Amonkhet,1,regular,,138.0,
1150,019ce2ef-9adb-7129-8a83-2608399cb4f6,Heartless Act,IKO,Ikoria: Lair of Behemoths,8,regular,,91.0,e4e6794a-feeb-4fc8-a2ee-38c75c18aaae
1151,019ce2ef-9406-7c4f-a268-b543a5d6e5d8,Hedonist's Trove,C19,Commander 2019,1,regular,,119.0,f323fb2f-f637-4b87-8a5e-8cb7da606658
1152,019ce2ef-7265-7fb1-b2cb-74d7fd54cbfe,Heir of Falkenrath,SOI,Shadows over Innistrad,1,regular,,116.0,
1153,019ce2ef-96ee-702b-a7cd-a1d3a2b75b80,Heliod's Intervention,THB,Theros: Beyond Death,1,regular,,19.0,8f1c16dd-38e9-4974-b570-8678c114a549
1154,019ce2ef-9674-7028-ad71-c498c84a5b20,Heliod's Pilgrim,THB,Theros: Beyond Death,5,regular,,20.0,cafce2f5-f4f4-465b-96dc-bcdd29d4e4bb
1155,019ce2ef-b65a-7f33-aeb9-b4777ad249f3,Hell Mongrel,MH2,Modern Horizons 2,1,regular,,88.0,f7da32a3-8e33-4603-abd2-8db144062f6a
1156,019ce2f0-1085-7f35-a41d-0644d73544ef,Helpful Hunter,FDN,Foundations,2,regular,,16.0,1b9a0e91-80b5-428f-8f08-931d0631be14
1157,019ce2ef-bdad-76a6-9ce0-a2a5b8481b52,Henrika Domnathi,VOW,Innistrad: Crimson Vow,1,regular,,119.0,946ca338-5f43-4cff-bd93-1b28449c5fdc
1158,019ce2ef-8a46-76f4-8f70-9f066cb62f96,Herald of Faith,M19,Core Set 2019,2,regular,,13.0,
1159,019ce2ef-9066-705b-a7bd-df26bfd42b41,Herald of the Dreadhorde,WAR,War of the Spark,6,regular,,93.0,d7ae9cb7-a3af-4224-89a5-a72f4d09dacf
1160,019ce2ef-705f-7996-a72c-4470cbf458fb,Herald of the Host,C15,Commander 2015,1,regular,,4.0,
1161,019ce2f0-14f5-7a89-9c27-1ea25c60f7b8,Heroes' Bane,FDN,Foundations,1,regular,,639.0,
1162,019ce2f0-0936-7655-bc71-0e6363e33804,Hexgold Slith,MH3,Modern Horizons 3,1,regular,,30.0,20a85b6d-fb2b-4359-9dd6-081d8722e580
1163,019ce2f0-0c41-7ee7-bfe6-9fc1770b86a1,Hidden Grotto,BLB,Bloomburrow,1,regular,,254.0,4ba8f2e7-8357-4862-97dc-1942d066023a
1164,019ce2ef-8ab0-7a3d-a229-3a5f904d3d0f,Hieromancer's Cage,M19,Core Set 2019,1,regular,,14.0,
1165,019ce2ef-a0aa-76f8-9f6a-c84caa60f9ae,Highborn Vampire,ZNR,Zendikar Rising,1,regular,,107.0,24c40082-516e-4381-a4cc-e61c5a9a6cac
1166,019ce2ef-8a46-78b6-ae22-6a2f3718ec65,Highland Game,M19,Core Set 2019,1,regular,,188.0,
1167,019ce2f0-15c5-7d1b-936e-ff15d6d544d8,Hinterland Sanctifier,FDN,Foundations,1,regular,,730.0,632df69e-6377-43d0-bba5-65518a320aa5
1168,019ce2ef-bb41-797a-ab55-8094784899bf,Hobbling Zombie,MID,Innistrad: Midnight Hunt,1,regular,,106.0,68284193-a38e-40d2-8d15-92d223756751
1169,019ce2ef-af46-7780-9526-5f9c7641b8d8,Hofri Ghostforge,STX,Strixhaven: School of Mages,1,regular,,192.0,bd8deecf-eded-418b-ac4c-5c3e8f54e86d
1170,019ce2ef-c3f9-7a0b-9cd2-64d945c9cd48,Hold for Ransom,SNC,Streets of New Capenna,1,regular,,16.0,53e74a99-11d9-40b8-b1d6-8f68a3f490fa
1171,019ce2ef-7ee9-7063-b370-13eb883229b0,Hollow One,HOU,Hour of Devastation,1,regular,,163.0,
1172,019ce2ef-7bb2-75c6-8a32-713350eb7d12,Honed Khopesh,AKH,Amonkhet,4,regular,,230.0,
1173,019ce2ef-3367-776f-adb4-5d3bcf248d4c,Honorable Scout,PS,Planeshift,3,regular,,8.0,
1174,019ce2f0-0cfe-71af-bad5-799759d20188,Honored Dreyleader,BLB,Bloomburrow,1,foil,,178.0,bc5ee537-52e1-474a-9326-dfacc2a758ab
1175,019ce2ef-efdb-7dad-9f4b-264a5e870c50,Hopeful Vigil,WOE,Wilds of Eldraine,3,foil,,17.0,d382fd32-b1f5-4ec7-9d42-fc2915ed3bc9
1176,019ce2ef-ee7e-7cc3-ad4d-d98cf22defdf,Hopeless Nightmare,WOE,Wilds of Eldraine,1,regular,,95.0,2c2ee817-9ca9-4f09-bc71-7994c19a9470
1177,019ce2ef-efdb-7c4a-9f7c-32b6b1962c71,Hopeless Nightmare,WOE,Wilds of Eldraine,3,foil,,95.0,2c2ee817-9ca9-4f09-bc71-7994c19a9470
1178,019ce2ef-7bb2-7c68-8ea9-0f476d427250,Horror of the Broken Lands,AKH,Amonkhet,3,regular,,95.0,
1179,019ce2ef-7ee9-75ab-814d-59ca258d97b4,Hostile Desert,HOU,Hour of Devastation,1,regular,,178.0,
1180,019ce2ef-72da-7e85-9c2c-1205b3ad50ff,Hound of the Farbogs,SOI,Shadows over Innistrad,3,regular,,117.0,
1181,019ce2ef-7eea-77e1-b940-a922df69b845,Hour of Devastation,HOU,Hour of Devastation,1,regular,,97.0,
1182,019ce2ef-7ee9-7890-88e3-06596d1811d0,Hour of Glory,HOU,Hour of Devastation,1,regular,,65.0,
1183,019ce2ef-9406-76bb-8a12-9fd719661a5e,Hour of Reckoning,C19,Commander 2019,1,regular,,65.0,d12768a5-8ee6-407b-87cf-703e69a0c32a
1184,019ce2ef-8d8f-7783-be25-72b2be56b784,Hour of Reckoning,GK1,Guilds of Ravnica Guild Kits,1,regular,,104.0,
1185,019ce2ef-7ee8-735c-a639-45cfc0de1139,Hour of Revelation,HOU,Hour of Devastation,1,regular,,15.0,
1186,019ce2ef-90c3-7196-8f2a-dca490f07bdc,Huatli's Raptor,WAR,War of the Spark,3,regular,,200.0,ba680ad0-6134-46e0-8fcb-532b2052eca7
1187,019ce2ef-9121-7ea6-98af-03485b7a2a5e,"Huatli, the Sun's Heart",WAR,War of the Spark,2,regular,,230.0,d709742c-82a2-457e-9991-85e98d78029d
1188,019ce2ef-b07d-7823-8476-667a9852535f,Hunted Lammasu,C21,Commander 2021,1,regular,,94.0,ea6daa57-1520-40a9-90c7-fa7283f4a687
1189,019ce2ef-9b37-79f0-bca3-41f935009c33,Hunted Nightmare,IKO,Ikoria: Lair of Behemoths,4,regular,,92.0,5f2dddce-583e-4af3-b144-a60dd268e84f
1190,019ce2ef-8cb4-7684-b8cd-e52058a88a2f,Hunted Witness,GRN,Guilds of Ravnica,4,regular,,15.0,
1191,019ce2ef-9b38-7a9b-a544-da34c0617f0e,Huntmaster Liger,IKO,Ikoria: Lair of Behemoths,2,foil,,16.0,058d6a7d-12b0-4d82-a5bd-91fa44bbc5e1
1192,019ce2ef-94ca-795c-af72-71e337584df8,Hushbringer,ELD,Throne of Eldraine,4,regular,,18.0,663b3e6f-1099-4de8-a0a7-6f1919c38010
1193,019ce2ef-4066-7c6e-b8dc-d0740762e2d2,Icequake,ICE,Ice Age,1,regular,,,
1194,019ce2ef-e665-71db-904f-fa08c8b6399e,Ichor Drinker,MOM,March of the Machine,1,foil,,111.0,91fd7350-cc97-4c35-a072-2c826984293c
1195,019ce2ef-d8a1-7e79-be49-64e872706a23,Ichor Wellspring,BRR,The Brothers' War: Retro Frame Artifacts,1,regular,retro,21.0,12402dc0-8eae-46e7-a09e-d06ea1670179
1196,019ce2ef-2b70-70c5-8a8e-cbe8b3ee46e2,Ichor Wellspring,MBS,Mirrodin Besieged,3,regular,,110.0,
1197,019ce2ef-92c2-7418-89d4-c53d60c2e673,Icon of Ancestry,M20,Core Set 2020,2,regular,,229.0,
1198,019ce2ef-9d7a-758f-be04-41f3edf69826,Idol of Endurance,M21,Core Set 2021,1,foil,,23.0,4d60e84e-be05-49da-9720-4225abe9d003
1199,019ce2ef-9407-787e-b814-0ff78eaf8e80,Idol of Oblivion,C19,Commander 2019,1,regular,,55.0,daed8456-011e-44e2-b180-6a8a75089257
1200,019ce2ef-9674-792f-95c9-bc2cf52564c0,Idyllic Tutor,THB,Theros: Beyond Death,2,regular,,24.0,f06edd53-f3ac-44b0-a087-5670ba8f0fa5
1201,019ce2ef-96ef-7261-851c-c70471608082,Idyllic Tutor,THB,Theros: Beyond Death,1,foil,,24.0,f06edd53-f3ac-44b0-a087-5670ba8f0fa5
1202,019ce2ef-7ee9-75fd-b084-1517dd78dd40,Ifnir Deadlands,HOU,Hour of Devastation,2,regular,,179.0,
1203,019ce2ef-9066-7ffb-abc5-b4d56d3c6f0c,Ignite the Beacon,WAR,War of the Spark,1,regular,,18.0,4e11d6f9-0b80-4b19-ab96-23f80b66b409
1204,019ce2ef-db04-7f7e-8bf1-9b38985f1814,Ill-Gotten Inheritance,J22,Jumpstart 2022,1,regular,,427.0,cc24cd32-e275-4fc1-9fde-834db4564663
1205,019ce2ef-8f8c-73c5-992c-c3eae224733d,Ill-Gotten Inheritance,RNA,Ravnica Allegiance,4,regular,,77.0,
1206,019ce2ef-a99b-72c4-9a31-5ddf34de228e,Immersturm Predator,KHM,Kaldheim,4,regular,,214.0,0d83d2d9-b9d0-47f5-989b-f2c726401ade
1207,019ce2ef-932a-7988-a025-7a658e541f62,Impassioned Orator,M20,Core Set 2020,4,regular,,306.0,
1208,019ce2ef-7b4b-708a-9c9e-8470d8aeff8a,Impeccable Timing,AKH,Amonkhet,4,regular,,18.0,
1209,019ce2ef-8154-7062-8045-3aa2aa62051c,Imperial Aerosaur,XLN,Ixalan,3,regular,,14.0,
1210,019ce2ef-8376-78d4-b878-05e70ec7dee7,Imperial Ceratops,RIX,Rivals of Ixalan,4,regular,,10.0,a5030e80-58c4-4ce3-877e-8395b653f6e8
1211,019ce2ef-8153-7b0b-a3e1-e51ff7c36699,Imperial Lancer,XLN,Ixalan,4,regular,,15.0,
1212,019ce2ef-c1f2-7c9d-b19d-1870c4d1ef26,Imperial Recovery Unit,NEO,Kamigawa: Neon Dynasty,2,regular,,18.0,ac9b2c7b-c93b-4b97-999e-86faed8a26ee
1213,019ce2ef-8f26-7625-8a89-b43d06b7727e,Imperious Oligarch,RNA,Ravnica Allegiance,1,regular,,184.0,
1214,019ce2f0-14f5-746f-a32b-b0591a7b9293,Imperious Perfect,FDN,Foundations,2,foil,,719.0,
1215,019ce2ef-9465-7eea-a0b5-c29c7a43d963,In Garruk's Wake,C19,Commander 2019,1,regular,,121.0,6dd6ab0e-0c3c-4e91-9d9f-6c0dccc88737
1216,019ce2ef-7b4b-7a39-9f22-f57f6bb6ae07,In Oketra's Name,AKH,Amonkhet,6,regular,,19.0,
1217,019ce2ef-b07c-7633-aebe-4d3bd76c539d,Incarnation Technique,C21,Commander 2021,1,regular,,41.0,9655deda-f02b-47a0-89a3-2904b11b84aa
1218,019ce2ef-9ad9-777d-a40c-6dc95d0b9406,Increasing Devotion,C20,Commander 2020,1,regular,,91.0,
1219,019ce2ef-a5ee-7926-ac6a-184705746b52,Indatha Triome,IKO,Ikoria: Lair of Behemoths,1,foil,showcase,309.0,9bf2b208-79c6-4c4c-bf66-871352ed600f
1220,019ce2ef-9bb9-7638-b926-d893412b6e60,Indatha Triome,IKO,Ikoria: Lair of Behemoths,1,foil,,248.0,2b74bb81-fb9a-40e5-a941-e517430b52f5
1221,019ce2f0-0996-7cc3-b804-ff16f84a66f0,Indebted Spirit,MH3,Modern Horizons 3,1,regular,,31.0,bfdbef00-bc1b-4dd6-aef5-aeb5ce454344
1222,019ce2ef-7266-72c3-ae9f-33099e8044b2,Indulgent Aristocrat,SOI,Shadows over Innistrad,2,regular,,118.0,
1223,019ce2ef-9c8c-7593-a683-beccd6ef3d96,Indulging Patrician,M21,Core Set 2021,2,regular,,219.0,642e0c48-1f77-41e0-abbe-f570b757cd66
1224,019ce2ef-9d7a-79b3-8e05-eb21599e9c9b,Indulging Patrician,M21,Core Set 2021,1,foil,,219.0,642e0c48-1f77-41e0-abbe-f570b757cd66
1225,019ce2f0-1c5a-76b9-8fcc-1f6de8fa5820,Inevitable Defeat,TDM,Tarkir: Dragonstorm,1,foil,,194.0,9d677980-b608-407e-9f17-790a81263f15
1226,019ce2ef-8b14-7f30-b33e-44addcee5d83,Infectious Horror,M19,Core Set 2019,4,regular,,101.0,
1227,019ce2ef-ba68-7269-b577-32d97b4eeed6,Infernal Grasp,MID,Innistrad: Midnight Hunt,3,regular,,107.0,17824929-f131-4b8d-addb-66c25323155e
1228,019ce2ef-b07d-7371-9313-806c8243c96c,Infernal Offering,C21,Commander 2021,1,regular,,146.0,8af751fd-bfac-43cb-af3b-6116fd643703
1229,019ce2ef-a93b-734a-a177-3f44e5ddedae,Infernal Pet,KHM,Kaldheim,1,regular,,99.0,80340582-655b-4bf1-88fb-14bcbe17aa04
1230,019ce2ef-8b8e-727d-99d6-23da9492dc80,Infernal Reckoning,M19,Core Set 2019,1,foil,,102.0,
1231,019ce2ef-8a46-759b-8649-dc7efaea05a1,Infernal Scarring,M19,Core Set 2019,1,regular,,103.0,
1232,019ce2ef-92c1-7eb2-9875-9ee9973664ba,Infuriate,M20,Core Set 2020,1,regular,,145.0,
1233,019ce2ef-afae-7de9-9f8f-dfa4add36e22,Inkling Summoning,STX,Strixhaven: School of Mages,4,regular,,195.0,04a8a5b8-9743-4d1a-89e9-61bdf180b2e0
1234,019ce2ef-c113-7dab-a5db-23bb3766b55f,Inkrise Infiltrator,NEO,Kamigawa: Neon Dynasty,2,regular,,100.0,cbb6e447-5f40-4039-8a17-257b4a55382c
1235,019ce2ef-b07c-7e9f-8764-5d3de2a2b0c1,Inkshield,C21,Commander 2021,1,regular,,71.0,5e1c14a0-cd68-45fc-a127-422ca6113048
1236,019ce2ef-9cfa-7511-b5d3-b8ef51f014c5,Innocent Blood,JMP,Jumpstart,4,regular,,244.0,29184c64-03f3-4a50-ac18-e34b6c89635e
1237,019ce2ef-7a6a-71e4-88b1-6649ee0524f0,Inquisition of Kozilek,MM3,Modern Masters 2017 Edition,1,regular,,75.0,
1238,019ce2ef-2dce-770e-86f5-2d009e7d3469,Inquisition of Kozilek,ROE,Rise of the Eldrazi,1,regular,,115.0,
1239,019ce2ef-aed5-75e1-b200-146caf44f428,Inquisition of Kozilek,STA,Strixhaven: Mystical Archive,1,regular,,31.0,
1240,019ce2ef-9a7a-7a96-b789-5a7eaab80dfb,Insatiable Hemophage,IKO,Ikoria: Lair of Behemoths,3,regular,,93.0,70419590-2e0d-4232-b596-a5359b284647
1241,019ce2ef-8910-7c8d-8450-0f990f7b225e,Inspired Charge,M19,Core Set 2019,6,regular,,15.0,
1242,019ce2ef-9329-797d-aed1-959f1085a70e,Inspired Charge,M20,Core Set 2020,2,regular,,24.0,
1243,019ce2ef-e548-724b-9006-218f18657705,Inspired Charge,MOM,March of the Machine,1,regular,,19.0,9f17e624-219a-4e76-bfe0-f49c9ddd4a6d
1244,019ce2ef-e665-7e35-aa8c-d94fbc705b3d,Inspired Charge,MOM,March of the Machine,1,foil,,19.0,9f17e624-219a-4e76-bfe0-f49c9ddd4a6d
1245,019ce2f0-1551-7a8c-9add-8acffabb79b8,Inspiring Call,FDN,Foundations,2,regular,,226.0,3e241642-5172-4437-b694-f6aa159d5cd9
1246,019ce2ef-9329-7d4c-a557-7a15e9c53294,Inspiring Captain,M20,Core Set 2020,2,regular,,25.0,
1247,019ce2ef-8154-718f-9960-1966cd37a11d,Inspiring Cleric,XLN,Ixalan,8,regular,,16.0,
1248,019ce2ef-c461-7def-8a4d-d8b951c27211,Inspiring Overseer,SNC,Streets of New Capenna,4,regular,,18.0,35d9da1d-8678-4252-b0f8-9960795642f0
1249,019ce2ef-c59b-79ab-83d8-37b4d51a8707,Inspiring Overseer,SNC,Streets of New Capenna,1,foil,,18.0,35d9da1d-8678-4252-b0f8-9960795642f0
1250,019ce2f0-15c4-7315-940d-87a8ca874dae,Inspiring Paladin,FDN,Foundations,5,regular,,18.0,0763be06-25b2-4d6b-ab33-a1af85aeb443
1251,019ce2f0-15c5-7cbc-b715-020a61f19bbd,Inspiring Paladin,FDN,Foundations,1,foil,,18.0,0763be06-25b2-4d6b-ab33-a1af85aeb443
1252,019ce2ef-8cb4-7060-82ee-3fbaef168445,Inspiring Unicorn,GRN,Guilds of Ravnica,4,regular,,16.0,
1253,019ce2ef-ee1b-7563-baf5-827f7c1dd76d,Intangible Virtue,WOT,Enchanting Tales,1,regular,,6.0,bb1bc2f9-d02a-4515-aa07-fcf98a3d194d
1254,019ce2ef-9066-7677-8bc8-01f5151546b3,Interplanar Beacon,WAR,War of the Spark,4,regular,,247.0,132d8e2a-e1dd-4867-8e8c-e48b9450b350
1255,019ce2ef-bb42-7408-bb12-91f0333301ea,Intrepid Adversary,MID,Innistrad: Midnight Hunt,1,regular,,25.0,773199f9-c83b-4a77-8342-9f1552ecf595
1256,019ce2f0-0cff-72d4-8e05-bd779dc6542c,Intrepid Rabbit,BLB,Bloomburrow,1,regular,,17.0,4d70b99d-c8bf-4a56-8957-cf587fe60b81
1257,019ce2ef-aed5-70f3-95d9-e9ae22f601b7,Introduction to Prophecy,STX,Strixhaven: School of Mages,2,regular,,4.0,7820923e-bad2-4d6a-92b3-97b9737d2ca9
1258,019ce2ef-e4cc-7ca4-aaf4-d6045609d39f,Invasion of Lorwyn,MOM,March of the Machine,2,regular,,236.0,93f623da-616e-4067-9ea8-5dfbeef8ce0b
1259,019ce2ef-e548-7a5c-9373-8fb735bbfa54,Iridescent Blademaster,MOM,March of the Machine,2,regular,,195.0,3fee189f-539f-48fa-b217-4b2599375364
1260,019ce2ef-90c4-7443-99f2-d451b858f9b4,Ironclad Krovod,WAR,War of the Spark,2,regular,,19.0,afb16895-6542-405e-9793-154ffc439f23
1261,019ce2ef-92c1-7fdd-9109-6093843fcec5,Ironroot Warlord,M20,Core Set 2020,1,regular,,209.0,
1262,019ce2ef-8a48-70a2-b1ce-fe2878e7dcba,Isareth the Awakener,M19,Core Set 2019,2,regular,,104.0,
1263,019ce2ef-7ee8-722b-9f5c-abfecebdda95,Island,HOU,Hour of Devastation,2,regular,,186.0,
1264,019ce2ef-849e-7c70-b9bc-59f49407bb6a,Island,HOU,Hour of Devastation,1,regular,,192.0,
1265,019ce2ef-849f-7ccf-a468-61ab46ec38f7,Island,HOU,Hour of Devastation,1,foil,,192.0,
1266,019ce2ef-849e-748b-94d9-d767e7f5477f,Island,HOU,Hour of Devastation,3,regular,,193.0,
1267,019ce2ef-b150-7ce3-9cd6-95c543aa99e2,Island,RIX,Rivals of Ixalan,1,regular,,193.0,b22fb908-e616-48ce-a388-46eabe26221a
1268,019ce2ef-7c16-7d66-8c36-9622a2cf1240,Island,AKH,Amonkhet,1,regular,,251.0,
1269,019ce2ef-96ef-75af-ad36-381e5826308e,Island,THB,Theros: Beyond Death,1,regular,,251.0,acf7b664-3e75-4018-81f6-2a14ab59f258
1270,019ce2ef-9183-7e22-ac7f-dd8204b330be,Island,WAR,War of the Spark,1,regular,,253.0,7014b9fc-a906-4ffd-a482-22ba8dbe3b4a
1271,019ce2ef-863d-747e-9fa9-70657eff3e24,Island,DOM,Dominaria,1,regular,,254.0,
1272,019ce2ef-953e-7b6c-94c3-e9e341c920ea,Island,ELD,Throne of Eldraine,1,regular,,254.0,4134cd82-6e48-4fc0-bcb4-1e3af369ef82
1273,019ce2ef-9183-7d75-9e0a-25a9b03b5ae3,Island,WAR,War of the Spark,1,regular,,254.0,40eb7b85-8c0f-4311-85f3-11bcb45ba0b6
1274,019ce2ef-863d-77a3-b299-ab633cf37f0a,Island,DOM,Dominaria,1,regular,,255.0,
1275,019ce2ef-953e-7985-93b6-752dc616955e,Island,ELD,Throne of Eldraine,1,regular,,255.0,000f1f50-08e5-4d83-8159-98f06a0e2279
1276,019ce2ef-9183-7b9e-a9f1-4d21954dee6f,Island,WAR,War of the Spark,1,regular,,255.0,a24e28a0-a10f-4324-b008-09564e85573e
1277,019ce2ef-863d-7eeb-848b-22e983044d41,Island,DOM,Dominaria,1,regular,,256.0,
1278,019ce2ef-953e-7fbb-b9d2-692b1db91a26,Island,ELD,Throne of Eldraine,1,regular,,256.0,772b4f6b-dc2b-4247-8f55-f37608d75725
1279,019ce2ef-863d-7c54-bbc8-f3b2182f0914,Island,DOM,Dominaria,1,regular,,257.0,
1280,019ce2ef-953e-717b-9e6c-3008ba2d3e52,Island,ELD,Throne of Eldraine,1,regular,,257.0,49fb2a1e-9995-49c3-bfc7-7f392c95e16a
1281,019ce2ef-7c16-765f-9054-ca5657895c22,Island,AKH,Amonkhet,2,regular,,258.0,
1282,019ce2ef-7c16-74a7-ada3-87e599851d78,Island,AKH,Amonkhet,2,regular,,259.0,
1283,019ce2ef-7c16-79e8-96db-86952c2ecbf6,Island,AKH,Amonkhet,2,regular,,260.0,
1284,019ce2ef-9b38-7da6-8479-abee1b807673,Island,IKO,Ikoria: Lair of Behemoths,1,regular,,263.0,4b2ad5b3-7257-4521-8916-6b1cbfb89e27
1285,019ce2ef-9c8d-72f7-b836-d349f5b83ab5,Island,M21,Core Set 2021,1,regular,,263.0,fc9a66a1-367c-4035-a22e-00fab55be5a0
1286,019ce2ef-9b38-725a-94f0-3d87532f7096,Island,IKO,Ikoria: Lair of Behemoths,1,regular,,264.0,0b9bbc32-a89a-4bed-ab52-ac6569ec74ce
1287,019ce2ef-9c8d-7fa4-9e4f-491b91de82bd,Island,M21,Core Set 2021,1,regular,,264.0,017fb3fc-433e-4853-bbac-99fa04b40233
1288,019ce2ef-81cd-72cc-b1d3-7921521cdae4,Island,XLN,Ixalan,2,regular,,264.0,
1289,019ce2ef-9b38-7208-8802-1fc2324610df,Island,IKO,Ikoria: Lair of Behemoths,1,regular,,265.0,be169f8c-6472-40ec-9b4a-0edcb63e9e2f
1290,019ce2ef-8b8e-7cb6-9294-ec2c3c33db55,Island,M19,Core Set 2019,1,regular,,265.0,
1291,019ce2ef-9c8d-711b-8ce6-601d37e43cfa,Island,M21,Core Set 2021,1,regular,,265.0,0600d6d5-f6a1-47c3-a898-733fab10bbf5
1292,019ce2ef-8024-7d60-99d5-6a79cad8553e,Island,XLN,Ixalan,1,regular,,265.0,
1293,019ce2ef-8b8e-7f9f-92f0-9f105c127049,Island,M19,Core Set 2019,1,regular,,266.0,
1294,019ce2ef-93a2-76e3-8589-4d185b01110f,Island,M20,Core Set 2020,1,regular,,266.0,
1295,019ce2ef-81cd-7189-ac79-2a762a07c706,Island,XLN,Ixalan,2,regular,,266.0,
1296,019ce2ef-8b8e-7262-bb3b-2ea0e22f86bf,Island,M19,Core Set 2019,1,regular,,267.0,
1297,019ce2ef-93a2-7eb3-ae16-97820ea32957,Island,M20,Core Set 2020,1,regular,,267.0,
1298,019ce2ef-81cd-7b95-986b-ff4e2fde5a1a,Island,XLN,Ixalan,2,regular,,267.0,
1299,019ce2ef-8b8e-7bdf-9b00-a79fcd32c0ca,Island,M19,Core Set 2019,1,regular,,268.0,
1300,019ce2ef-93a2-7520-b94c-4db1157c8931,Island,M20,Core Set 2020,1,regular,,268.0,
1301,019ce2ef-a0a9-7671-b0db-f872122866eb,Island,ZNR,Zendikar Rising,1,regular,,269.0,77ea783b-adaa-47be-9918-ca2f161c5d9e
1302,019ce2ef-a0a9-7ae9-a210-4a14b3384262,Island,ZNR,Zendikar Rising,1,regular,,271.0,1ba4b3ad-1aef-44d3-889a-aedd9e070975
1303,019ce2ef-95ac-7cec-a3e2-00ecb884d528,Island,THB,Theros: Beyond Death,1,regular,,280.0,92daaa39-cd2f-4c03-8f41-92d99d0a3366
1304,019ce2ef-95ac-7c19-82c8-bfdb42453fca,Island,THB,Theros: Beyond Death,2,regular,,281.0,b82c12c2-2ebf-470b-b0d2-92ccc5faa056
1305,019ce2ef-a58d-75ce-8b87-f9a69d178825,Island,M21,Core Set 2021,1,regular,,310.0,24aa9fd2-54d9-40d9-9279-abd5bd6ff727
1306,019ce2ef-8ab0-7e1d-a81b-70d7dff0e177,Isolate,M19,Core Set 2019,3,regular,,17.0,
1307,019ce2f0-1d2e-72e4-b6fe-77c1f36129a6,Jade-Cast Sentinel,TDM,Tarkir: Dragonstorm,1,regular,,243.0,516ce5fa-bd00-429b-ba22-b38c7dd9306c
1308,019ce2ef-a99b-7a05-8e44-472e8b09caa0,Jarl of the Forsaken,KHM,Kaldheim,2,regular,,100.0,f5b12c6c-c3d6-4b8a-bed4-d61f67f565b9
1309,019ce2ef-9c8c-7ae6-b7cc-9e8bff5d817e,Jirina Kudro,C20,Commander 2020,1,foil,,,
1310,019ce2ef-8cb4-707a-9296-57e78514a48a,Join Shields,GRN,Guilds of Ravnica,7,regular,,181.0,
1311,019ce2f0-0996-7416-9e25-b0c2aac79c48,Jolted Awake,MH3,Modern Horizons 3,3,regular,,33.0,f773a79f-ad0f-45c9-bcf5-44ba5e992729
1312,019ce2ef-713b-7cbc-b9d7-20af651dbb5a,Joraga Auxiliary,OGW,Oath of the Gatewatch,2,regular,,154.0,
1313,019ce2f0-1622-7e8f-87ca-f870ebdfef75,Joraga Invocation,FDN,Foundations,1,regular,,555.0,01ceca57-65f4-4f99-bd14-9fe5f86c1f62
1314,019ce2ef-863d-7af9-8a55-adc70063b55f,"Josu Vess, Lich Knight",DOM,Dominaria,2,regular,,95.0,
1315,019ce2ef-3b43-7106-aa81-97a0a97bc0b2,Journey to Nowhere,CMD,Magic: The Gathering-Commander,1,regular,,17.0,
1316,019ce2ef-300e-7bda-a769-ac1a0c8a48a1,Journey to Nowhere,ZEN,Zendikar,2,regular,,14.0,
1317,019ce2ef-3495-789b-9914-e9273ec5d8de,Judge's Familiar,RTR,Return to Ravnica,4,regular,,218.0,
1318,019ce2ef-80f1-70a5-ab2b-3fb9b0c1d3a5,"Jugan, the Rising Star",IMA,Iconic Masters,1,regular,,172.0,
1319,019ce2ef-8376-7cab-9588-f452a3f22cf0,Jungle Creeper,RIX,Rivals of Ixalan,5,regular,,161.0,3d71282d-021c-4028-9ab7-f10e43e92c80
1320,019ce2f0-15c4-7998-98ce-b132e811de15,Jungle Hollow,FDN,Foundations,4,regular,,263.0,dc758e14-d370-45e4-bbc5-938fb4d21127
1321,019ce2f0-0935-7350-8af7-0c659032b9c2,Junk Diver,MH3,Modern Horizons 3,1,regular,,293.0,6b5d53cb-bf80-43b0-b839-b11a64ff4c1b
1322,019ce2f0-0bc7-7649-a7c0-664882f30c80,Junkblade Bruiser,BLB,Bloomburrow,3,regular,,220.0,918fd89b-5ab7-4ae2-920c-faca5e9da7b9
1323,019ce2ef-9405-70da-98c2-f23346e60880,"K'rrik, Son of Yawgmoth",C19,Commander 2019,1,regular,,18.0,3592fbe4-8588-486e-99ba-c327b0b6ba24
1324,019ce2ef-8023-7761-ba15-b3952a283fdc,Kabira Crossroads,C17,Commander 2017,1,regular,,259.0,
1325,019ce2ef-300e-7186-a652-d8f17aad856f,Kabira Crossroads,ZEN,Zendikar,1,regular,,216.0,
1326,019ce2ef-a0aa-7a6c-9c7d-2b402806c050,Kabira Takedown,ZNR,Zendikar Rising,2,regular,,19.0,366e9845-019d-47cc-adb8-8fbbaad35b6d
1327,019ce2ef-9c8d-7057-a2da-9ab7b9fd5d67,"Kaervek, the Spiteful",M21,Core Set 2021,3,regular,,106.0,b0fd1009-cd3d-4b53-b9f1-dbc47e8708ab
1328,019ce2ef-c1f2-74a6-8590-ef5bbf601305,Kaito's Pursuit,NEO,Kamigawa: Neon Dynasty,2,regular,,103.0,dd73fa5a-be0f-49a4-a921-afefbc8fa9c5
1329,019ce2ef-6f1a-7b52-b6bb-11b933827e62,Kalastria Healer,BFZ,Battle for Zendikar,2,regular,,114.0,
1330,019ce2ef-713b-738f-98c7-7af45dfbd663,"Kalitas, Traitor of Ghet",OGW,Oath of the Gatewatch,1,regular,,86.0,
1331,019ce2ef-c1f2-74b6-91dc-d28a25d1c8e8,Kami of Restless Shadows,NEO,Kamigawa: Neon Dynasty,2,regular,,104.0,62d3be4a-ab4f-46ef-837c-0f7559a701fe
1332,019ce2ef-c1f2-7a0d-bf35-872a375b93c7,Kami of Terrible Secrets,NEO,Kamigawa: Neon Dynasty,2,regular,,105.0,58f15af6-eaf5-41b8-b93d-5a90ca219478
1333,019ce2ef-e469-7c19-99f4-6c51d64e563d,Kami of Whispered Hopes,MOM,March of the Machine,1,regular,,196.0,5c644650-3861-4a78-9e39-a413b073ddac
1334,019ce2ef-95ab-7d84-8a13-6fd73114e6a6,Karametra's Blessing,THB,Theros: Beyond Death,3,regular,,26.0,88c8e4dc-5378-48d6-85b2-f5ea9ec7cf36
1335,019ce2ef-705f-7581-97ee-a391582bcb35,Karlov of the Ghost Council,C15,Commander 2015,1,regular,,46.0,
1336,019ce2ef-6ffb-70f1-8d06-ba4c74588614,Karmic Justice,C15,Commander 2015,1,regular,,72.0,
1337,019ce2ef-91fb-7f3f-bd01-5d663aefebb2,Kaya's Guile,MH1,Modern Horizons,1,regular,,205.0,
1338,019ce2ef-8581-739a-b7c4-5f3fcae15729,"Kazarov, Sengir Pureblood",DOM,Dominaria,1,regular,,96.0,
1339,019ce2ef-b07c-7f76-b924-e78d0723b2ad,Keen Duelist,C21,Commander 2021,1,regular,,42.0,04f9eb05-7c1d-49f5-a9dc-c44e1a1add89
1340,019ce2ef-9b37-7547-95b5-cafffb8501dc,Keensight Mentor,IKO,Ikoria: Lair of Behemoths,3,regular,,18.0,a0583065-9a6c-4ea4-b6dd-2edfbaed1181
1341,019ce2ef-ee7e-7265-b76c-7c3599dfab22,Kellan's Lightblades,WOE,Wilds of Eldraine,1,regular,,18.0,0cc727a6-f875-49b1-b7a4-67f22fbc3d50
1342,019ce2ef-9c8c-75f1-a84e-8410c421aa8d,"Kelsien, the Plague",C20,Commander 2020,1,foil,,,
1343,019ce2ef-e547-7918-b5e2-7c99ee359557,"Kenrith, the Returned King",MUL,Multiverse Legends,1,regular,,4.0,5ed8b9c5-8b09-40a0-ae08-bc7a7a391256
1344,019ce2ef-9465-761c-8c94-7b0bb96bdb58,Key to the City,C19,Commander 2019,1,regular,,216.0,2da3209b-31f9-4c59-91a2-11a81859e886
1345,019ce2ef-7777-7551-a58f-203d67ba4570,Key to the City,KLD,Kaladesh,2,regular,,220.0,
1346,019ce2ef-7ee8-7d62-b2e6-584face2f4e1,Khenra Eternal,HOU,Hour of Devastation,5,regular,,66.0,
1347,019ce2ef-c461-762a-abb6-2c36960637d3,Kill Shot,SNC,Streets of New Capenna,3,regular,,19.0,61b0b9a3-8f50-4fba-9978-409f3369afa6
1348,019ce2ef-afae-7217-81b9-039f86b9d71a,"Killian, Ink Duelist",STX,Strixhaven: School of Mages,2,regular,,197.0,23ef4f09-2aa1-4a03-b2e2-66d1522f1e46
1349,019ce2ef-5e86-76f5-b90c-fa001b303974,"King Macar, the Gold-Cursed",JOU,Journey into Nyx,1,regular,,74.0,
1350,019ce2ef-5e88-715c-bb3d-9c39858e488f,"King Macar, the Gold-Cursed",JOU,Journey into Nyx,1,foil,,74.0,
1351,019ce2ef-386c-7475-b05c-615aad7f22a6,Kingpin's Pet,GTC,Gatecrash,1,regular,,173.0,
1352,019ce2ef-8154-7983-b5ba-55bf2898d570,Kinjalli's Caller,XLN,Ixalan,6,regular,,18.0,
1353,019ce2ef-8024-7e1f-bfe0-ae9d2f889ee2,Kinjalli's Sunwing,XLN,Ixalan,1,regular,,19.0,
1354,019ce2ef-e0c0-7be5-9d54-c6dfdaa150aa,Kinzu of the Bleak Coven,ONE,Phyrexia: All Will Be One,1,regular,,406.0,28934cf3-c1e0-49c9-93ce-fd60b1881884
1355,019ce2ef-b5ef-70fe-b57f-214d472ede72,Kitchen Imp,MH2,Modern Horizons 2,1,regular,showcase,343.0,20c7b777-c002-45c7-b2bb-d21dab591445
1356,019ce2ef-b5ef-77bc-b580-f3b328bed0c3,Kitchen Imp,MH2,Modern Horizons 2,3,regular,,89.0,836ae711-e62f-49ec-850e-d25f6fd2a4d4
1357,019ce2ef-b6c4-75bb-a88b-5e02f552b67d,Kitchen Imp,MH2,Modern Horizons 2,1,foil,,89.0,836ae711-e62f-49ec-850e-d25f6fd2a4d4
1358,019ce2ef-9c8d-7c14-9d61-52a917be063d,Kitesail Freebooter,M21,Core Set 2021,2,regular,,107.0,88496096-fd9a-451a-85d9-31ccc3580623
1359,019ce2ef-808c-7496-9fd3-d237914a93c4,Kitesail Freebooter,XLN,Ixalan,8,regular,,110.0,
1360,019ce2ef-e548-718a-b93f-7e393b5b62c3,Kitesail,MOM,March of the Machine,1,regular,,261.0,fdc3bf6e-e011-4334-a142-c09941c6f213
1361,019ce2ef-cdcb-7f7a-945f-2ea8d06005cd,Knight of Dawn's Light,DMU,Dominaria United,2,regular,,23.0,b7c7a54e-4df6-4745-8bae-aeefda934d82
1362,019ce2ef-ce9f-7154-9496-2f2e91823378,Knight of Dawn's Light,DMU,Dominaria United,1,foil,,23.0,b7c7a54e-4df6-4745-8bae-aeefda934d82
1363,019ce2ef-92c2-7ecf-a547-07a4acc9b6a0,Knight of the Ebon Legion,M20,Core Set 2020,4,regular,,105.0,
1364,019ce2ef-8f8d-733f-acd5-4a63c852fa47,Knight of the Last Breath,RNA,Ravnica Allegiance,5,regular,,188.0,
1365,019ce2ef-8b14-7f93-b8f1-fffaafc68901,Knight of the Tusk,M19,Core Set 2019,4,regular,,18.0,
1366,019ce2ef-9ad9-75bb-91f9-b04b0bd44149,Knight of the White Orchid,C20,Commander 2020,1,regular,,93.0,
1367,019ce2ef-b07d-70b5-82d4-16fa3b0358ad,Knight of the White Orchid,C21,Commander 2021,1,regular,,95.0,00aef0cf-8b96-4120-9ef4-16203b7c6b9b
1368,019ce2ef-8910-74bf-b7bc-e9b89a95638b,Knight's Pledge,M19,Core Set 2019,6,regular,,19.0,
1369,019ce2ef-b65a-7f4e-a682-bd7bde05c050,Knighted Myr,MH2,Modern Horizons 2,3,regular,,17.0,ee638303-fa02-41b6-8954-156544566b57
1370,019ce2ef-8b14-7fa4-b2ec-14f0cfdd2e04,Knightly Valor,M19,Core Set 2019,4,regular,,20.0,
1371,019ce2ef-a783-7d4a-9810-9ceab44fee8d,Knights' Charge,ELD,Throne of Eldraine,1,regular,brawl deck,328.0,
1372,019ce2ef-a93a-7e6d-9e32-0965c408f064,Koma's Faithful,KHM,Kaldheim,1,regular,,102.0,af0f1a90-af64-4122-9c1a-954edf8fa240
1373,019ce2ef-a112-7fdf-8f80-47b417c1fcb1,Kor Celebrant,ZNR,Zendikar Rising,1,regular,,22.0,87c37e46-a961-4739-8893-f783013e2be6
1374,019ce2ef-e548-79bd-b096-5a1df3dbaa59,Kor Halberd,MOM,March of the Machine,1,regular,,27.0,a4705327-ada6-4575-82fc-351e183d060e
1375,019ce2ef-705f-72b0-8bbd-d1f8b7a68533,Kor Sanctifiers,C15,Commander 2015,1,regular,,73.0,
1376,019ce2ef-6635-742a-9279-4fefe5a7b884,Kor Skyfisher,DDO,Duel Decks: Elspeth vs. Kiora,1,regular,,16.0,
1377,019ce2ef-7a6b-7e26-9cce-d311bbf0b88a,Kor Skyfisher,MM3,Modern Masters 2017 Edition,1,regular,,11.0,
1378,019ce2ef-300e-7603-a9fe-593124d248f4,Kor Skyfisher,ZEN,Zendikar,2,regular,,23.0,
1379,019ce2ef-8d8f-7cbd-88a5-fdc8d9359d40,Korozda Guildmage,GK1,Guilds of Ravnica Guild Kits,2,regular,,66.0,
1380,019ce2ef-9407-727f-99e7-d34e4123d2ec,Krosan Verge,C19,Commander 2019,1,regular,,257.0,ea793198-7768-4844-98d2-cc6fba11a32d
1381,019ce2ef-9674-7ac7-bacb-c389be7a9b11,"Kunoros, Hound of Athreos",THB,Theros: Beyond Death,1,regular,,222.0,dbc0d2c3-8060-4155-b10e-d641648a4e6b
1382,019ce2ef-efdb-7b17-946e-0c76dd703421,Lady of Laughter,WOE,Wilds of Eldraine,1,foil,jumpstart,309.0,c26714f9-d42f-4bac-b185-8943d1621444
1383,019ce2ef-e801-75bc-8bfc-d48c4c3a7ec6,"Landroval, Horizon Witness",LTR,The Lord of the Rings: Tales of Middle-Earth,1,regular,,21.0,5684483b-9a6a-499b-a5e1-e2815ee03cdb
1384,019ce2ef-b5f0-7365-8bd3-ebc9650fc9da,Landscaper Colos,MH2,Modern Horizons 2,3,regular,,18.0,f45a9e86-133e-4626-a239-73ef88d9ae12
1385,019ce2ef-9cfa-7da1-a3c7-a3e8bfdd78f5,Last Gasp,JMP,Jumpstart,1,regular,,247.0,05d3b392-cbd0-437a-a21f-a36d5093a719
1386,019ce2ef-b5ef-7319-90b0-2b516f493858,Late to Dinner,MH2,Modern Horizons 2,2,regular,showcase,329.0,4613fc96-a98d-4ea8-b1e2-0a776dfd4d5a
1387,019ce2ef-b5ef-730b-9bc0-96a09382b36a,Late to Dinner,MH2,Modern Horizons 2,3,regular,,19.0,6633cab9-23f9-474e-96f1-ca7c0c67691c
1388,019ce2ef-8a47-7855-be33-5d4117e05eb5,"Lathliss, Dragon Queen",M19,Core Set 2019,1,regular,,149.0,
1389,019ce2f0-1554-75c2-a90f-2735bf270865,"Lathril, Blade of the Elves",FDN,Foundations,2,regular,,242.0,8d4e5480-a287-4a25-b855-a26dae555b1c
1390,019ce2ef-e205-7b05-b915-680113a4abc1,Lattice-Blade Mantis,ONE,Phyrexia: All Will Be One,1,foil,,173.0,f7427def-c4b2-475a-8dc9-7e89409d9abb
1391,019ce2ef-9e43-76b2-b2ec-91e131d56c33,Launch Party,JMP,Jumpstart,1,regular,,248.0,a49b95d9-2b64-4f33-97b1-db350026aa95
1392,019ce2ef-5e87-70b7-a928-389f7f6ff157,Launch the Fleet,JOU,Journey into Nyx,1,regular,,15.0,
1393,019ce2ef-9bba-74f7-838b-f8fa5bebb745,Lavabrink Venturer,IKO,Ikoria: Lair of Behemoths,1,regular,,19.0,38c0d9d6-c9c7-4169-8106-400445643a1a
1394,019ce2ef-7b4b-7473-968c-31972b02ba59,Lay Bare the Heart,AKH,Amonkhet,2,regular,,96.0,
1395,019ce2ef-90c3-7709-a5ea-abacad0b3491,Lazotep Behemoth,WAR,War of the Spark,5,regular,,95.0,b4be6f22-e9e8-462a-956b-e1c78bbadacc
1396,019ce2ef-90c3-70e8-886f-253fd9a592e9,Lazotep Reaver,WAR,War of the Spark,8,regular,,96.0,594bbe43-a8aa-42aa-bc49-cb4f3bc05cad
1397,019ce2f0-0f67-7945-abb3-65b13f4b4b60,Leatherback Baloth,PLIST,The List,1,regular,,107.0,b6d8a662-cff3-4664-9591-568847609669
1398,019ce2ef-7eea-705b-96e7-1f7547da1257,Leave // Chance,HOU,Hour of Devastation,1,regular,,153.0,
1399,019ce2ef-8cb4-74f1-a53f-5699aec7951a,Ledev Champion,GRN,Guilds of Ravnica,8,regular,,186.0,
1400,019ce2ef-8376-7505-9529-9305e117a1b5,Legion Conquistador,RIX,Rivals of Ixalan,4,regular,,11.0,ba197b31-97b8-447e-b8fd-3eefd5ccdc72
1401,019ce2ef-8375-7573-a9a0-c8319acd04c9,Legion Lieutenant,RIX,Rivals of Ixalan,2,regular,,163.0,33f7ff99-65d6-4e97-bdfa-b6e6eac0588f
1402,019ce2ef-b658-7cfb-a793-8d3509f53290,Legion Vanguard,MH2,Modern Horizons 2,1,regular,,90.0,d0ac1b48-dcfd-48a1-b999-ccc642596d28
1403,019ce2ef-8c52-736b-9085-e0c55ba5e2ca,Legion Warboss,GRN,Guilds of Ravnica,2,regular,,109.0,
1404,019ce2ef-92c2-78eb-9b94-d2ffe1717e30,Legion's End,M20,Core Set 2020,2,regular,,106.0,
1405,019ce2ef-808d-718c-8afd-206fb469e93b,Legion's Landing,XLN,Ixalan,1,regular,,22.0,
1406,019ce2ef-faef-7583-84fa-96a6cd454a7e,Lembas,LTR,The Lord of the Rings: Tales of Middle-Earth,4,regular,"scroll,showcase",694.0,ec66d2fe-fb19-4aac-8a3c-dcf391e423c5
1407,019ce2ef-8ab0-775a-8dbf-7a6da7c8004d,"Lena, Selfless Champion",M19,Core Set 2019,1,regular,,21.0,
1408,019ce2ef-b6c3-75fb-b5c7-05cbb93466a3,Lens Flare,MH2,Modern Horizons 2,1,regular,showcase,330.0,09d044aa-abed-47dd-b3a1-268fab03f8af
1409,019ce2ef-b659-7c6b-b166-ef2a896aefea,Lens Flare,MH2,Modern Horizons 2,3,regular,,20.0,7d92f037-a121-428a-ac53-98437366ecfd
1410,019ce2ef-b726-7905-963d-fe4d76d0fab8,Lens Flare,MH2,Modern Horizons 2,2,foil,,20.0,7d92f037-a121-428a-ac53-98437366ecfd
1411,019ce2ef-e189-7d1a-9c6a-6d3b092e8275,Leonin Lightbringer,ONE,Phyrexia: All Will Be One,1,regular,,20.0,96ae13df-670e-49a0-99b0-baf908ac9eb4
1412,019ce2ef-8ab0-797a-b604-3f46592ca1ce,Leonin Vanguard,M19,Core Set 2019,4,regular,,22.0,
1413,019ce2ef-c111-7495-94bd-763127b97d52,Lethal Exploit,NEO,Kamigawa: Neon Dynasty,5,regular,,107.0,8d8edf8f-c2bd-4fd1-8abf-d3162e068b17
1414,019ce2ef-7f4c-7926-b9f3-c5ce19fc75ff,Lethal Sting,HOU,Hour of Devastation,4,regular,,67.0,
1415,019ce2ef-92c1-78f0-acf1-88788b126874,Leyline of Sanctity,M20,Core Set 2020,4,regular,,26.0,
1416,019ce2ef-92c2-7619-bd5a-0d5e44563fbb,Leyline of the Void,M20,Core Set 2020,2,regular,,107.0,
1417,019ce2ef-90c3-7105-835a-b31f5c911b69,Leyline Prowler,WAR,War of the Spark,3,regular,,202.0,c56b4e8f-d48e-4bb0-883d-29f978033f65
1418,019ce2ef-8a46-7a10-a030-bd05faf0de98,Lich's Caress,M19,Core Set 2019,1,regular,,105.0,
1419,019ce2ef-8581-7f22-ad10-141e077846cd,Lich's Mastery,DOM,Dominaria,1,regular,,98.0,
1420,019ce2ef-c111-7217-b9d8-a200cce31f0d,Life of Toshiro Umezawa,NEO,Kamigawa: Neon Dynasty,1,regular,,108.0,f7f4adf7-b871-417b-8904-7f024ca21486
1421,019ce2ef-2941-7924-ba9e-0c0509a3ac41,Lifebane Zombie,M14,Magic 2014 Core Set,2,regular,,101.0,
1422,019ce2ef-9b37-7e90-9144-d669f5c0c437,Light of Hope,IKO,Ikoria: Lair of Behemoths,1,regular,,20.0,bcb00599-e082-49b0-88f3-ef91b75595e4
1423,019ce2ef-db7a-76ce-9b93-8e3b39a51d30,Light of Hope,J22,Jumpstart 2022,1,regular,,209.0,83fcdd23-7535-4995-b5db-c004bfc40566
1424,019ce2ef-8cb4-7de7-b817-e0332742c6df,Light of the Legion,GRN,Guilds of Ravnica,1,regular,,19.0,
1425,019ce2ef-c113-7c48-8a91-54439eea44e3,Light the Way,NEO,Kamigawa: Neon Dynasty,1,regular,,24.0,3a2fd960-c4ec-4dfa-a61d-f8577b9d3519
1426,019ce2f0-1e61-7a59-a042-171187f91552,Lightfoot Technique,TDM,Tarkir: Dragonstorm,1,foil,,14.0,baac1a41-d44d-4184-9147-b4233e73de65
1427,019ce2ef-7060-725e-8fa8-aa715c4c34b7,Lightning Greaves,C15,Commander 2015,1,regular,,257.0,
1428,019ce2ef-8153-73ff-9a9c-2bc1c3e83b99,Lightning-Rig Crew,XLN,Ixalan,2,regular,,150.0,
1429,019ce2ef-7d56-784f-afd3-49e10260fc0f,Liliana's Defeat,HOU,Hour of Devastation,1,regular,,68.0,
1430,019ce2ef-9c8d-7822-adcc-d3ad00536903,Liliana's Devotee,M21,Core Set 2021,1,regular,,109.0,ae5d7f15-a86f-4eaa-8280-2e7f73c8ce3a
1431,019ce2ef-7561-769d-a101-ed58cd12c83b,Liliana's Elite,EMN,Eldritch Moon,1,foil,,94.0,
1432,019ce2ef-7bb1-7099-9329-1c0c25b5def1,Liliana's Mastery,AKH,Amonkhet,1,regular,,98.0,
1433,019ce2ef-a58e-7c91-99fe-a35d63039fed,Liliana's Scorn,M21,Core Set 2021,2,regular,,329.0,b231f941-4acb-46f2-81ae-16e5a28e65af
1434,019ce2ef-2a8c-793a-8ec8-b58104920c34,Liliana's Specter,M11,Magic 2011,4,regular,,104.0,
1435,019ce2ef-8a47-79ca-b628-ab07d7ecf97a,Liliana's Spoils,M19,Core Set 2019,2,regular,,294.0,
1436,019ce2ef-9c8d-7977-8f19-3ee3ffecd91a,Liliana's Standard Bearer,M21,Core Set 2021,1,regular,,110.0,3dc48b87-62cb-48f6-8979-e6fb98717b52
1437,019ce2ef-a58e-7d8b-bee3-f6db5e5489c3,Liliana's Steward,M21,Core Set 2021,3,regular,showcase,300.0,aa9ab339-5f1a-425d-abfd-0b65a33d5c85
1438,019ce2ef-9c8d-7151-aea1-d6517b93a378,Liliana's Steward,M21,Core Set 2021,5,regular,,111.0,1945fc78-8aa4-46fb-9571-eaa1c4729e3d
1439,019ce2ef-9066-75dd-9c2f-0dee6cc1d421,Liliana's Triumph,WAR,War of the Spark,2,regular,,98.0,84803db8-fdb0-462b-92f6-33d591593d2d
1440,019ce2ef-b5ee-734d-a7c1-f9c27b81112f,"Liliana, Death Mage",M21,Core Set 2021,1,foil,,328.0,
1441,019ce2ef-8c52-7e40-983d-bc7bdbd6205d,"Liliana, the Necromancer",M19,Core Set 2019,1,foil,,291.0,
1442,019ce2ef-8ab0-7ae7-a4d6-ff490cc799b2,"Liliana, Untouched by Death",M19,Core Set 2019,4,regular,,106.0,
1443,019ce2ef-9467-7301-8bef-2a61f8de3de7,"Linden, the Steadfast Queen",ELD,Throne of Eldraine,3,regular,,20.0,fa3ab467-be97-4b84-a73d-b03484d06b97
1444,019ce2ef-29a8-791e-97d0-a04194bb6212,Lingering Souls,DKA,Dark Ascension,4,regular,,12.0,
1445,019ce2f0-0bc6-7dd5-afe0-19d7b418c5af,Llanowar Elves,FDN,Foundations,6,regular,,227.0,6a0b230b-d391-4998-a3f7-7b158a0ec2cd
1446,019ce2ef-8a47-7e06-a896-a1804b37e412,Llanowar Elves,M19,Core Set 2019,2,regular,,314.0,
1447,019ce2ef-b65a-7d21-a6d2-a704c319a811,Loathsome Curator,MH2,Modern Horizons 2,3,regular,,91.0,11a59a6f-6ef0-4acc-8358-a4e2cebdb7d5
1448,019ce2ef-2dce-7601-a546-f62a036b940f,Lone Missionary,ROE,Rise of the Eldrazi,2,regular,,34.0,
1449,019ce2f0-1554-7e22-9b7a-9a4af4615ef4,"Loot, Exuberant Explorer",FDN,Foundations,1,regular,,106.0,09980ce6-425b-4e03-94d0-0f02043cb361
1450,019ce2ef-d90b-742b-a8e8-f3ff50e66e91,Loran's Escape,BRO,The Brothers' War,1,regular,,14.0,3765610d-a0c1-4de9-a81b-ffa3eb06454b
1451,019ce2ef-7bb2-7eba-ae24-05c57a3ac6cf,Lord of the Accursed,AKH,Amonkhet,4,regular,,99.0,
1452,019ce2ef-aed4-791c-9d90-730997f798a0,Lorehold Apprentice,STX,Strixhaven: School of Mages,4,regular,,198.0,048157c6-4626-4881-ba19-deddd13622dc
1453,019ce2ef-7777-7169-b20e-d982dc630cd3,Lost Legacy,KLD,Kaladesh,2,regular,,88.0,
1454,019ce2ef-8cb4-7380-946a-dea187855e48,Lotleth Giant,GRN,Guilds of Ravnica,3,regular,,74.0,
1455,019ce2ef-8d26-7edf-bba5-842738418548,Lotleth Giant,GRN,Guilds of Ravnica,1,foil,,74.0,
1456,019ce2ef-cdcb-7c4e-bc20-ff7f3438e234,Love Song of Night and Day,DMU,Dominaria United,2,regular,,25.0,1e08d288-2f09-4856-a9ed-cc8aa8d953d7
1457,019ce2ef-92c2-755e-ba19-c633099387d6,Loxodon Lifechanter,M20,Core Set 2020,3,regular,,27.0,
1458,019ce2ef-8910-7ceb-af7a-bdd10c220038,Loxodon Line Breaker,M19,Core Set 2019,6,regular,,24.0,
1459,019ce2ef-8cb4-7b8b-a77f-432e28dc2228,Loxodon Restorer,GRN,Guilds of Ravnica,4,regular,,20.0,
1460,019ce2ef-92c2-7e73-a0f0-213a7b5ac9d7,Loyal Pegasus,M20,Core Set 2020,2,regular,,28.0,
1461,019ce2ef-b8d1-7c4e-b31b-8efb94af37e3,Loyal Warhound,AFR,Adventures in the Forgotten Realms,2,regular,,23.0,f408c5e4-e18d-4e4d-959a-f41df4c3019c
1462,019ce2ef-c1f2-7058-a354-ad13dabb4a2f,Lucky Offering,NEO,Kamigawa: Neon Dynasty,1,regular,,27.0,24bbdeb0-9165-4874-a853-d19c20c250ef
1463,019ce2ef-8f27-78ed-9fca-93f5e7cc18bc,Lumbering Battlement,RNA,Ravnica Allegiance,2,regular,,15.0,
1464,019ce2ef-a0aa-7da4-957f-d39bb7796fed,Luminarch Aspirant,ZNR,Zendikar Rising,8,regular,,24.0,fe964e7e-e2c5-4263-889d-0a531eb51442
1465,019ce2ef-8a46-7208-9aba-480b1766bb0b,Luminous Bonds,M19,Core Set 2019,6,regular,,25.0,
1466,019ce2ef-9a79-7cc5-bbe1-4c1572534ee4,Luminous Broodmoth,IKO,Ikoria: Lair of Behemoths,1,regular,,21.0,bb65df55-d6a6-4a57-a903-e5eb17637982
1467,019ce2f0-15c4-75b7-943c-5e53dae7737b,Luminous Rebuke,FDN,Foundations,4,regular,,20.0,621839e1-2756-4cdc-a25c-5f76ea98dd87
1468,019ce2ef-bfdf-7bb8-9b69-438ca9c5cc79,Lunarch Veteran,DBL,Innistrad: Double Feature,3,regular,,27.0,07b9edea-96eb-4146-8922-fbefdb8d57af
1469,019ce2ef-bbb2-7eee-9764-7ea9be42dcad,Lunarch Veteran,MID,Innistrad: Midnight Hunt,1,regular,,27.0,d2704743-2e23-40b9-a367-c73d2db45afc
1470,019ce2ef-7f4c-7cdb-8d14-3017552708ab,Lurching Rotbeast,HOU,Hour of Devastation,4,regular,,69.0,
1471,019ce2ef-bd49-7f3b-b975-00029283a4bf,Lurrus of the Dream-Den,Q06,Pioneer Challenge Decks 2021,1,regular,,9.0,7b76dafa-46ed-4b22-908a-8932505d4f4c
1472,019ce2ef-9066-70c2-80a3-ced29616a125,"Lyzolda, the Blood Witch",GK2,Ravnica Allegiance Guild Kits,1,regular,,65.0,
1473,019ce2ef-a372-7f39-b843-83429f142359,Maalfeld Twins,CMR,Commander Legends,1,regular,,132.0,fa715fde-8339-447b-8ac8-3126830bece8
1474,019ce2ef-a783-7208-9ce7-11e6a7fbf3bb,Mace of the Valiant,ELD,Throne of Eldraine,1,regular,brawl deck,314.0,
1475,019ce2f0-1303-7190-96c8-4eb08763b559,Maelstrom Pulse,FDN,Foundations,1,regular,,661.0,
1476,019ce2ef-b07d-7be0-b434-880af757f785,Magister of Worth,C21,Commander 2021,1,regular,,223.0,e32b7d4b-60ac-4970-9af0-8c50623f6d64
1477,019ce2ef-8a47-7710-abf8-e2c2d6f00926,Magistrate's Scepter,M19,Core Set 2019,1,regular,,238.0,
1478,019ce2ef-cd63-768b-929f-9abe781e863e,Magnigoth Sentry,DMU,Dominaria United,1,regular,,172.0,d939d4bc-b7e8-4ee8-b904-68f0bff0fde1
1479,019ce2f0-1622-75bd-92dc-ad8b35507fdc,Magnigoth Sentry,FDN,Foundations,1,regular,,556.0,5624e610-c4c0-4103-a32b-0f1264030a7a
1480,019ce2ef-b659-7c7a-8b03-e83b32afe0e3,Magus of the Bridge,MH2,Modern Horizons 2,1,regular,,92.0,8ec4b7d1-16ed-4cc3-8db3-12fb8f25658c
1481,019ce2ef-9ad9-7148-935f-9e5ec1caa537,Magus of the Disk,C20,Commander 2020,1,regular,,94.0,
1482,019ce2ef-9465-7975-a9ca-ab7865a58d6c,Magus of the Wheel,C19,Commander 2019,1,regular,,149.0,9c173f4b-6533-419d-9523-232b8fcadfda
1483,019ce2ef-9ada-7cd6-a34a-33f3f0519420,Magus of the Wheel,C20,Commander 2020,1,regular,,156.0,
1484,019ce2ef-a99b-7d03-a673-061f734c485c,"Maja, Bretagard Protector",KHM,Kaldheim,1,regular,showcase,327.0,b8832509-497d-4253-bbb1-92adfb69368f
1485,019ce2ef-a99b-7b32-b882-1c31cbeafeb3,"Maja, Bretagard Protector",KHM,Kaldheim,1,regular,,222.0,cc3707f1-ed9d-412e-a7be-b6d8b554bd6c
1486,019ce2ef-a5ee-75d6-9843-96d0770387b0,Majestic Auricorn,IKO,Ikoria: Lair of Behemoths,1,regular,showcase,281.0,3d63b878-4d0d-444c-9db2-05cf5dd3fa8c
1487,019ce2ef-9b37-7d0f-a0c4-9e92567d62cf,Majestic Auricorn,IKO,Ikoria: Lair of Behemoths,3,regular,,22.0,8df320c9-449a-457e-8688-f611aceb3352
1488,019ce2ef-8376-7c19-8aeb-5530b966fa19,Majestic Heliopterus,RIX,Rivals of Ixalan,3,regular,,13.0,0a012af0-c54e-4658-8a3b-b81cc8835e1b
1489,019ce2ef-8b14-7a6d-963d-d5fc78a79870,Make a Stand,M19,Core Set 2019,2,regular,,26.0,
1490,019ce2f0-15c5-78bd-b1cd-258de6a66fa1,Make Your Move,FDN,Foundations,3,regular,,143.0,7368f861-3288-4645-90a7-ca35d6da3721
1491,019ce2ef-a0aa-786b-b642-6690e6d211fa,Malakir Blood-Priest,ZNR,Zendikar Rising,3,regular,,110.0,3d14ea81-d303-47db-90b4-7d10588f7ea6
1492,019ce2ef-71a1-7c33-9ae2-d1c24afeae89,Malakir Soothsayer,OGW,Oath of the Gatewatch,1,regular,,87.0,
1493,019ce2f0-0997-7826-9b04-4aaae894ed9b,Malevolent Rumble,MH3,Modern Horizons 3,1,regular,,161.0,a178cfe8-f9fa-4255-88d0-54a0bed079f5
1494,019ce2ef-c112-7fb0-b6f1-0277b58f82fe,Malicious Malfunction,NEO,Kamigawa: Neon Dynasty,3,regular,,110.0,56e7415f-f014-4ece-81db-d8271444d9e9
1495,019ce2ef-9329-71ad-ae0e-be908042b863,Mammoth Spider,M20,Core Set 2020,1,regular,,181.0,
1496,019ce2ef-7f4c-7932-85bc-99c57c44cc17,Manalith,HOU,Hour of Devastation,4,regular,,164.0,
1497,019ce2ef-e189-7e8f-bfb5-fed39e3b16c0,Mandible Justiciar,ONE,Phyrexia: All Will Be One,1,regular,,21.0,544a707d-4090-4a74-91aa-60fbd8a4ae96
1498,019ce2ef-9329-7050-920a-5678f30f1fb9,Maniacal Rage,M20,Core Set 2020,1,regular,,149.0,
1499,019ce2ef-7eea-7bda-9726-043fa71a49df,Manticore Eternal,HOU,Hour of Devastation,3,regular,,103.0,
1500,019ce2ef-db04-7118-ba64-c1cf8afe8938,Marauding Blight-Priest,J22,Jumpstart 2022,1,regular,,439.0,1f9de75b-5295-4c7f-b149-b9cd508db1f2
1501,019ce2ef-a112-79c2-ae50-7ab28cd59635,Marauding Blight-Priest,ZNR,Zendikar Rising,3,regular,,112.0,730ddbcd-0814-4e22-85e9-78b0878324b6
1502,019ce2ef-7ee8-7db3-9f99-72b78b77b1eb,Marauding Boneslasher,HOU,Hour of Devastation,4,regular,,70.0,
1503,019ce2ef-b6c3-7c25-8683-3e761b13e001,Marble Gargoyle,MH2,Modern Horizons 2,3,regular,retro,382.0,1e9900b8-da89-433b-ada5-f17c82e60c64
1504,019ce2ef-b79d-715c-8965-e83605b5614d,Marble Gargoyle,MH2,Modern Horizons 2,1,foil_etched,retro,382.0,1e9900b8-da89-433b-ada5-f17c82e60c64
1505,019ce2ef-b65a-757b-99a9-d79dcc4d4f6c,Marble Gargoyle,MH2,Modern Horizons 2,1,regular,,21.0,0c62efb9-11f2-4f82-af08-4587d58d6e3d
1506,019ce2ef-b6c4-73bf-a13e-8cf9b5592bf5,Marble Gargoyle,MH2,Modern Horizons 2,1,foil,,21.0,0c62efb9-11f2-4f82-af08-4587d58d6e3d
1507,019ce2ef-81ca-7681-8375-09e19155f7f6,March of the Drowned,XLN,Ixalan,3,regular,,112.0,
1508,019ce2ef-81ca-7cce-bab5-b9b451cc6bb7,March of the Drowned,XLN,Ixalan,1,foil,,112.0,
1509,019ce2ef-c192-73ba-90b9-7006748b42d0,March of Wretched Sorrow,NEO,Kamigawa: Neon Dynasty,1,regular,,111.0,050a604e-6146-4e2e-88a5-863ecb3dfa1f
1510,019ce2ef-7779-7141-bd28-6ff0c56f6e1c,Marionette Master,KLD,Kaladesh,2,regular,,90.0,
1511,019ce2ef-e877-7ee5-94ac-1580d8643f1c,Markov Baron,MAT,March of the Machine: The Aftermath,4,foil,showcase,64.0,c79527ca-15f5-427a-9245-6b7f4230a8b7
1512,019ce2ef-e740-7a7f-9551-0193ab576a48,Markov Baron,MAT,March of the Machine: The Aftermath,1,regular,,14.0,a1dc6b0f-09bb-4489-8022-42c700eb1191
1513,019ce2ef-7561-7883-91e7-0947a8baca22,Markov Crusader,EMN,Eldritch Moon,1,regular,,95.0,
1514,019ce2ef-7347-71f7-b23e-fb751ed500bc,Markov Dreadknight,SOI,Shadows over Innistrad,1,foil,,122.0,
1515,019ce2ef-705f-7d6e-9afb-a801506d88cc,Marshal's Anthem,C15,Commander 2015,1,regular,,74.0,
1516,019ce2ef-9a7a-70ba-922f-6386c1ee28c0,Martial Impetus,C20,Commander 2020,1,regular,,28.0,
1517,019ce2ef-b07d-77b5-a78e-9d26b66175a8,Martial Impetus,C21,Commander 2021,1,regular,,96.0,e73d6ae2-ac26-43fd-a786-9d6bde261bb9
1518,019ce2ef-8376-7f9f-8609-172c77fd9637,Martyr of Dusk,RIX,Rivals of Ixalan,4,regular,,14.0,04134be2-5e40-4732-832c-f616009eceff
1519,019ce2ef-8d8f-778c-8abf-232b5e2cdd25,Martyr of Sands,UMA,Ultimate Masters,1,regular,,25.0,
1520,019ce2ef-bb42-77eb-82f7-ec9a6d38a52a,Mask of Griselbrand,MID,Innistrad: Midnight Hunt,2,regular,,111.0,829786e2-260b-4bc6-935b-1868b37e2d33
1521,019ce2ef-90c3-713d-a3a0-90e105c7c4b2,Massacre Girl,WAR,War of the Spark,2,regular,,99.0,be8ec9e1-2c8e-496d-9111-4d453b75b578
1522,019ce2ef-9c8c-7536-b213-d4c8ee24ff49,Massacre Wurm,M21,Core Set 2021,1,regular,,114.0,e3185b01-0d91-4927-98e9-bc9df6c20917
1523,019ce2ef-9066-74c4-b327-2032dc65af1e,Master of Cruelties,GK2,Ravnica Allegiance Guild Kits,1,regular,,66.0,
1524,019ce2ef-8376-763c-815a-25c20f9e79f1,Mastermind's Acquisition,RIX,Rivals of Ixalan,4,regular,,77.0,2f00f09b-a113-460e-ac2f-d3988a83179e
1525,019ce2ef-a0aa-7ce8-8011-0e387489ba4d,Maul of the Skyclaves,ZNR,Zendikar Rising,2,regular,,27.0,f18f2608-0d44-442c-97a1-12ac94b7abac
1526,019ce2ef-8cb4-712f-a864-6d462ec7423d,Mausoleum Secrets,GRN,Guilds of Ravnica,1,regular,,75.0,
1527,019ce2ef-9c8c-7824-8994-7a74d24bfd2c,Mazemind Tome,M21,Core Set 2021,1,regular,,232.0,9fd761f3-6b43-4150-8595-dc3abd85b06c
1528,019ce2ef-863d-7175-afe9-cdf9f857eb7e,Memorial to Glory,DOM,Dominaria,3,regular,,244.0,
1529,019ce2ef-8a47-7330-a4c4-87a1e85b9c87,Mentor of the Meek,M19,Core Set 2019,2,regular,,27.0,
1530,019ce2ef-f814-75b5-b0ce-a429d78a35d9,Mephitic Draught,LCI,Lost Caverns of Ixalan,2,regular,,112.0,adcae196-dbcc-44d5-b700-c57b0b646483
1531,019ce2ef-f814-7a4d-a2b6-1b3c35a18e7a,Mephitic Draught,LCI,Lost Caverns of Ixalan,2,foil,,112.0,adcae196-dbcc-44d5-b700-c57b0b646483
1532,019ce2ef-7eea-7b05-9f56-b227f57d8946,Merciless Eternal,HOU,Hour of Devastation,1,regular,,71.0,
1533,019ce2ef-7266-7df4-bffb-e8c529ea00db,Merciless Resolve,SOI,Shadows over Innistrad,1,regular,,123.0,
1534,019ce2ef-cd65-7570-978a-45e689b50900,Mesa Cavalier,DMU,Dominaria United,4,regular,,26.0,feeec740-7ffc-4f57-b52c-92209da91d69
1535,019ce2ef-ce9f-7f5f-85fc-7523fed7674b,Mesa Cavalier,DMU,Dominaria United,1,foil,,26.0,feeec740-7ffc-4f57-b52c-92209da91d69
1536,019ce2ef-705f-7705-a1b1-0f599491ad8e,Mesa Enchantress,C15,Commander 2015,1,regular,,75.0,
1537,019ce2ef-863d-76ca-aed1-b479c8682e22,Mesa Unicorn,DOM,Dominaria,1,regular,,27.0,
1538,019ce2ef-84a0-7975-ad6c-90b533871082,Mesmeric Fiend,A25,Masters 25,4,regular,,97.0,
1539,019ce2ef-7bb2-76db-a0f2-c12291b132d7,Miasmic Mummy,AKH,Amonkhet,4,regular,,100.0,
1540,019ce2ef-79a7-7710-b830-3090909fac4e,Midnight Entourage,AER,Aether Revolt,1,regular,,66.0,
1541,019ce2ef-7778-719c-b2ee-2dcb2dac372e,Midnight Oil,KLD,Kaladesh,1,regular,,92.0,
1542,019ce2ef-8cb4-7e3b-a284-963245008478,Midnight Reaper,GRN,Guilds of Ravnica,4,regular,,77.0,
1543,019ce2f0-136a-7be6-bda7-6dfd3489efeb,Midnight Snack,FDN,Foundations,1,regular,,65.0,c9b7543f-2a45-4db6-b560-d15507a58c91
1544,019ce2ef-7b4b-7094-8a06-ebcc42348db2,Mighty Leap,AKH,Amonkhet,3,regular,,20.0,
1545,019ce2ef-8910-7f45-a11e-d78892eb6295,Mighty Leap,M19,Core Set 2019,3,regular,,28.0,
1546,019ce2ef-8b15-734d-b8e3-859a3f78cf4a,Mighty Leap,M19,Core Set 2019,1,foil,,28.0,
1547,019ce2ef-b07d-7e64-a1e2-00df5694fced,"Mikokoro, Center of the Sea",C21,Commander 2021,1,regular,,302.0,8f788b3c-bc36-47a8-b4c4-32c8642e26ad
1548,019ce2f0-1552-74d9-a005-ea628a03636e,Mild-Mannered Librarian,FDN,Foundations,2,regular,,228.0,5389663a-fe25-41b9-8c92-1f4d7721ffc2
1549,019ce2f0-1552-764d-a4e6-53e16b1c751e,Mild-Mannered Librarian,FDN,Foundations,1,foil,,228.0,5389663a-fe25-41b9-8c92-1f4d7721ffc2
1550,019ce2ef-72da-7749-a521-021f395854af,Militant Inquisitor,SOI,Shadows over Innistrad,1,regular,,26.0,
1551,019ce2ef-8a47-7069-81c7-df14a31811dd,Militia Bugler,M19,Core Set 2019,3,regular,,29.0,
1552,019ce2ef-bdae-7e3f-b536-b3e826290333,Militia Rallier,VOW,Innistrad: Crimson Vow,3,regular,,24.0,51b3ff40-3185-4369-985e-17613bb6ad22
1553,019ce2ef-9407-7908-99c9-10cc31d73909,Mimic Vat,C19,Commander 2019,1,regular,,219.0,9050cd01-44c9-4e87-a165-a8b88c8e5d45
1554,019ce2f0-0bc7-71ee-b9c1-db4a72828996,Mind Drill Assailant,BLB,Bloomburrow,3,regular,,225.0,507ba708-ca9b-453e-b4c2-23b6650eb5a8
1555,019ce2ef-9329-752a-b703-836bf4da508c,Mind Rot,M20,Core Set 2020,2,regular,,108.0,
1556,019ce2ef-93a0-7361-8c50-99fdf989c31a,Mind Rot,M20,Core Set 2020,1,foil,,108.0,
1557,019ce2ef-b07d-7732-84e5-6774388c8269,Mind Stone,C21,Commander 2021,1,regular,,251.0,8c899cbd-cddd-43f9-a95d-a6e5af990362
1558,019ce2ef-ec0c-7e75-b7d6-621c5831ef87,Ministrant of Obligation,CMM,Commander Masters,1,regular,,43.0,30d9c9db-28a0-47fa-b561-6040e47c2392
1559,019ce2ef-ed3c-7210-ae7f-f70e1ac03bd3,Ministrant of Obligation,CMM,Commander Masters,1,foil,,43.0,30d9c9db-28a0-47fa-b561-6040e47c2392
1560,019ce2ef-8f27-72d9-825e-0d893346fd2f,Ministrant of Obligation,RNA,Ravnica Allegiance,4,regular,,16.0,
1561,019ce2ef-eeee-7283-9f79-294512dae628,Mintstrosity,WOE,Wilds of Eldraine,2,regular,,100.0,d902f154-6fe8-4b97-aa67-4d4696abf887
1562,019ce2ef-efdb-7006-8db0-08f7d512aa8c,Mintstrosity,WOE,Wilds of Eldraine,2,foil,,100.0,d902f154-6fe8-4b97-aa67-4d4696abf887
1563,019ce2ef-7ee8-7cef-a750-fdb789933036,Mirage Mirror,HOU,Hour of Devastation,1,regular,,165.0,
1564,019ce2ef-9465-7edd-9ce8-69f1f36517f3,Mire in Misery,C19,Commander 2019,1,regular,,19.0,37b2cc43-307c-429f-a4f7-ac339a97e0bb
1565,019ce2ef-ec0d-7302-a2bc-baadd8fa53a1,Mire Triton,CMM,Commander Masters,2,regular,,174.0,a070b7af-7c85-4129-81ca-e2ec0540085e
1566,019ce2ef-9674-7690-9318-735a5d38de6a,Mire Triton,THB,Theros: Beyond Death,3,regular,,105.0,3f8427d3-4d9e-48c9-838b-239fd1357d95
1567,019ce2ef-96f0-7e31-99fc-8262c3886a77,Mire Triton,THB,Theros: Beyond Death,1,foil,,105.0,3f8427d3-4d9e-48c9-838b-239fd1357d95
1568,019ce2ef-75e0-7c0f-bafb-3fdfa220ba65,Mirrorwing Dragon,EMN,Eldritch Moon,1,foil,,136.0,
1569,019ce2ef-32e9-7075-9e04-e430cc98ef5c,Misery Charm,ONS,Onslaught,1,regular,,158.0,
1570,019ce2ef-b5ef-7629-b508-4080e21582cf,Mishra's Factory,MH2,Modern Horizons 2,1,regular,,302.0,9e5d6972-3f64-486c-a325-7351b910dafe
1571,019ce2ef-83d8-7300-b65a-7cb23a7e85bd,Mist-Cloaked Herald,RIX,Rivals of Ixalan,2,regular,,43.0,18c1368e-114b-4618-922b-1d824ba0d1d5
1572,019ce2ef-8de8-7743-974c-73a8f04d20a8,Moan of the Unhallowed,UMA,Ultimate Masters,3,regular,,107.0,
1573,019ce2ef-7f4c-7ce4-ba14-58175b2122df,Moaning Wall,HOU,Hour of Devastation,5,regular,,72.0,
1574,019ce2ef-92c2-731b-8ec7-29ddb49c11e8,Moat Piranhas,M20,Core Set 2020,2,regular,,67.0,
1575,019ce2ef-90c3-781e-8d32-f96bc79cc49e,Mobilized District,WAR,War of the Spark,1,regular,,249.0,214792e9-a172-4547-b148-b9b368cb3432
1576,019ce2f0-1303-7966-b43c-dadbe6b27c0f,Mold Adder,FDN,Foundations,1,regular,,640.0,
1577,019ce2ef-8cb3-7595-b926-c63267a580e1,Molderhulk,GRN,Guilds of Ravnica,4,regular,,190.0,
1578,019ce2ef-92c2-776c-81a6-6f25ff54d152,Moldervine Reclamation,M20,Core Set 2020,5,regular,,214.0,
1579,019ce2ef-db04-7f3f-9fac-9d5050ba7c1f,Moment of Craving,J22,Jumpstart 2022,1,regular,,444.0,a506f54f-b25b-4b15-99b9-cdf0af9df79a
1580,019ce2ef-705f-7abf-ad44-6862ef7db24c,Monk Idealist,C15,Commander 2015,1,regular,,76.0,
1581,019ce2ef-b8d0-7680-a677-0b1e6a6e88ba,Monk of the Open Hand,AFR,Adventures in the Forgotten Realms,4,regular,,25.0,d934765f-f490-4e8d-843d-b2b559ee0418
1582,019ce2ef-dbd4-7408-8f8f-0aff1d98a023,Moodmark Painter,J22,Jumpstart 2022,1,regular,,445.0,50101d86-5cda-4dbd-aa6b-c6da791ef73b
1583,019ce2ef-91f9-7c32-8163-dc4155c18466,"Morophon, the Boundless",MH1,Modern Horizons,1,regular,,1.0,
1584,019ce2ef-7a6b-7383-a39b-69555ed49717,Mortician Beetle,MM3,Modern Masters 2017 Edition,4,regular,,78.0,
1585,019ce2ef-8f26-7eb3-ab16-c9e49a89cbdb,Mortify,RNA,Ravnica Allegiance,6,regular,,192.0,
1586,019ce2ef-a0aa-796b-b87d-2761a444ae3e,Moss-Pit Skeleton,ZNR,Zendikar Rising,2,regular,,228.0,95a445dc-3aea-4281-a145-0ab3a28ec6c6
1587,019ce2ef-ee7e-7a78-8c5c-660b334c1038,Mosswood Dreadknight,WOE,Wilds of Eldraine,1,regular,showcase,292.0,2ab293c3-64cf-4d8a-909d-4cf73ffd828a
1588,019ce2ef-c461-7e0d-b9b0-5e4ab1e1af8c,Most Wanted,SNC,Streets of New Capenna,1,regular,,153.0,573c0f68-9ed8-4657-b709-b7f3804aaa68
1589,019ce2ef-c1f2-79a5-ae3f-48b9963644a3,Mothrider Patrol,NEO,Kamigawa: Neon Dynasty,3,regular,,30.0,f657f2dc-adc8-4a66-b081-a71b3a127389
1590,019ce2ef-8fee-72a5-8904-e22a32a8de8d,Mountain,GK2,Ravnica Allegiance Guild Kits,1,regular,,79.0,
1591,019ce2ef-8fee-784c-b151-f72c1d20826a,Mountain,GK2,Ravnica Allegiance Guild Kits,1,regular,,105.0,
1592,019ce2ef-7ee8-71f5-a4fd-afc213b9bfb4,Mountain,HOU,Hour of Devastation,3,regular,,188.0,
1593,019ce2ef-7c16-7a5a-8176-6dadf26a6ff0,Mountain,AKH,Amonkhet,1,regular,,253.0,
1594,,Mountain,THB,Theros: Beyond Death,7,,,,
1595,019ce2ef-9183-7ea2-a99b-f4faa386da16,Mountain,WAR,War of the Spark,1,regular,,260.0,9e7878e1-28a5-4527-ba61-ed6c6b855309
1596,019ce2ef-9183-7870-838b-294667af6727,Mountain,WAR,War of the Spark,1,regular,,261.0,1ef001a8-adb5-4125-aa1a-f5e3f8ca898b
1597,019ce2ef-863d-7725-a8c7-913477641a6c,Mountain,DOM,Dominaria,1,regular,,262.0,
1598,019ce2ef-863d-7f93-8d81-cfe35f4c7ed8,Mountain,DOM,Dominaria,1,regular,,263.0,
1599,019ce2ef-863d-7a08-bdbf-dee4a245382f,Mountain,DOM,Dominaria,1,regular,,264.0,
1600,019ce2ef-863d-7db2-b20f-2f3abe8202a3,Mountain,DOM,Dominaria,1,regular,,265.0,
1601,019ce2ef-6f93-7bfc-8814-06f8d7cfbc0d,Mountain,BFZ,Battle for Zendikar,1,regular,,267.0,
1602,019ce2ef-8b8e-7931-9a28-9afb213ee474,Mountain,M19,Core Set 2019,1,regular,,273.0,
1603,019ce2ef-8b8e-7aa6-9c1b-ab108bd73d88,Mountain,M19,Core Set 2019,1,regular,,274.0,
1604,019ce2ef-bd4a-7cc2-85b5-01d36328d454,Mountain,VOW,Innistrad: Crimson Vow,6,regular,,274.0,8a4448b6-0dbe-427c-b145-8ac915fc0dfc
1605,019ce2ef-8b8e-7a4d-a7d4-ebe378c5a028,Mountain,M19,Core Set 2019,1,regular,,275.0,
1606,019ce2ef-8b8e-767e-92a4-f0ffecfa4fd1,Mountain,M19,Core Set 2019,1,regular,,276.0,
1607,019ce2ef-a0a9-7a6a-b4ce-d4dc71542130,Mountain,ZNR,Zendikar Rising,1,regular,,276.0,701aefd4-074a-47b8-88a3-32fb90b09dee
1608,019ce2ef-8fee-7311-a2e2-f7eec1a9e73f,Mountain,RNA,Ravnica Allegiance,1,regular,,263.0,
1609,019ce2ef-7560-71ed-8acd-bc1f6a6660b1,Mournwillow,EMN,Eldritch Moon,1,regular,,187.0,
1610,019ce2ef-c192-7bc1-ae4e-cd5e7b04f579,Mukotai Ambusher,NEO,Kamigawa: Neon Dynasty,1,regular,showcase,342.0,357594c7-a9a6-468d-b262-e5f7d5e35f54
1611,019ce2ef-c192-73e4-be13-575ec2569294,Mukotai Ambusher,NEO,Kamigawa: Neon Dynasty,5,regular,,112.0,0adf3293-c1e0-447c-8231-26fa9476a262
1612,019ce2ef-c193-7f2c-bed6-bf5bc82ad1d1,Mukotai Soulripper,NEO,Kamigawa: Neon Dynasty,2,regular,,113.0,166775be-c3b7-4a17-9376-aa4229b147f9
1613,019ce2ef-7eea-7b11-a810-13e9f177b54d,Mummy Paramount,HOU,Hour of Devastation,4,regular,,16.0,
1614,019ce2ef-71a0-79d0-a00e-73d85a5c29d1,Munda's Vanguard,OGW,Oath of the Gatewatch,1,foil,,29.0,
1615,019ce2ef-a03b-73a4-9fe7-2375bd2e0d3b,Murasa Rootgrazer,ZNR,Zendikar Rising,1,regular,,229.0,e70b3b78-9bdc-449b-82a9-c2fc3dd7f120
1616,019ce2ef-8a46-717a-b40b-7560683d0f0f,Murder,M19,Core Set 2019,1,regular,,110.0,
1617,019ce2ef-92c2-7553-af49-65f02cafd344,Murder,M20,Core Set 2020,4,regular,,109.0,
1618,019ce2ef-9465-7977-a6ec-b6a2c9e4a1ec,Murderous Compulsion,C19,Commander 2019,1,regular,,122.0,1675c1dd-e7d3-46f4-b2b5-a46c7167d8ba
1619,019ce2ef-72da-7364-bc0b-4a0b93b6458f,Murderous Compulsion,SOI,Shadows over Innistrad,1,regular,,126.0,
1620,019ce2ef-9466-7134-b981-478a99f086c0,Murderous Rider,ELD,Throne of Eldraine,4,regular,,97.0,e73d8a84-2c0d-423c-89c7-71de0af9e1ac
1621,019ce2ef-2b71-7b33-958b-609aab670acc,Mutagenic Growth,NPH,New Phyrexia,4,regular,,116.0,
1622,019ce2ef-c81b-767e-aa9c-d160b9aa1a70,Mutavault,CLB,Commander Legends: Battle for Baldur's Gate,2,regular,,903.0,52cc2f10-142d-4e6a-984e-b25f566cc960
1623,019ce2ef-e0c1-7d86-b76c-76a284ca5487,Myr Convert,ONE,Phyrexia: All Will Be One,1,regular,showcase,297.0,1bfb7150-5157-4471-8874-4f9258c5d396
1624,019ce2ef-e204-7fe5-a33a-9dab65c064c4,Myr Custodian,ONE,Phyrexia: All Will Be One,1,regular,,235.0,56bfdd21-4d46-4ec2-ba25-f16b6993f1a8
1625,019ce2ef-3280-78e8-b3b3-d6f128769047,Myr Enforcer,MRD,Mirrodin,4,regular,,211.0,
1626,019ce2ef-b07d-7511-b5d6-92f66f360739,Myriad Landscape,C21,Commander 2021,1,regular,,304.0,7eadf4ea-1fd8-4f35-baf6-c9e7ce706795
1627,019ce2ef-9329-7ecd-a804-eaf7726b745e,Mystic Forge,M20,Core Set 2020,2,regular,,233.0,
1628,019ce2ef-9a7a-7933-9e03-20aabaa862b9,Mythos of Nethroi,IKO,Ikoria: Lair of Behemoths,1,regular,,97.0,6abc24e1-e721-471a-9efd-547f320675b0
1629,019ce2ef-9a7a-7053-ba7b-60531d044638,Mythos of Snapdax,IKO,Ikoria: Lair of Behemoths,1,regular,,24.0,2712a1a3-dd28-44c8-a661-5bcf68d3acaa
1630,019ce2ef-683e-7a8d-ad63-c64628694da5,Nameless Inversion,MM2,Modern Masters 2015 Edition,2,regular,,87.0,
1631,019ce2ef-72da-70ff-af9c-2dfcb0630a25,Nearheath Chaplain,SOI,Shadows over Innistrad,1,regular,,29.0,
1632,019ce2ef-be20-76fa-9947-9a5165142041,Nebelgast Beguiler,VOW,Innistrad: Crimson Vow,5,regular,,25.0,04c68dbd-e61b-49a7-aa17-da6b26c9fd29
1633,019ce2ef-e188-779b-ac22-87d01c30fe79,Necrogen Communion,ONE,Phyrexia: All Will Be One,1,regular,,99.0,6ac8cd7c-992f-4953-b5bf-42e5a9ff09ad
1634,019ce2ef-e125-7541-b1c0-625d665c8d56,Necrogen Rotpriest,ONE,Phyrexia: All Will Be One,3,regular,showcase,296.0,a4b4fe48-f9e6-4606-9901-76dd85fd7038
1635,019ce2ef-e264-732f-8b14-e62fa633e1dd,Necrogen Rotpriest,ONE,Phyrexia: All Will Be One,1,foil,showcase,296.0,a4b4fe48-f9e6-4606-9901-76dd85fd7038
1636,019ce2ef-e123-7f9f-a7ac-bb54f11e248f,Necrogen Rotpriest,ONE,Phyrexia: All Will Be One,4,regular,,212.0,87519b36-1d95-4020-a61d-6afb75555e3e
1637,019ce2ef-7060-79f1-b784-534f2e808bfc,Necromancer's Covenant,C15,Commander 2015,1,regular,,229.0,
1638,019ce2ef-b5ef-769e-a45f-7c6179b828fd,Necromancer's Familiar,MH2,Modern Horizons 2,1,regular,,94.0,e4dfb84f-582a-4fe2-9710-8b480a268571
1639,019ce2ef-9c8c-7962-8de6-fd91572d9e9c,Necromentia,M21,Core Set 2021,4,regular,,116.0,32c5252e-ff15-4f86-ad63-d8286427e70f
1640,019ce2ef-a5ee-7be3-b27a-75c0c5b6271b,Necropanther,IKO,Ikoria: Lair of Behemoths,1,regular,showcase,302.0,a776f88b-65f5-4cac-8207-c7e6b976d206
1641,019ce2ef-9b37-7f9d-b8e3-5f643389ffdd,Necropanther,IKO,Ikoria: Lair of Behemoths,1,regular,,196.0,2e1ed055-8988-4625-9d57-8ce8a4e04aea
1642,019ce2ef-61e4-75d5-b4c6-10b1c7db1b34,Necropolis Fiend,KTK,Khans of Tarkir,1,regular,,82.0,
1643,019ce2ef-b07d-78c3-9ca3-528a4d6ef330,Necropolis Regent,C21,Commander 2021,1,regular,,147.0,2b6009d3-4f70-492c-9860-8d33421936f8
1644,019ce2ef-7bb1-70c5-976e-21476e29998b,"Neheb, the Worthy",AKH,Amonkhet,1,regular,,203.0,
1645,019ce2f0-136b-787e-9201-7d28319f80b1,Nessian Hornbeetle,FDN,Foundations,1,regular,,229.0,3d4d93de-85c6-4653-8ddd-d8bf21516d44
1646,019ce2ef-b65a-73eb-93b1-3657909b8f7f,Nested Shambler,MH2,Modern Horizons 2,4,regular,retro,399.0,eb8595c6-5237-4ed1-98e4-8615bb0eb8e1
1647,019ce2ef-b65a-75aa-a233-8fb5e732a94a,Nested Shambler,MH2,Modern Horizons 2,2,regular,,95.0,9851f290-f502-49f8-9b48-67f7966d4e34
1648,019ce2f0-0997-749e-8f97-ceb3740fdffb,Nesting Grounds,MH3,Modern Horizons 3,1,regular,,302.0,7f1d8a22-e730-4344-bba9-7c495500f065
1649,019ce2ef-91fb-7de5-bd05-786c708ed9d3,Nether Spirit,MH1,Modern Horizons,1,regular,,98.0,
1650,019ce2ef-9a7a-7308-a7ed-50be2f583342,"Nethroi, Apex of Death",IKO,Ikoria: Lair of Behemoths,1,regular,,197.0,8ca6eb5a-8bc9-4091-bcfb-b207f0afd188
1651,019ce2ef-b658-78c3-96bd-3013a4d77f30,Nettlecyst,MH2,Modern Horizons 2,2,regular,,231.0,4a0bb5dc-75a6-4bd6-81f8-611197fb0fba
1652,019ce2ef-b6c4-7032-8df7-b6166a61e045,Nettlecyst,MH2,Modern Horizons 2,1,foil,,231.0,4a0bb5dc-75a6-4bd6-81f8-611197fb0fba
1653,019ce2ef-efdb-78bb-9773-b340c957de89,"Neva, Stalked by Nightmares",WOE,Wilds of Eldraine,2,foil,,209.0,e6f925ab-ade7-4da8-a791-185e098d18f2
1654,019ce2ef-7bb1-7236-a7cd-dea1e6f3706b,Never // Return,AKH,Amonkhet,1,regular,,212.0,
1655,019ce2ef-b658-765b-b484-bf0108236bc1,Nevinyrral's Disk,MH2,Modern Horizons 2,1,regular,,298.0,5c9e6af4-522c-4dfa-895a-6946fe983e3c
1656,019ce2ef-70bf-7a08-aceb-2731b940856b,New Benalia,C15,Commander 2015,1,regular,,295.0,
1657,019ce2f0-1622-79b7-b9c1-f47fd6f2eb69,New Horizons,FDN,Foundations,1,regular,,557.0,86b3923c-c35c-4eb2-9dd3-b15c13778ecf
1658,019ce2ef-c192-759d-810f-70a78155d72f,Nezumi Bladeblesser,NEO,Kamigawa: Neon Dynasty,3,regular,,115.0,9a03d3f5-b32b-4814-b485-25f24e51609c
1659,019ce2ef-c113-76f1-97c9-7e9c55896a5f,Nezumi Prowler,NEO,Kamigawa: Neon Dynasty,2,regular,,116.0,ca911e9a-bd04-4531-a81e-3485e9cbe89e
1660,019ce2ef-705f-7195-8e6d-1b89eeb7053c,Nighthowler,C15,Commander 2015,1,regular,,129.0,
1661,019ce2ef-9465-7f1d-9857-ca4cc66f8193,Nightmare Unmaking,C19,Commander 2019,1,regular,,20.0,95c0ff1b-bd97-4115-8486-62a18bab2610
1662,019ce2ef-2941-749d-a81d-396fc9d58cd6,Nightmare,M14,Magic 2014 Core Set,1,regular,,108.0,
1663,019ce2ef-6181-7eed-9259-226cebf01426,Nightmare,M15,Magic 2015 Core Set,1,regular,,276.0,
1664,019ce2ef-9465-7c97-b0a8-fed5c97801b4,Nightshade Assassin,C19,Commander 2019,1,regular,,123.0,5364610a-7644-48ac-9a5b-1c1cfa67553c
1665,019ce2ef-2940-713a-9c92-292f997ac01c,Nightveil Specter,GTC,Gatecrash,4,regular,,222.0,
1666,019ce2ef-8520-72e0-945d-2364bd13a06a,Nihil Spellbomb,A25,Masters 25,3,regular,,226.0,
1667,019ce2ef-f23b-7b61-9cb2-5511520b7a2e,Nihil Spellbomb,SCD,Starter Commander,1,regular,,270.0,b1705dce-d655-4934-847f-edb2ffeeca00
1668,019ce2ef-b07c-7f32-a580-9b2ccd91da5e,"Nils, Discipline Enforcer",C21,Commander 2021,1,regular,,20.0,873f5d0c-7fee-4921-90d3-379c483e2882
1669,019ce2ef-e124-79f4-8c37-e7566c04fa01,Nimraiser Paladin,ONE,Phyrexia: All Will Be One,2,regular,,101.0,a99fe9a8-d9e7-4286-81a1-adfb753e4741
1670,019ce2ef-9c8d-73d2-9678-4e21f8ec5e09,Nine Lives,M21,Core Set 2021,3,regular,,28.0,e70b7a73-484e-48f1-944c-3d38866cdc20
1671,019ce2ef-d8a0-7301-bc6b-c2ceff622f14,No One Left Behind,BRO,The Brothers' War,2,regular,,109.0,4a7e030c-98d1-452c-8020-cd92a3ef02c3
1672,019ce2ef-bbb2-78f8-af41-83625bcf004c,No Way Out,MID,Innistrad: Midnight Hunt,4,regular,,116.0,d9ef6a68-60a4-4a20-8b57-8b7a7c5ed0c6
1673,019ce2ef-9cfa-70cf-8421-f47f615cb591,Nocturnal Feeder,JMP,Jumpstart,2,regular,,16.0,487aced8-e018-4c93-8e13-bb68b43096a4
1674,019ce2ef-9adb-7feb-b956-b5f62d3fb597,Nomad Outpost,C20,Commander 2020,1,regular,,294.0,
1675,019ce2ef-74fe-759e-b365-aa36b770f00a,Noosegraf Mob,EMN,Eldritch Moon,1,regular,,98.0,
1676,019ce2ef-e263-7c3e-8317-325da7e87e89,Norn's Wellspring,ONE,Phyrexia: All Will Be One,1,foil,,24.0,eeebc0ab-89fb-47d5-a20f-8f1fe5e3c149
1677,019ce2ef-8ab0-7629-9ef6-6925eef963c5,Novice Knight,M19,Core Set 2019,10,regular,,30.0,
1678,019ce2ef-bbb2-7989-852d-0f463836faeb,Novice Occultist,MID,Innistrad: Midnight Hunt,2,regular,,117.0,a541ac79-a969-42b4-b989-f6e37572ec90
1679,019ce2ef-9329-72af-a39b-7e1970cb372f,Noxious Grasp,M20,Core Set 2020,6,regular,,110.0,
1680,019ce2ef-71a1-76c5-9159-ff4c80182d36,Null Caller,OGW,Oath of the Gatewatch,2,regular,,88.0,
1681,019ce2f0-0724-7100-95ff-280817505be4,Nulldrifter,MH3,Modern Horizons 3,1,regular,retro,388.0,915d5409-0375-4a77-8019-ddaade86e144
1682,019ce2ef-be20-746a-a348-6509572aff8f,Nurturing Presence,VOW,Innistrad: Crimson Vow,4,regular,,26.0,35e109ea-8b86-4432-b15e-5a6201caf2aa
1683,019ce2ef-b65a-7b9b-849a-68fe41826a8f,Nykthos Paragon,MH2,Modern Horizons 2,1,regular,,22.0,2963205e-b181-44d1-809f-6577e29fa812
1684,019ce2ef-9674-7548-8f55-35eba8d668df,Nyx Lotus,THB,Theros: Beyond Death,1,regular,,235.0,5bd6353f-d119-40e6-895c-030a11a7a2fe
1685,019ce2f0-08c6-7d19-ac64-11a506afb0d3,Nyxborn Hydra,MH3,Modern Horizons 3,2,regular,,164.0,902a969e-9f22-4e92-93eb-9d4536ca82e5
1686,019ce2f0-08c6-794a-a826-3638dcd2df76,Nyxborn Unicorn,MH3,Modern Horizons 3,1,regular,,37.0,fa3a9f8f-b74f-44f1-a8b5-d21a55358a6c
1687,019ce2ef-8a46-70e4-86f9-8a45f8c8a2d2,Oakenform,M19,Core Set 2019,1,regular,,191.0,
1688,019ce2ef-932a-708f-9c28-9e6352c9294c,Oakenform,M20,Core Set 2020,1,regular,,341.0,
1689,019ce2f0-0bc6-7e43-9520-75a16783cd16,Oakhollow Village,BLB,Bloomburrow,2,regular,,258.0,0d49b016-b02b-459f-85e9-c04f6bdcb94e
1690,019ce2ef-90c3-72ef-8ebe-cb73341dda55,Oath of Kaya,WAR,War of the Spark,1,regular,,209.0,faba010d-5b1b-4562-91d6-ec55303c4dcd
1691,019ce2ef-e802-7a32-8b7a-1e976474b7e3,Oath of the Grey Host,LTR,The Lord of the Rings: Tales of Middle-Earth,3,regular,,101.0,6a780abd-f276-40d3-b2af-d2e47d858d3d
1692,019ce2ef-9467-761e-933c-85afff178ffc,Oathsworn Knight,ELD,Throne of Eldraine,1,regular,,98.0,9173ffda-1d3b-4dab-8dcb-de44717de464
1693,019ce2ef-daa0-7524-ad7c-9909a08fa759,Oathsworn Vampire,J22,Jumpstart 2022,1,regular,,70.0,04099735-bc73-40ae-bc28-0ad5c96feb12
1694,019ce2ef-83d8-7280-8a19-7da549a5b18f,Oathsworn Vampire,RIX,Rivals of Ixalan,4,regular,,80.0,405f82d6-2991-4958-a563-572f0d298346
1695,019ce2ef-9465-7ee7-816a-f75f29ca01e5,Ob Nixilis Reignited,C19,Commander 2019,1,regular,,124.0,c8a33481-f7dc-475e-a797-4a962954a64d
1696,019ce2ef-9066-7d54-b723-30b13b575ae9,"Ob Nixilis, the Hate-Twisted",WAR,War of the Spark,3,regular,,100.0,14916e2d-73af-4747-a927-d2d4cb3e32db
1697,019ce2ef-7f4c-7d27-beb4-b6d0643b5210,Obelisk Spider,HOU,Hour of Devastation,2,regular,,141.0,
1698,019ce2ef-b07d-7671-bdfd-0713241a1f5a,Oblation,C21,Commander 2021,1,regular,,97.0,dcfdea72-4736-4442-987b-173f6885528a
1699,019ce2ef-9bba-7896-8fc0-222c72021cca,"Obosh, the Preypiercer",IKO,Ikoria: Lair of Behemoths,1,regular,,228.0,451507de-9c42-43ee-b9ba-1f69e9aa29d2
1700,019ce2ef-c3f9-779b-b1c5-2bfdf3dffab8,Obscura Storefront,SNC,Streets of New Capenna,4,regular,,252.0,1016b884-9a4c-41de-bd65-14271f4f6f9a
1701,019ce2ef-c59b-707e-80f4-2a0eb27b817a,Obscura Storefront,SNC,Streets of New Capenna,1,foil,,252.0,1016b884-9a4c-41de-bd65-14271f4f6f9a
1702,019ce2ef-8cb4-7dbf-aa2e-06e8b67a0ee7,Ochran Assassin,GRN,Guilds of Ravnica,6,regular,,194.0,
1703,019ce2ef-92c1-7dd4-96a9-b6a543d79749,Octoprophet,M20,Core Set 2020,2,regular,,70.0,
1704,019ce2ef-cd65-786b-9085-da238b1dfec2,"Odric, Lunarch Marshal",DMC,Dominaria United Commander,1,regular,,103.0,a2d5c9f2-8f58-40ac-a01c-f4ac4ab4d7f0
1705,019ce2ef-9ad9-704c-8d48-300c1ef04513,"Odric, Master Tactician",C20,Commander 2020,1,regular,,96.0,
1706,019ce2ef-4285-773b-8f8f-21778f06942a,Odunos River Trawler,BNG,Born of the Gods,2,regular,,79.0,
1707,019ce2ef-e189-79d1-8238-cad0462cf07b,Offer Immortality,ONE,Phyrexia: All Will Be One,1,regular,,102.0,b0aac10a-6d47-4a6c-8a10-2b7c06f3ff32
1708,019ce2ef-9b37-7bf0-bb2e-b1fc6f50e761,Offspring's Revenge,IKO,Ikoria: Lair of Behemoths,1,regular,,198.0,78619ffb-f514-4f9f-9d77-3ab49e045f7c
1709,019ce2ef-7bb2-787b-813d-da81a51be05b,Oketra's Attendant,AKH,Amonkhet,1,regular,,22.0,
1710,019ce2ef-7eea-7450-a85f-c9d83510d22a,Oketra's Avenger,HOU,Hour of Devastation,4,regular,,17.0,
1711,019ce2ef-7ee8-7f56-be8a-eddd12708856,Oketra's Last Mercy,HOU,Hour of Devastation,1,regular,,18.0,
1712,019ce2ef-c192-750c-a1be-5308295d8621,Okiba Reckoner Raid,NEO,Kamigawa: Neon Dynasty,4,regular,,117.0,4f0582b4-d951-4450-b158-4a34109e48cd
1713,019ce2ef-c192-78be-8be1-58a76ee732b6,Okiba Salvage,NEO,Kamigawa: Neon Dynasty,2,regular,,118.0,d9e4485d-c208-46b4-9b5d-48e55e2ee182
1714,019ce2ef-350e-72a1-8009-15366a4d133c,Okiba-Gang Shinobi,BOK,Betrayers of Kamigawa,1,regular,,76.0,
1715,019ce2ef-7266-766d-9c0a-b909d7806e4f,Olivia's Bloodsworn,SOI,Shadows over Innistrad,1,regular,,127.0,
1716,019ce2ef-bbb2-71ce-b877-90a30bbfa4d7,Olivia's Midnight Ambush,MID,Innistrad: Midnight Hunt,6,regular,,118.0,9c1adede-22ad-4c1c-9501-ad731fbe1742
1717,019ce2ef-95ab-7024-a632-461fe1094f33,Omen of the Dead,THB,Theros: Beyond Death,5,regular,,110.0,8023fc44-fb8e-420d-a68c-b45912c4e5bd
1718,019ce2ef-9674-733c-a840-25df4844af36,Omen of the Sun,THB,Theros: Beyond Death,5,regular,,30.0,86586fe3-1a6e-4648-b3ff-b0d9340e66ff
1719,019ce2ef-8581-76bb-8ea8-6ab2ff9fd4c8,On Serra's Wings,DOM,Dominaria,1,regular,,28.0,
1720,019ce2ef-91fb-7456-a788-49da77901e7a,On Thin Ice,MH1,Modern Horizons,1,regular,,20.0,
1721,019ce2f0-0936-70d8-884e-6d0afba5ff83,Ondu Knotmaster,MH3,Modern Horizons 3,1,foil,,196.0,27912e61-97ef-406b-bb88-4fe89a54726e
1722,019ce2ef-9940-74a3-8749-26fad56c2190,Ondu War Cleric,MB1,Mystery Booster,3,regular,,188.0,d54714d2-d6b2-41c1-a502-405f816ad51b
1723,019ce2ef-c192-7fbc-9a0f-d5e817f9da05,Oni-Cult Anvil,NEO,Kamigawa: Neon Dynasty,2,regular,,230.0,c84db1e2-855c-4169-a9cc-a54c73c14e0c
1724,019ce2ef-b07d-7f2a-83b5-56859f47e4e4,Opal Palace,C21,Commander 2021,1,regular,,306.0,c803776b-91d2-412c-8e1f-e10fb86665c6
1725,019ce2ef-8a48-7838-bfa1-4a66155c2e6e,Open the Graves,M19,Core Set 2019,1,regular,,112.0,
1726,019ce2ef-705f-7fce-9cfb-4eb5d04ad5e1,Open the Vaults,C15,Commander 2015,1,regular,,77.0,
1727,019ce2f0-14f5-7d86-93b8-975d4f9ebca2,Ordeal of Nylea,FDN,Foundations,1,regular,,641.0,
1728,019ce2ef-705f-7e42-a361-055d397f3f55,Oreskos Explorer,C15,Commander 2015,1,regular,,6.0,
1729,019ce2ef-b07d-7ae6-a961-c19cdf36adfb,Oreskos Explorer,C21,Commander 2021,1,regular,,98.0,086f34b4-291b-4758-b9ab-6699aad20b8a
1730,019ce2ef-8a46-729f-bff5-a9021f1f03a7,Oreskos Swiftclaw,M19,Core Set 2019,6,regular,,31.0,
1731,019ce2ef-ddd6-75f2-ae7e-72ea7262cbe8,Ornithopter,DMR,Dominaria Remastered,4,regular,,233.0,305078a5-ac18-4721-bba2-3434eba5b1cf
1732,019ce2ef-e189-7f59-9542-6140fdae5efb,Orthodoxy Enforcer,ONE,Phyrexia: All Will Be One,2,regular,,25.0,8c938a0f-531c-4293-a89c-c7440d5acc5d
1733,019ce2ef-e263-7866-85cd-78d0e385d1b3,Orthodoxy Enforcer,ONE,Phyrexia: All Will Be One,1,foil,,25.0,8c938a0f-531c-4293-a89c-c7440d5acc5d
1734,019ce2ef-b07d-74ec-a7e4-e67fd689eef8,Orzhov Advokist,C21,Commander 2021,1,regular,,99.0,7f0904e3-e477-4661-a4f3-76fe5b93ec53
1735,019ce2ef-70bf-798e-8ea7-2c0f00217bfc,Orzhov Basilica,C15,Commander 2015,1,regular,,298.0,
1736,019ce2ef-9adb-752e-bbf5-c19851b9fc50,Orzhov Basilica,C20,Commander 2020,1,regular,,297.0,
1737,019ce2ef-b07d-7011-b51d-fb4af6f01162,Orzhov Basilica,C21,Commander 2021,1,regular,,308.0,c17a5ebb-3bf4-4c1c-b48c-6e1a067a1d43
1738,019ce2ef-35e4-769e-b6fa-bfb970cb9412,Orzhov Basilica,GPT,Guildpact,2,regular,,161.0,
1739,019ce2ef-7060-76c1-b4be-9833f5135154,Orzhov Cluestone,C15,Commander 2015,1,regular,,261.0,
1740,019ce2ef-8f27-7b49-a77a-a4ffbbbc2f32,Orzhov Enforcer,RNA,Ravnica Allegiance,6,regular,,79.0,
1741,019ce2ef-8f27-7909-8b91-3aa6f085b1c7,Orzhov Guildgate,RNA,Ravnica Allegiance,6,regular,,252.0,
1742,019ce2ef-8f27-7121-94ef-bdec5615682c,Orzhov Guildgate,RNA,Ravnica Allegiance,11,regular,,252.0,
1743,019ce2ef-70bf-7305-9e32-309df62133fa,Orzhov Guildgate,C15,Commander 2015,1,regular,,299.0,
1744,019ce2ef-9122-7382-b518-088fddf26366,Orzhov Guildgate,WAR,War of the Spark,4,regular,,269.0,cbadf8cf-02bf-45f6-b3c1-a684d9bc5228
1745,019ce2ef-8f27-75eb-a7e9-25b5c8ab0d52,Orzhov Locket,RNA,Ravnica Allegiance,4,regular,,236.0,
1746,019ce2ef-8f27-7a59-a769-b5caef95546e,Orzhov Racketeers,RNA,Ravnica Allegiance,4,regular,,80.0,
1747,019ce2ef-7060-791d-aebe-e47a17107d0a,Orzhov Signet,C15,Commander 2015,1,regular,,262.0,
1748,019ce2ef-9ada-7b30-96ac-945adb13e2f9,Orzhov Signet,C20,Commander 2020,1,regular,,247.0,
1749,019ce2ef-b07d-75d7-8494-a1db15c713eb,Orzhov Signet,C21,Commander 2021,1,regular,,254.0,8bb7d748-c95f-4028-a86e-cf42494be362
1750,019ce2ef-bce8-7bea-8d05-3adc650b29c6,"Orzhova, the Church of Deals",PLIST,The List,1,regular,,162.0,970aa2e7-f8e4-42b3-b531-b98c54c42965
1751,019ce2ef-e0c0-76e0-a4b2-d86024202fb6,Ossification,ONE,Phyrexia: All Will Be One,1,regular,,26.0,0da03224-c1af-438f-96c2-b0e41e1070b7
1752,019ce2ef-db03-7646-94a9-72c0882f44a5,Ossuary Rats,J22,Jumpstart 2022,1,regular,,24.0,c93dc52c-6f62-45cc-a5e2-95f794e04b94
1753,019ce2ef-a176-7539-8d18-b3eee9669acb,Oubliette,PLIST,The List,4,regular,,2100.0,96ccfecd-0dab-426a-8897-86c73934d21d
1754,019ce2ef-9329-74e1-9187-b394689fed68,Overcome,M20,Core Set 2020,2,regular,,186.0,
1755,019ce2f0-0ca0-7d89-b81c-981ab5a6ad6b,Overprotect,BLB,Bloomburrow,1,foil,,185.0,079e979f-b618-4625-989c-e0ea5b61ed8a
1756,019ce2f0-14f4-7c3e-9a2f-72beebcdffb9,Overrun,FDN,Foundations,3,regular,,230.0,1d8e9cbb-8bf4-4a48-a58e-79deb3abdf7f
1757,019ce2ef-64e7-77b4-bdd4-54bed3c8f482,Overseer of the Damned,C14,Commander 2014,1,regular,,28.0,
1758,019ce2ef-d96b-7ae5-b52a-aaabe4991cca,Overwhelming Remorse,BRO,The Brothers' War,1,foil,,110.0,202cbfa4-3b3d-47fd-84a6-892692c906d6
1759,019ce2ef-afae-70d7-8055-e166257a0d50,Owlin Shieldmage,STX,Strixhaven: School of Mages,3,regular,,210.0,d3350367-42bd-44af-be13-ad31c002f8ac
1760,019ce2ef-92c2-7f45-b937-16b92c4c7287,Pacifism,M20,Core Set 2020,3,regular,,32.0,
1761,019ce2ef-7b4b-7b6b-a53f-678fc8c7f9b1,Painful Lesson,AKH,Amonkhet,4,regular,,102.0,
1762,019ce2ef-9ada-7f1f-9e07-8789fa80cbb4,Painful Truths,C20,Commander 2020,2,regular,,134.0,
1763,019ce2ef-7bb2-7d9a-a205-d144a9cba083,Painted Bluffs,AKH,Amonkhet,2,regular,,246.0,
1764,019ce2ef-ec0e-740e-a9e3-80473877040b,Palace Sentinels,CMM,Commander Masters,1,regular,,48.0,6c0bbbe0-e6cf-43df-9c44-b6bbfa9c9af7
1765,019ce2ef-b8d0-7c9a-b2a6-ab22ccf3bf6e,Paladin Class,AFR,Adventures in the Forgotten Realms,3,regular,,29.0,5bf81fb1-7992-4ae9-b1a8-80c31579a2bf
1766,019ce2ef-8375-76cb-a08b-a038cf605aab,Paladin of Atonement,RIX,Rivals of Ixalan,4,regular,,16.0,d0ad263e-7ff0-459b-b04b-1d03b09c48aa
1767,019ce2ef-83d8-70f7-a27b-d29404664a58,Paladin of Atonement,RIX,Rivals of Ixalan,1,foil,,16.0,d0ad263e-7ff0-459b-b04b-1d03b09c48aa
1768,019ce2ef-8154-79a6-989a-46e2cf2bca10,Paladin of the Bloodstained,XLN,Ixalan,6,regular,,25.0,
1769,019ce2ef-c461-7598-9b53-0188fb4c6242,Paragon of Modernity,SNC,Streets of New Capenna,2,regular,,242.0,939450d7-1107-4645-ad23-68749b1ec4c2
1770,019ce2ef-9a7a-712e-994d-0a9585516edd,Parasitic Impetus,C20,Commander 2020,1,regular,,46.0,
1771,019ce2ef-b07d-7c83-8eaa-efd09500d104,Parasitic Impetus,C21,Commander 2021,1,regular,,150.0,0e8dec27-b09c-43dc-8ed9-b8de12336298
1772,019ce2ef-90c3-7b92-b8b6-c560f84e8b44,Parhelion II,WAR,War of the Spark,1,regular,,24.0,261ba80e-3aca-423e-a0b7-19c2d4b44dbf
1773,019ce2ef-be20-7a0d-a7eb-5abeda7823c8,Parish-Blade Trainee,VOW,Innistrad: Crimson Vow,1,regular,,29.0,9845cdf2-e5ba-44a0-8136-72a1eb03a6a1
1774,019ce2ef-9a7a-74fe-852e-5fe7e6d817dc,Path of Ancestry,C20,Commander 2020,1,regular,,298.0,
1775,019ce2ef-f602-77cf-8ee7-db322afa95dc,Path of Ancestry,LCC,Lost Caverns of Ixalan Commander,1,regular,,346.0,f30552a5-db59-4164-bbd2-44bf7ae1e91e
1776,019ce2f0-0c40-7368-9845-1ee814ca9cb9,Pawpatch Formation,BLB,Bloomburrow,1,regular,,186.0,b82c20ad-0f69-4822-ae76-770832cccdf7
1777,019ce2ef-9c8c-7265-9356-951dd8d7d61c,Peer into the Abyss,M21,Core Set 2021,2,regular,,117.0,aac00055-640e-4749-8d23-d242e6d0b23a
1778,019ce2ef-9d7a-7a5e-aa3a-4bcc9b2cc8e9,Peer into the Abyss,M21,Core Set 2021,1,foil,,117.0,aac00055-640e-4749-8d23-d242e6d0b23a
1779,019ce2f0-0c40-79c6-992c-7aa9a768085d,Peerless Recycling,BLB,Bloomburrow,1,regular,,188.0,5f72466c-505b-4371-9366-0fde525a37e6
1780,019ce2ef-8a46-7ced-8be2-7368cdaf1af0,Pegasus Courser,M19,Core Set 2019,6,regular,,32.0,
1781,019ce2ef-c739-73f1-816c-ad44b40d3098,Pegasus Guardian,CLB,Commander Legends: Battle for Baldur's Gate,3,regular,,36.0,1d958ec3-1ddc-4622-9089-cbe5b3b47c90
1782,019ce2f0-14f5-7ce3-be2d-91be415023e6,Pelakka Wurm,FDN,Foundations,1,foil,,720.0,
1783,019ce2ef-b07d-7cb3-9796-60d59c60ed35,Pendant of Prosperity,C21,Commander 2021,1,regular,,256.0,a0a34d52-cbab-4d81-8e10-2597a2e25696
1784,019ce2ef-9de2-780a-bf41-f532cf91a0d5,Perilous Myr,JMP,Jumpstart,4,regular,,476.0,d0aa3726-038f-4522-a7bd-1877a4fef350
1785,019ce2ef-aed4-71f6-8157-9e4e163f614c,Pest Summoning,STX,Strixhaven: School of Mages,1,regular,,211.0,6267e19a-a777-4767-8433-86b6624362b6
1786,019ce2ef-3e5d-7c60-93b6-fa2536530ac1,Pestilence,3ED,Revised Edition,1,regular,,,
1787,019ce2ef-2f92-7545-ac96-843079a5e79c,Pestilence,UZ,Urza's Saga,2,regular,,147.0,
1788,019ce2ef-8f27-7bef-920e-afc5de513383,Pestilent Spirit,RNA,Ravnica Allegiance,3,regular,,81.0,
1789,019ce2ef-932a-7bff-9560-900b1e0b4d53,Phantom Warrior,M20,Core Set 2020,2,regular,,316.0,
1790,019ce2ef-3998-73d9-810b-7f61b77db3fe,Pharika's Mender,THS,Theros,1,regular,,197.0,
1791,019ce2ef-705f-7e0e-9a72-e30ef920cc75,Phyrexian Arena,C15,Commander 2015,1,regular,,130.0,
1792,019ce2ef-e188-711a-8275-cdf13418fca6,Phyrexian Atlas,ONE,Phyrexia: All Will Be One,1,regular,,237.0,b5adb509-6ad3-4838-925d-1cafa926b83a
1793,019ce2ef-cdca-7803-9920-e6d17f58f0df,Phyrexian Missionary,DMU,Dominaria United,1,regular,,27.0,7f22fcfa-a5f0-4fae-b578-cdfd7d46a4c8
1794,019ce2ef-33d0-710d-b73c-62b9759189fa,Phyrexian Rager,10E,Tenth Edition,3,regular,,167.0,
1795,019ce2ef-cdca-767f-a13a-d12d0744758c,Phyrexian Rager,DMU,Dominaria United,3,regular,,99.0,6fd574e7-705f-4a65-aad0-68ff6d63bf0f
1796,019ce2ef-9406-7ef8-b30c-07c8271b3403,Phyrexian Rebirth,C19,Commander 2019,1,regular,,68.0,9e222a33-6ec6-4114-9660-2b7260ad7755
1797,019ce2ef-705f-7003-b310-236af2785546,Phyrexian Reclamation,C15,Commander 2015,1,regular,,133.0,
1798,019ce2ef-db03-7ac6-913c-05a339591d0a,Phyrexian Reclamation,J22,Jumpstart 2022,1,regular,,124.0,b27a82ea-6d35-4121-84bb-93adff381f99
1799,019ce2ef-9d7a-78ce-9541-59f5a03a38fd,Phyrexian Tower,JMP,Jumpstart,1,regular,,493.0,05b2cc68-1d20-421f-9800-af0996071554
1800,019ce2ef-ce2a-71f3-8d4c-1e94c574031c,Phyrexian Vivisector,DMU,Dominaria United,2,regular,,100.0,65617a8f-4bd8-4edb-b5ec-e20b4482390b
1801,019ce2f0-0c9f-7967-a60b-b8a14467e8db,Pileated Provisioner,BLB,Bloomburrow,4,regular,,25.0,ae442cd6-c4df-4aad-9b1d-ccd936c5ec96
1802,019ce2ef-cd65-705e-998a-31f2da638551,Pilfer,DMU,Dominaria United,3,regular,,102.0,6d872c10-4126-4130-a74a-1331ed418ca8
1803,019ce2f0-15c5-7100-b87c-21a0d5221076,Pilfer,FDN,Foundations,4,regular,,181.0,8c7c88b5-6d09-453b-b9c1-7dcbba8f1080
1804,019ce2ef-8cb4-7bdd-bac1-7360bd88904d,Pilfering Imp,GRN,Guilds of Ravnica,2,regular,,81.0,
1805,019ce2ef-b00f-716a-99c2-f0ff32c81704,Pillardrop Rescuer,STX,Strixhaven: School of Mages,1,regular,,23.0,0884666e-8f9b-44b1-a1e3-c1c8941e2152
1806,019ce2ef-9466-7e66-9461-be7bf12c9aeb,Piper of the Swarm,ELD,Throne of Eldraine,1,regular,,100.0,0a7962fe-b715-4981-86c3-223bad9b1899
1807,019ce2ef-dbd5-7113-8c66-55c14d24a099,Piranha Marsh,J22,Jumpstart 2022,2,regular,,818.0,9332ac39-1a34-42e2-9c84-645cbf1721cf
1808,019ce2ef-808c-769b-a525-5de66f51b18a,Pirate's Cutlass,XLN,Ixalan,4,regular,,242.0,
1809,019ce2ef-36c4-7b4f-9afa-cd09ecfc76d2,Pit Keeper,TSP,Time Spiral,2,regular,,123.0,
1810,019ce2ef-f665-7e6c-946c-797cd506fc41,Pit of Offerings,LCI,Lost Caverns of Ixalan,1,regular,,278.0,bc7d3957-b483-4a1f-a244-293c90032f5e
1811,019ce2ef-83d8-7815-855a-68ca0d74f375,Pitiless Plunderer,RIX,Rivals of Ixalan,3,regular,,81.0,c87ebffe-5907-427b-9f9b-7c36a12b4a03
1812,019ce2ef-8f27-7734-a8ba-e2c15104742c,Pitiless Pontiff,RNA,Ravnica Allegiance,2,regular,,194.0,
1813,019ce2ef-7bb2-7ef1-8cd7-0a6b80d2f85b,Pitiless Vizier,AKH,Amonkhet,3,regular,,103.0,
1814,019ce2ef-7bb2-709a-860d-e1417b3f4abc,Plague Belcher,AKH,Amonkhet,1,regular,,104.0,
1815,019ce2ef-8f8d-7878-99f9-63eaf1985db8,Plague Wight,RNA,Ravnica Allegiance,8,regular,,82.0,
1816,019ce2ef-9465-7c6b-a4fb-a43f40abb667,Plaguecrafter,C19,Commander 2019,1,regular,,126.0,6d238383-e67f-4a34-b431-f079e55b2708
1817,019ce2ef-db03-77b5-ac8c-adee126f0a26,Plaguecrafter,J22,Jumpstart 2022,1,regular,,72.0,bbad4b00-b56b-4b55-9e6f-3de3e3748fe9
1818,019ce2ef-8c52-7152-90ef-7defc4436ef9,Plains,GK1,Guilds of Ravnica Guild Kits,1,regular,,126.0,
1819,019ce2ef-7ee8-76ff-88c2-59366d4bfc92,Plains,HOU,Hour of Devastation,2,regular,,185.0,
1820,019ce2ef-7fad-7e72-9696-87128342fcb2,Plains,HOU,Hour of Devastation,3,foil,,185.0,
1821,019ce2ef-849e-7e7f-84c8-8ca14bb8b47f,Plains,HOU,Hour of Devastation,1,regular,,190.0,
1822,019ce2ef-849e-73db-9467-0181b915dc49,Plains,HOU,Hour of Devastation,2,regular,,191.0,
1823,019ce2ef-b150-7b9a-b575-e3c0f99d749e,Plains,RIX,Rivals of Ixalan,1,regular,,192.0,92342f45-ccfe-4d94-82ba-2fd55128326f
1824,019ce2ef-6cb6-776d-8298-2c0fcd1176bf,Plains,ZEN,Zendikar,1,regular,full art,230.0,
1825,019ce2ef-6cb6-7bac-aba6-6ed7a63e647d,Plains,THS,Theros,2,regular,,230.0,
1826,019ce2ef-6cb6-7d10-bb25-fa00b04b2905,Plains,THS,Theros,1,regular,,231.0,
1827,019ce2ef-6cb6-7408-b38b-bc19073fdd6a,Plains,THS,Theros,2,regular,,232.0,
1828,019ce2ef-6cb6-704f-bf0b-45c1f7211e28,Plains,THS,Theros,3,regular,,233.0,
1829,019ce2ef-6f93-7e36-aad2-1d97f7861f99,Plains,BFZ,Battle for Zendikar,3,regular,full art,250.0,
1830,019ce2ef-7c16-7a5b-92ec-b06e5f23200d,Plains,AKH,Amonkhet,4,regular,,250.0,
1831,019ce2ef-6f93-7d95-8c99-12aad19e03a4,Plains,BFZ,Battle for Zendikar,2,regular,,250.0,
1832,019ce2ef-863d-79d2-8cf3-70795a2022b5,Plains,DOM,Dominaria,1,regular,,250.0,
1833,019ce2ef-96ef-70d4-ba64-299b579876e2,Plains,THB,Theros: Beyond Death,10,regular,,250.0,a9891b7b-fc52-470c-9f74-292ae665f378
1834,019ce2ef-6f93-71ea-ac92-fb57db0ed949,Plains,BFZ,Battle for Zendikar,1,regular,full art,251.0,
1835,019ce2ef-6f93-7487-9c79-e0b8d6452c07,Plains,BFZ,Battle for Zendikar,2,regular,,251.0,
1836,019ce2ef-953e-7ac7-b2f5-2608712f2b7e,Plains,ELD,Throne of Eldraine,1,regular,,251.0,ad0b7076-03b9-4a8b-a55c-6cba0b8162e8
1837,019ce2ef-6f93-7d80-a75d-61faef73d055,Plains,BFZ,Battle for Zendikar,3,regular,full art,252.0,
1838,019ce2ef-6f93-776d-894a-be818e918187,Plains,BFZ,Battle for Zendikar,2,regular,,252.0,
1839,019ce2ef-953e-778c-b46a-26e8982abe51,Plains,ELD,Throne of Eldraine,1,regular,,252.0,9b5fbeae-9bd5-4741-80a2-9b646b374328
1840,019ce2ef-6f93-7da4-b9fb-17d7cb0da66c,Plains,BFZ,Battle for Zendikar,1,regular,full art,253.0,
1841,019ce2ef-6f93-7ff0-a0a2-1156faf417ae,Plains,BFZ,Battle for Zendikar,1,regular,,253.0,
1842,019ce2ef-863d-7ba0-ae88-27c30eec3164,Plains,DOM,Dominaria,1,regular,,253.0,
1843,019ce2ef-953e-707f-baa0-efe0b60af3cd,Plains,ELD,Throne of Eldraine,1,regular,,253.0,5b5f9eef-925c-479e-a9a5-ce61fc06f3be
1844,019ce2ef-6f93-7f5a-a15f-ebae4daed978,Plains,BFZ,Battle for Zendikar,2,regular,,254.0,
1845,019ce2ef-9b38-7d93-bcd2-e60550159bed,Plains,IKO,Ikoria: Lair of Behemoths,1,regular,,260.0,16ebbce9-fd10-4c14-b52d-cf82c0c1a58c
1846,019ce2ef-9b38-7925-92b0-5bb613ca1cb6,Plains,IKO,Ikoria: Lair of Behemoths,1,regular,,261.0,e84f2b9b-1412-476f-8739-17d35ea48a51
1847,019ce2ef-8b8e-729e-be45-76e3f1149ec2,Plains,M19,Core Set 2019,2,regular,,261.0,
1848,019ce2ef-93a2-7c1c-86e1-4f647ddac827,Plains,M20,Core Set 2020,1,regular,,261.0,
1849,019ce2ef-9c8d-74f0-9501-8f00f12f55af,Plains,M21,Core Set 2021,1,regular,,261.0,0d4e5bc1-f0c3-4ea7-a549-c36d932103b1
1850,019ce2ef-9d7b-7d13-80bd-158430cab7f4,Plains,M21,Core Set 2021,1,foil,,261.0,0d4e5bc1-f0c3-4ea7-a549-c36d932103b1
1851,019ce2ef-8024-7116-979e-44bd4e07a030,Plains,XLN,Ixalan,1,regular,,261.0,
1852,019ce2f0-0c3f-7525-989e-43983ce91097,Plains,BLB,Bloomburrow,3,regular,,262.0,3663ff0c-d02f-49ac-bb88-6f0dbd684337
1853,019ce2ef-cd64-784c-b58a-f081bacbced8,Plains,DMU,Dominaria United,3,regular,,262.0,5822b027-369d-46da-b6dd-c31207e2f449
1854,019ce2ef-9b38-74b9-b474-09a8f30131c7,Plains,IKO,Ikoria: Lair of Behemoths,1,regular,,262.0,8a65b379-47a9-48f2-be6e-abb4e7868ad0
1855,019ce2ef-e801-7050-80c3-f5a7380cab30,Plains,LTR,The Lord of the Rings: Tales of Middle-Earth,6,regular,,262.0,f724ae86-b968-4f49-8267-c2c34c22f1b6
1856,019ce2ef-8b8e-728a-876b-de15982d929a,Plains,M19,Core Set 2019,1,regular,,262.0,
1857,019ce2ef-8c52-7e63-9e38-08193e93873c,Plains,M19,Core Set 2019,1,foil,,262.0,
1858,019ce2ef-93a2-71da-8136-5a4f14baffdc,Plains,M20,Core Set 2020,1,regular,,262.0,
1859,019ce2ef-9c8d-75b3-97c2-35f693611284,Plains,M21,Core Set 2021,1,regular,,262.0,8a299a1e-1ce9-4668-a5f5-c587081acf6b
1860,019ce2ef-edbb-7be5-aea1-bbb4470025ae,Plains,WOE,Wilds of Eldraine,1,regular,,262.0,c9cd4d57-8c51-4fcf-8a9f-5d6a61c33e3d
1861,019ce2ef-efdb-764a-ba96-726de134cb0a,Plains,WOE,Wilds of Eldraine,1,foil,,262.0,c9cd4d57-8c51-4fcf-8a9f-5d6a61c33e3d
1862,019ce2ef-8231-7e34-9987-21b0de4bb2d8,Plains,XLN,Ixalan,1,regular,,262.0,
1863,019ce2f0-0c3f-7e25-84aa-fd115e0708ee,Plains,BLB,Bloomburrow,4,regular,,263.0,ab53b300-38b2-436c-834c-b0162dd3b757
1864,019ce2f0-0c3f-7f10-864a-f159b05a6910,Plains,BLB,Bloomburrow,3,foil,,263.0,ab53b300-38b2-436c-834c-b0162dd3b757
1865,019ce2ef-cd64-74ce-b577-6368d79c82a0,Plains,DMU,Dominaria United,2,regular,,263.0,5b364f40-c3c0-4e3a-8556-73f6fcc19eec
1866,019ce2ef-e801-7388-9c3b-a3a12431aeba,Plains,LTR,The Lord of the Rings: Tales of Middle-Earth,5,regular,,263.0,5bb495cc-9908-455e-bec9-3993d595f4f9
1867,019ce2ef-8b8e-701c-b821-9f24d653d8b0,Plains,M19,Core Set 2019,2,regular,,263.0,
1868,019ce2ef-93a2-79b0-aadb-dbe779c13848,Plains,M20,Core Set 2020,1,regular,,263.0,
1869,019ce2ef-8231-7d54-8631-561f32f1eead,Plains,XLN,Ixalan,1,regular,,263.0,
1870,019ce2f0-0c3f-7b8f-aeda-68df65bbe1f8,Plains,BLB,Bloomburrow,4,regular,,264.0,4f04188d-9a76-495d-b3a7-ee44810cf671
1871,019ce2ef-8b8e-704b-b48d-10a7bf2b0d3f,Plains,M19,Core Set 2019,2,regular,,264.0,
1872,019ce2ef-93a2-7020-bc23-72cfec78d105,Plains,M20,Core Set 2020,1,regular,,264.0,
1873,019ce2ef-a0a9-77fa-a504-856bf35b07b7,Plains,ZNR,Zendikar Rising,2,regular,,266.0,9591fd15-78d9-4089-a075-031ab2affd2d
1874,019ce2ef-ee7f-7929-b03a-394ce295d079,Plains,WOE,Wilds of Eldraine,1,regular,,267.0,eed1af19-e075-4e6f-9394-d258143e15a4
1875,019ce2ef-a0a9-75ff-9ec7-461b793bc9d6,Plains,ZNR,Zendikar Rising,1,regular,,267.0,5665190e-ea2a-498e-9c4f-f0bc514bd80c
1876,019ce2ef-d96b-7ba4-b848-5ceca45704da,Plains,BRO,The Brothers' War,1,regular,,268.0,22de1edc-ec67-4694-ab88-2a679c8a450f
1877,019ce2ef-ba68-7919-b7bc-b9bdabf8f143,Plains,MID,Innistrad: Midnight Hunt,1,regular,,268.0,6ed1902d-0b09-4bbe-9059-a0779450ee05
1878,019ce2ef-a177-793c-8952-072ce155bd76,Plains,ZNR,Zendikar Rising,1,foil,,268.0,5d918248-85ff-4fea-ac91-aa5466dd2829
1879,019ce2ef-c395-74bc-a383-3d18d002d131,Plains,SNC,Streets of New Capenna,1,regular,,273.0,aa69cedc-49ce-48f3-88e1-94b9bc061bf4
1880,019ce2ef-95ac-78c1-ae0a-482fcd5d7f1a,Plains,THB,Theros: Beyond Death,1,regular,,278.0,40aca5ca-a37b-4919-aef6-2510b4779161
1881,019ce2ef-95ac-704c-a97f-2ee7b222e340,Plains,THB,Theros: Beyond Death,1,regular,,279.0,db68b6a3-10e5-42d1-9325-94a4a821782a
1882,019ce2f0-136a-7bf2-87e9-6090a9d4f5d7,Plains,FDN,Foundations,2,regular,,282.0,6e6f19b3-4c76-4078-8ed2-b2832a33d066
1883,019ce2f0-136a-7676-b4c8-0dc7474eb598,Plains,FDN,Foundations,3,regular,,283.0,7a0f9892-89cd-46ff-bc87-114e175cb575
1884,019ce2f0-136a-7594-8b89-8136678bfaa0,Plains,FDN,Foundations,1,foil,,283.0,7a0f9892-89cd-46ff-bc87-114e175cb575
1885,019ce2ef-72db-7fb6-b0d4-07bb38274aa6,Plains,SOI,Shadows over Innistrad,1,regular,,283.0,
1886,019ce2ef-72db-7348-aec4-442bf6f14ad6,Plains,SOI,Shadows over Innistrad,1,regular,,284.0,
1887,019ce2ef-72db-7d1f-8059-f402bb13b957,Plains,SOI,Shadows over Innistrad,2,regular,,285.0,
1888,019ce2ef-c0b2-768a-97e2-bf6865e1611c,Plains,NEO,Kamigawa: Neon Dynasty,1,regular,,294.0,7a76d8ee-28fc-49ac-951c-a4d29822f91e
1889,019ce2ef-a58d-75ae-91e3-71060e806134,Plains,M21,Core Set 2021,1,regular,,309.0,2f6778ff-6c1c-498a-bbfa-46c35b77a72a
1890,019ce2ef-70bf-7e44-a3a8-d2cd0060d789,Plains,C15,Commander 2015,3,regular,,323.0,
1891,019ce2ef-70bf-7c51-b706-daa6b9181581,Plains,C15,Commander 2015,3,regular,,324.0,
1892,019ce2ef-70bf-704d-960d-681b5d1ca634,Plains,C15,Commander 2015,3,regular,,325.0,
1893,019ce2ef-70bf-7403-8585-fda7053b575e,Plains,C15,Commander 2015,2,regular,,326.0,
1894,019ce2f0-0ca1-7256-b953-a185490d5df8,Plains,BLB,Bloomburrow,4,regular,,369.0,449d4122-ee9d-477c-976a-809ba8cb1443
1895,019ce2f0-0ca1-7d54-be9d-edf547723363,Plains,BLB,Bloomburrow,4,regular,,370.0,031b61a1-db66-416d-8187-edc32123131f
1896,019ce2ef-bc87-788c-9bbf-61980e527817,Plains,MID,Innistrad: Midnight Hunt,1,foil,,380.0,46b94de4-099e-43d7-8f24-d5450b09f1f1
1897,019ce2ef-b5ee-733c-a095-d03cbe9cbe11,Plains,MH2,Modern Horizons 2,2,regular,,481.0,d5aa2449-6b74-4319-858f-caa9282da5c1
1898,019ce2ef-b5ef-7143-b4a8-d885b38293e2,Plains,MH2,Modern Horizons 2,1,regular,,482.0,e14e6193-f60b-46c8-a7eb-02a437138568
1899,019ce2ef-cd65-7317-8e00-318b67ed491c,Plaza of Heroes,DMU,Dominaria United,1,regular,,252.0,a2cfcf67-f83c-43af-9e2d-5513fcdde835
1900,019ce2ef-90c3-7974-9768-5c252f36e65b,Pledge of Unity,WAR,War of the Spark,2,regular,,210.0,ca9b3518-7fcd-49e2-a4c4-e5daa8be6c21
1901,019ce2ef-8a46-77db-8cbe-e43c71ee3711,Plummet,M19,Core Set 2019,1,regular,,193.0,
1902,019ce2ef-9329-79af-acd5-1a9d0a282690,Plummet,M20,Core Set 2020,1,regular,,188.0,
1903,019ce2ef-eeee-79e6-8f22-cc5f8e49eb8c,Plunge into Winter,WOE,Wilds of Eldraine,1,regular,,22.0,fe4aceba-f386-457c-bc68-6382eda46754
1904,019ce2ef-efdb-739e-a8ad-cfa8aa2caab0,Plunge into Winter,WOE,Wilds of Eldraine,1,foil,,22.0,fe4aceba-f386-457c-bc68-6382eda46754
1905,019ce2ef-a99b-776d-a8b1-b6c8247422af,Poison the Cup,KHM,Kaldheim,1,regular,promo pack,403.0,a397f533-204b-4187-b4fe-4e7f067ea3f4
1906,019ce2ef-8ab0-7bff-9a9b-3f1846c40afe,Poison-Tip Archer,M19,Core Set 2019,2,regular,,220.0,
1907,019ce2ef-8d8f-7321-8acf-78a97bfd97d4,Pollenbright Wings,GK1,Guilds of Ravnica Guild Kits,1,regular,,115.0,
1908,019ce2f0-0c40-7585-87d9-4854ea2f8532,Polliwallop,BLB,Bloomburrow,1,regular,,189.0,6bc4963c-d90b-4588-bdb7-85956e42a623
1909,019ce2f0-0bc7-7727-b0af-517fbc2bcc90,Pond Prophet,BLB,Bloomburrow,1,regular,,229.0,fb959e74-61ea-453d-bb9f-ad0183c0e1b1
1910,019ce2ef-2940-7112-b750-d6f3c57d0744,Pontiff of Blight,DGM,Dragon's Maze,1,regular,,27.0,
1911,019ce2ef-b564-759d-884f-d092b21ae4c4,Portable Hole,AFR,Adventures in the Forgotten Realms,5,regular,,33.0,80fca8c0-ae3e-439e-b202-228b9f360e9a
1912,019ce2ef-ce2a-7f6d-bd8f-d8c0c5602acd,Prayer of Binding,DMU,Dominaria United,1,regular,,28.0,322f90b6-6b49-458d-9d5b-b601bfdd0af8
1913,019ce2f0-14f5-79cb-968b-c0384345d320,Predator Ooze,FDN,Foundations,1,regular,,642.0,
1914,019ce2f0-1551-79e5-8080-0a5f6a1f5d85,Preposterous Proportions,FDN,Foundations,2,regular,,109.0,acb65189-60e4-42e0-9fb1-da6b716b91d7
1915,019ce2ef-90c4-76c9-9961-5a0122efb7dc,Price of Betrayal,WAR,War of the Spark,3,regular,,102.0,fd68e918-5089-46c9-8836-b05a3da3c7a3
1916,019ce2ef-8376-74e5-a256-0f66da94f3d4,Pride of Conquerors,RIX,Rivals of Ixalan,4,regular,,17.0,ff0a769c-6602-4f6f-a388-f5aa15fb3c90
1917,019ce2f0-1085-7498-9694-cab3336ce771,Prideful Parent,FDN,Foundations,2,regular,,21.0,b742117a-8a72-43b9-b05d-274829d138a2
1918,019ce2f0-15c5-798a-9ed7-948fe3e5a8c0,Prideful Parent,FDN,Foundations,1,foil,,21.0,b742117a-8a72-43b9-b05d-274829d138a2
1919,019ce2ef-8f27-79c2-9545-14b5c67a4955,Priest of Forgotten Gods,RNA,Ravnica Allegiance,4,regular,,83.0,
1920,019ce2ef-8024-7f84-84e8-532a90a8c203,Priest of the Wakening Sun,XLN,Ixalan,1,regular,,27.0,
1921,019ce2f0-14f5-7b50-b67f-06f7f1f80615,Primal Might,FDN,Foundations,1,regular,,643.0,
1922,019ce2f0-14f5-736a-800c-27cd214196e6,Primeval Bounty,FDN,Foundations,1,regular,,644.0,
1923,019ce2ef-9406-7e40-81eb-67da8b9a9dac,Prismatic Strands,C19,Commander 2019,3,regular,,69.0,efd85985-abc1-430a-9210-63109c90a82d
1924,019ce2ef-90c3-7571-8a93-e7b0c56e406a,Prison Realm,WAR,War of the Spark,2,regular,,26.0,d476e8e5-2377-464b-b2d5-a3cd66ee2e45
1925,019ce2ef-8d8f-709f-9450-e0f418a3a181,Privileged Position,GK1,Guilds of Ravnica Guild Kits,1,regular,,116.0,
1926,019ce2ef-932a-7966-8429-79e5d81fb485,Prized Unicorn,M20,Core Set 2020,1,regular,,342.0,
1927,019ce2ef-b07c-78d2-bcbe-f59feb4b033b,Promise of Loyalty,C21,Commander 2021,1,regular,,21.0,fc21e7d5-3641-47fe-add0-8becf5173e28
1928,019ce2ef-a2ae-7dfa-980b-1f1b3fc8be25,Promise of Tomorrow,CMR,Commander Legends,1,regular,,39.0,0ccffa9d-8896-4364-bc5c-37592d2714f9
1929,019ce2ef-ee7e-7efd-bca0-9130c058351d,Prophetic Prism,WOE,Wilds of Eldraine,1,regular,,249.0,1fae351c-b918-4648-a361-d5239ae63156
1930,019ce2ef-7560-7971-89ec-f8a6aee131e0,Providence,EMN,Eldritch Moon,1,regular,,37.0,
1931,019ce2ef-932a-7d8f-9d63-be7e916b96b4,Prowling Caracal,M20,Core Set 2020,1,regular,,309.0,
1932,019ce2ef-8f28-75ca-8e31-7ab410ac8690,Prowling Caracal,RNA,Ravnica Allegiance,3,regular,,17.0,
1933,019ce2ef-8d8f-711e-9a6c-cfaf71c98c9c,Putrefy,GK1,Guilds of Ravnica Guild Kits,1,regular,,68.0,
1934,019ce2ef-9260-7812-8309-c3030c143c52,Putrid Goblin,MH1,Modern Horizons,2,regular,,101.0,
1935,019ce2ef-7bb1-75b8-b946-72ad8a9671a6,Pyramid of the Pantheon,AKH,Amonkhet,1,regular,,235.0,
1936,019ce2f0-15c4-7c38-88fe-9f913493707f,Quakestrider Ceratops,FDN,Foundations,2,regular,,110.0,067f72c2-ead6-4879-bc9d-696c9f87c0b2
1937,019ce2ef-81ca-7ccb-ad2b-f71bfdb4c01a,Queen's Agent,XLN,Ixalan,4,regular,,114.0,
1938,019ce2ef-8024-7984-a029-01ec8ec7002c,Queen's Bay Soldier,XLN,Ixalan,4,regular,,115.0,
1939,019ce2ef-8154-74b3-9b89-7f12a81399f6,Queen's Commission,XLN,Ixalan,4,regular,,29.0,
1940,019ce2ef-c461-7703-bcd3-4c6960a06b63,Quick-Draw Dagger,SNC,Streets of New Capenna,1,regular,,243.0,d64110f4-c4b6-4966-a23a-8da7d1983499
1941,019ce2f0-15c5-73ef-95f5-652bd3a1b20e,Quick-Draw Katana,FDN,Foundations,2,regular,,130.0,69beec98-c89c-4673-953c-8b3ef3d81560
1942,019ce2f0-0d5b-7657-bc51-255ef1ffb971,Rabid Bite,BLB,Bloomburrow,2,regular,,394.0,53a73200-b798-4bfd-a431-8b94e17b70be
1943,019ce2ef-8a46-70c0-a603-05c97cbdc3d2,Rabid Bite,M19,Core Set 2019,1,regular,,195.0,
1944,019ce2ef-9329-7f16-8006-82654a49c1ff,Rabid Bite,M20,Core Set 2020,1,regular,,190.0,
1945,019ce2ef-8376-7374-a621-fa8002799b4e,Radiant Destiny,RIX,Rivals of Ixalan,1,regular,,18.0,9d44584d-e501-40aa-b3f2-a6155e2ee6e7
1946,019ce2ef-b659-7e1c-80a7-076c9a55fedc,Radiant Epicure,MH2,Modern Horizons 2,1,regular,,98.0,48c99e55-c605-4519-a52a-39dfdbabb44a
1947,019ce2ef-9c8c-7acd-b83e-437feaba0bc2,Radiant Fountain,M21,Core Set 2021,4,regular,,248.0,0296c34b-120b-483e-8b49-6d432c04f9a4
1948,019ce2ef-c3f9-774c-9506-2bfaf1fbd064,Raffine's Informant,SNC,Streets of New Capenna,5,regular,,26.0,4e64ff87-2099-4360-94f6-164277b7b514
1949,019ce2ef-a93a-79f3-b6ba-145c83614bec,Raise the Draugr,KHM,Kaldheim,4,regular,,105.0,1a67c196-632c-4c7b-a132-de07d894e634
1950,019ce2ef-9066-71ca-a744-8ae9c7dd28b0,Rakdos Carnarium,GK2,Ravnica Allegiance Guild Kits,4,regular,,77.0,
1951,019ce2ef-90c3-728e-9702-f001957f0c45,Rally of Wings,WAR,War of the Spark,4,regular,,27.0,f043642d-35fe-4ea9-a1d3-78ddfdddeaf4
1952,019ce2ef-aae1-74be-841f-998bc3f822b3,Rally the Ranks,KHM,Kaldheim,1,regular,planeswalker stamp,20.0,22e71ec5-f9bd-4434-982b-7cb4cfa7ea15
1953,019ce2ef-a93a-7ab4-b177-bb541a3dbca3,Rally the Ranks,KHM,Kaldheim,4,regular,,20.0,03595195-3be2-4d18-b5c0-43b2dcc1c0f5
1954,019ce2ef-8154-7ff8-9795-78010ef259d8,Rallying Roar,XLN,Ixalan,3,regular,,30.0,
1955,019ce2ef-8154-7543-920b-643650c8ce59,Rallying Roar,XLN,Ixalan,1,foil,,30.0,
1956,019ce2ef-2b0e-7875-9737-b5cb522f9d86,Ramosian Rally,MM,Mercadian Masques,2,regular,,38.0,
1957,019ce2f0-14f5-7e49-903c-9595604b265e,Rampaging Baloths,FDN,Foundations,1,regular,,645.0,
1958,019ce2ef-3430-7529-bf74-a4d61ff29ace,Rancid Earth,TOR,Torment,3,regular,,78.0,
1959,019ce2ef-9260-748e-9df2-14517f725a10,Rank Officer,MH1,Modern Horizons,4,regular,,102.0,
1960,019ce2ef-9465-7f46-b226-8c8587d78b71,"Rankle, Master of Pranks",ELD,Throne of Eldraine,2,regular,,101.0,93c2c11d-dfc3-4ba9-8c0f-a98114090396
1961,019ce2ef-ce9f-7f0b-ad99-37bcbbd22310,Ratadrabik of Urborg,DMU,Dominaria United,1,foil,,213.0,9315812d-03e8-4eb4-a693-e7adf281f7fb
1962,019ce2f0-15c4-74f7-9213-87f0db2f33db,Ravenous Amulet,FDN,Foundations,1,regular,,131.0,80cadee5-6f26-4440-ad31-a8e573a90436
1963,019ce2ef-9066-71b0-a7a1-98952eb1a3cd,Ravnica at War,WAR,War of the Spark,1,regular,,28.0,e0f83824-43c6-4101-88fd-9109958b23e2
1964,019ce2ef-7eea-7101-b105-65ba50a294fa,Razaketh's Rite,HOU,Hour of Devastation,1,regular,,74.0,
1965,019ce2ef-7ee9-7a12-ab40-209fa87ee2ec,"Razaketh, the Foulblooded",HOU,Hour of Devastation,1,regular,,73.0,
1966,019ce2ef-a727-7ffb-8049-b715da7db4b4,Realm-Cloaked Giant,ELD,Throne of Eldraine,1,foil,showcase,277.0,7d764af5-dd94-4874-a69b-c2a657a7d07b
1967,019ce2ef-3368-7f36-a382-b43ad6ea30c7,Reaping the Graves,SCG,Scourge,1,regular,,72.0,
1968,019ce2ef-4ac1-7329-958e-7eb67ce2f9a9,Reaping the Graves,SCG,Scourge,1,foil,,72.0,
1969,019ce2ef-83d8-72fb-8534-0fd953b68289,Reaver Ambush,RIX,Rivals of Ixalan,1,regular,,83.0,fceaac2f-b26c-4da9-bf4f-c7672394dd7f
1970,019ce2ef-c1f2-7074-a13f-d3d05e2a40b1,Reckoner Shakedown,NEO,Kamigawa: Neon Dynasty,2,regular,,119.0,cf57666f-366b-43bf-95c7-39c1f7f061e2
1971,019ce2ef-c1f2-7949-8c24-ba610eadd764,Reckoner's Bargain,NEO,Kamigawa: Neon Dynasty,4,regular,,120.0,6338942d-d650-4571-8ec6-4d658792c53e
1972,019ce2f0-1554-784f-854f-7cc8ccfc65ae,Reclamation Sage,FDN,Foundations,1,regular,borderless,340.0,af3f0764-9d80-4e15-a402-1f93e652bcbb
1973,019ce2f0-1554-7a35-8904-be69f0bf4d94,Reclamation Sage,FDN,Foundations,1,regular,,231.0,1918ea65-ab7f-4d40-97fd-a656c892a2a1
1974,019ce2ef-d90b-7aa6-8b0d-a6363e39cd75,Recommission,BRO,The Brothers' War,3,regular,,22.0,2a64e330-1257-4ec3-9a75-889cdcac3ade
1975,019ce2ef-83d8-7ed1-891b-d9eb6d91d664,Recover,RIX,Rivals of Ixalan,4,regular,,84.0,f2f4e0a8-7af7-4422-a964-c19503692ba6
1976,019ce2ef-d480-774d-aba1-23e585cf1908,Recruitment Officer,BRO,The Brothers' War,3,regular,,23.0,c226656b-68d5-4df2-b313-a323a728c520
1977,019ce2ef-efdb-7071-9a54-4ab4f927fc35,Redtooth Genealogist,WOE,Wilds of Eldraine,1,foil,,179.0,99c81440-66eb-4443-a83f-e2f15cb68a3e
1978,019ce2f0-0997-7ac0-b733-0fc5d4d5cabd,Refurbished Familiar,MH3,Modern Horizons 3,1,regular,,105.0,b338e078-629c-4cac-bd1d-e1f0a132728d
1979,019ce2ef-8ab0-7f7b-a1d0-2fb23d8ca985,Regal Bloodlord,M19,Core Set 2019,1,regular,,222.0,
1980,019ce2ef-a99b-76b6-b855-c022dd124c8b,"Reidane, God of the Worthy",KHM,Kaldheim,2,regular,,21.0,3606519e-5677-4c21-a34e-be195b6669fa
1981,019ce2ef-2ec1-75ed-b202-8bce3d5574bc,Relic of Progenitus,ALA,Shards of Alara,1,regular,,218.0,
1982,019ce2ef-748c-7b5f-9102-2574fff04110,Relic of Progenitus,EMA,Eternal Masters,2,regular,,231.0,
1983,019ce2ef-8a47-7186-9d71-a05b73220b93,Reliquary Tower,M19,Core Set 2019,1,regular,,254.0,
1984,019ce2ef-8ab0-71b5-9379-c1cdbf3f6707,Remorseful Cleric,M19,Core Set 2019,1,regular,,33.0,
1985,019ce2ef-713b-7248-9498-5e2b924927d9,Remorseless Punishment,OGW,Oath of the Gatewatch,1,regular,,89.0,
1986,019ce2ef-7b4b-7219-b40d-9d8ef86de547,Renewed Faith,AKH,Amonkhet,1,regular,,25.0,
1987,019ce2ef-d83a-79fe-ad01-d0d0404bb3cf,Repair and Recharge,BRO,The Brothers' War,1,regular,,24.0,04ff4a4b-4e86-41d1-a6b6-312aac0d3e1a
1988,019ce2ef-ccfa-71dd-9bc3-3977400be246,Resolute Reinforcements,DMU,Dominaria United,2,regular,,29.0,3e11ad33-b9d7-43ef-840a-61955683b599
1989,019ce2f0-1554-7dd1-871e-c4310aab18e5,Resolute Reinforcements,FDN,Foundations,3,regular,,145.0,940f3989-77cc-49a9-92e0-095a75d80f0f
1990,019ce2ef-8f28-7250-a8ab-7aa1438d3112,Resolute Watchdog,RNA,Ravnica Allegiance,4,regular,,19.0,
1991,019ce2ef-8c52-7271-b1fa-0c869ca109d0,Response // Resurgence,GRN,Guilds of Ravnica,3,regular,,229.0,
1992,019ce2ef-9260-7db8-a5a3-4df957b09a5e,Return from Extinction,MH1,Modern Horizons,4,regular,,104.0,
1993,019ce2ef-c1f2-7468-9c61-b13fb1030609,Return to Action,NEO,Kamigawa: Neon Dynasty,1,regular,,121.0,342ec072-e581-490c-b5ae-a625bd35a153
1994,019ce2ef-36c4-7ff3-b5a6-4f7277bc1ffc,Return to Dust,TSP,Time Spiral,1,regular,,39.0,
1995,019ce2ef-efdc-7e4b-ba8e-106a4bbcb8a9,Return Triumphant,WOE,Wilds of Eldraine,2,foil,,26.0,f5209c13-9591-48eb-8d6c-112b3bdd429a
1996,019ce2ef-3998-79c0-bed6-431219fff5c1,Returned Phalanx,THS,Theros,1,regular,,104.0,
1997,019ce2ef-5e87-7009-aa6a-ef28a88becca,Returned Reveler,JOU,Journey into Nyx,1,regular,,79.0,
1998,019ce2ef-8024-7f3f-b174-b9ff7d05f345,Revel in Riches,XLN,Ixalan,1,regular,,117.0,
1999,019ce2ef-9467-7704-bb9d-4a1c4912d7bd,Revenge of Ravens,ELD,Throne of Eldraine,3,regular,,104.0,3474289a-193e-452d-b248-e53ee99e22c0
2000,019ce2ef-9c8c-72f9-8ef2-7f41c1b863fa,Revitalize,M21,Core Set 2021,2,regular,,31.0,a3bd4bce-8ab0-40b9-aad7-7d57a011bb0b
2001,019ce2f0-0862-7489-997c-4be56b5aa253,Revitalizing Repast,MH3,Modern Horizons 3,1,regular,,256.0,03522b6b-31ec-4126-8885-5dbb2248688b
2002,019ce2ef-95ac-79d8-864f-fa0b3c6e671d,Revoke Existence,THB,Theros: Beyond Death,4,regular,,34.0,9dbb9f86-f487-44b1-815f-30d87868b531
2003,019ce2ef-7bb2-7277-a915-c8f6162d15e5,Rhet-Crop Spearmaster,AKH,Amonkhet,4,regular,,26.0,
2004,019ce2ef-8cb4-7204-bd46-05f8f553b2fb,Rhizome Lurcher,GRN,Guilds of Ravnica,5,regular,,196.0,
2005,019ce2ef-8a46-7074-b3e0-cdeac83a6f9d,Riddlemaster Sphinx,M19,Core Set 2019,2,regular,,287.0,
2006,019ce2ef-932a-7eb0-803f-6f35219985ab,Riddlemaster Sphinx,M20,Core Set 2020,2,regular,,317.0,
2007,019ce2ef-9ad9-76f9-bcd3-d48c1401f825,Riders of Gavony,C20,Commander 2020,1,regular,,98.0,
2008,019ce2ef-8154-70d3-986b-d6394b58362f,Rigging Runner,XLN,Ixalan,4,regular,,157.0,
2009,019ce2ef-705f-7d54-b0dd-4a3a3bddf927,Righteous Confluence,C15,Commander 2015,1,regular,,7.0,
2010,019ce2ef-9cf9-7d8d-840d-571ebe4cf335,Rise Again,M21,Core Set 2021,4,regular,,119.0,660ec88f-2063-404a-853e-c985e21d17b0
2011,019ce2ef-8ab0-7974-9601-9da9b9c5b258,Rise from the Grave,M19,Core Set 2019,2,regular,,117.0,
2012,019ce2ef-9674-78bc-af34-ce6edeaaad61,Rise to Glory,THB,Theros: Beyond Death,1,regular,,225.0,cf6c11c8-64a1-46a4-979c-56a6d5b873d3
2013,019ce2f0-1d2e-7ab5-b6c5-9ec4356ec2b9,Rite of Renewal,TDM,Tarkir: Dragonstorm,1,regular,,153.0,f737698a-d934-4851-b238-828959ef4835
2014,019ce2ef-8cb4-7d97-bd07-11178783c121,Ritual of Soot,GRN,Guilds of Ravnica,1,regular,,84.0,
2015,019ce2ef-c461-7ed9-981c-e35c6c501585,Riveteers Overlook,SNC,Streets of New Capenna,1,regular,,255.0,1d161f81-c01a-4c91-b025-52dcb1881638
2016,019ce2ef-8cb4-7759-bd9f-5744b997057c,Roc Charger,GRN,Guilds of Ravnica,4,regular,,24.0,
2017,019ce2ef-daa0-7045-b2e6-c0f9b34de476,Rodolf Duskbringer,J22,Jumpstart 2022,1,regular,,25.0,d9afd47b-ff94-4fdd-bb04-bdf9b8b61a6d
2018,019ce2ef-70bf-7b91-9908-94ad316f50ab,Rogue's Passage,C15,Commander 2015,1,regular,,302.0,
2019,019ce2ef-b07d-7a8a-aaaa-54d53ee37661,Rogue's Passage,C21,Commander 2021,1,regular,,312.0,ba61e204-825b-49e6-b713-c44f714b7539
2020,019ce2f0-0997-7b4e-8e52-0d4323302aaa,Rosecot Knight,MH3,Modern Horizons 3,1,foil,,42.0,9ae7df20-1ccf-459b-b81c-ab8763c77ccf
2021,019ce2ef-8c52-7c8c-8e94-82f3d192fe0c,Rosemane Centaur,GRN,Guilds of Ravnica,6,regular,,197.0,
2022,019ce2ef-bbb2-7652-8c6c-3eebecb957aa,Rotten Reunion,MID,Innistrad: Midnight Hunt,5,regular,,119.0,97398ad2-675b-4a34-aab7-935dd6714f1c
2023,019ce2ef-91fc-7986-9fc8-4850d6ecbe1b,Rotwidow Pack,MH1,Modern Horizons,2,regular,,212.0,
2024,019ce2ef-ee1b-7981-9721-8e8352dd2ef9,Rowan's Grim Search,WOE,Wilds of Eldraine,2,regular,,104.0,1be6786e-0569-42dd-b03c-82da7b32a14f
2025,019ce2ef-efdc-73a8-891f-1cc6025317e1,Rowan's Grim Search,WOE,Wilds of Eldraine,2,foil,,104.0,1be6786e-0569-42dd-b03c-82da7b32a14f
2026,019ce2ef-8024-7510-8b08-63c5903b5d5e,Rowdy Crew,XLN,Ixalan,1,regular,,159.0,
2027,019ce2ef-8f8d-7e07-95b9-7dfbc77a6b25,Rubblebelt Recluse,RNA,Ravnica Allegiance,1,regular,,111.0,
2028,019ce2ef-8024-76e5-a2d5-813ee34184b6,Ruin Raider,XLN,Ixalan,2,regular,,118.0,
2029,019ce2ef-7f4c-7d90-8495-f70225ccaafc,Ruin Rat,HOU,Hour of Devastation,4,regular,,75.0,
2030,019ce2ef-9b37-7af2-ae46-b380d02355ec,Ruinous Ultimatum,IKO,Ikoria: Lair of Behemoths,2,regular,,204.0,50c1d6ca-7789-46b5-bc89-85cc3915cb85
2031,019ce2ef-81cb-7286-9bdf-33cb8a25c0e5,Rummaging Goblin,XLN,Ixalan,4,regular,,160.0,
2032,019ce2ef-f815-7e06-8130-603a1cc099ea,Runaway Boulder,LCI,Lost Caverns of Ixalan,1,regular,,259.0,06d47a3b-dc66-48d8-981b-dde0ccc34ad5
2033,019ce2ef-9c8c-729c-86f9-f724048effa0,Runed Halo,M21,Core Set 2021,1,regular,,32.0,61296b2d-4e5c-419a-8775-4e6af902c7b1
2034,019ce2ef-cdca-7be2-a629-bcee674ea7b6,Runic Shot,DMU,Dominaria United,1,regular,,30.0,f54413be-7d73-478d-a25a-8fe06f6491a5
2035,019ce2ef-8b14-76ab-9828-b02a7d4e4338,Rupture Spire,M19,Core Set 2019,1,regular,,255.0,
2036,019ce2f0-0ca0-7782-862e-09f1e69dd3be,Rust-Shield Rampager,BLB,Bloomburrow,2,regular,,190.0,c96b01f5-83de-4237-a68d-f946c53e31a6
2037,019ce2ef-8a46-7efb-8de5-b504cc6f43f0,Rustwing Falcon,M19,Core Set 2019,6,regular,,36.0,
2038,019ce2ef-8153-783a-8e15-a60bf182f850,Ruthless Knave,XLN,Ixalan,3,regular,,119.0,
2039,019ce2ef-7bb2-7250-8781-8d8a10ab2d1a,Ruthless Sniper,AKH,Amonkhet,3,regular,,105.0,
2040,019ce2ef-7b4b-7536-92d4-d3f00244c8ee,Sacred Cat,AKH,Amonkhet,4,regular,,27.0,
2041,019ce2ef-8c52-7acf-978b-03268586ca9f,Sacred Foundry,GRN,Guilds of Ravnica,1,regular,,254.0,
2042,019ce2ef-83d8-76f4-948b-b794155b016d,Sadistic Skymarcher,RIX,Rivals of Ixalan,4,regular,,85.0,1334ee90-c798-42ec-b2be-68dac766a7eb
2043,019ce2ef-74fe-779f-a23b-09570dfdbd72,Sanctifier of Souls,EMN,Eldritch Moon,1,regular,,39.0,
2044,019ce2ef-7654-7e07-b4df-d72aa615557f,Sanctifier of Souls,PRM-MSC,Unique and Miscellaneous Promos,1,foil,,39.0,
2045,019ce2ef-bdad-7e6c-9e2e-6589bca658c0,Sanctify,VOW,Innistrad: Crimson Vow,5,regular,,33.0,880e071a-6d6c-41c4-b2eb-c9e6626d0c7f
2046,019ce2ef-9ad9-74ec-b648-06b28a0ae72e,Sanctuary Lockdown,IKO,Ikoria: Lair of Behemoths,4,regular,,28.0,1387b7be-f69e-4919-9070-a89654c656f3
2047,019ce2ef-9c8d-7485-9773-7726dee0ce18,Sanctum of Stone Fangs,M21,Core Set 2021,1,regular,,120.0,d1439412-618c-483d-89b9-5ea37f0f1edc
2048,019ce2ef-808c-7e4b-9f5f-f507b20bbd29,Sanctum Seeker,XLN,Ixalan,2,regular,,120.0,
2049,019ce2ef-863d-7732-96de-479cecd20386,Sanctum Spirit,DOM,Dominaria,1,regular,,30.0,
2050,019ce2ef-7eea-7b0e-abb3-b9778ca951c9,Sandblast,HOU,Hour of Devastation,4,regular,,20.0,
2051,019ce2f0-1f31-7ace-a88c-ba075db25a3b,Sandskitter Outrider,TDM,Tarkir: Dragonstorm,1,regular,,89.0,1c4bfebe-f10f-44bd-9368-33e273ba5a55
2052,019ce2ef-6ffb-73cf-9be7-7bfdb9b14a92,Sandstone Oracle,C15,Commander 2015,1,regular,,52.0,
2053,019ce2ef-9cfa-72c6-a0be-aeb056dfe89f,Sangromancer,JMP,Jumpstart,1,regular,,272.0,9cdebdfd-a29b-4482-ab83-012d5faba2e4
2054,019ce2ef-8376-7c28-b822-bdf0cda92b73,Sanguine Glorifier,RIX,Rivals of Ixalan,4,regular,,20.0,12993e53-8790-4d6f-9da1-a259f67aa5bf
2055,019ce2ef-9cf9-7cf0-86ec-6b5bf1789cea,Sanguine Indulgence,M21,Core Set 2021,1,regular,,121.0,abfcd08a-cfb5-4d34-b950-f57a88c5cb8e
2056,019ce2f0-15c5-707a-a816-8aac46ceef55,Sanguine Syphoner,FDN,Foundations,6,regular,,68.0,b1daf5bb-c8e9-4e79-a532-ca92a9a885cd
2057,019ce2f0-15c5-71b4-876a-292514166968,Sanguine Syphoner,FDN,Foundations,1,foil,,68.0,b1daf5bb-c8e9-4e79-a532-ca92a9a885cd
2058,019ce2ef-9329-7148-b0ef-5769e7501485,Sanitarium Skeleton,M20,Core Set 2020,4,regular,,112.0,
2059,019ce2ef-8a47-72ad-9648-0efa0d70a4b5,Satyr Enchanter,M19,Core Set 2019,2,regular,,223.0,
2060,019ce2ef-9329-72fd-bb68-1c12b269dffc,Savage Gorger,M20,Core Set 2020,4,regular,,291.0,
2061,019ce2ef-a5ee-7024-ab95-aa74dd6b1720,Savai Triome,IKO,Ikoria: Lair of Behemoths,1,regular,showcase,312.0,d21ef9e6-e2dd-4e0a-a36c-e07034ac4ba3
2062,019ce2ef-9b37-7021-9db3-0aeb98cd8ec1,Savai Triome,IKO,Ikoria: Lair of Behemoths,1,regular,,253.0,748e6a61-9c1f-4225-9f04-e54002f63ac3
2063,019ce2ef-ddd6-7dc9-8dbf-5122973844b1,Savannah Lions,DMR,Dominaria Remastered,1,regular,,24.0,e770d089-9957-412c-a51f-3f11b6b9692a
2064,019ce2f0-1085-793d-b59a-fd2576bbe0da,Savannah Lions,FDN,Foundations,1,regular,,146.0,9c9ac1bc-cdf3-4fa6-8319-a7ea164e9e47
2065,019ce2ef-9329-7dbc-a9be-744d57955717,Savannah Sage,M20,Core Set 2020,4,regular,,284.0,
2066,019ce2ef-7eea-77df-98f9-a9e163ab69a1,Saving Grace,HOU,Hour of Devastation,2,regular,,21.0,
2067,019ce2ef-9465-7ce3-be7c-340f7b1f9b04,Savvy Hunter,ELD,Throne of Eldraine,3,regular,,200.0,15c98441-2b31-4e48-a399-f36dffcfa41d
2068,019ce2ef-7b4b-72a6-bd43-fdd0efaf9079,Scarab Feast,AKH,Amonkhet,3,regular,,106.0,
2069,019ce2ef-e188-7edd-828a-7cd915aa2317,Scheming Aspirant,ONE,Phyrexia: All Will Be One,2,regular,,107.0,8de80f71-82b5-499c-afc0-6bbae6b896ad
2070,019ce2ef-92c1-7514-89ea-21dcb04eafdf,Scheming Symmetry,M20,Core Set 2020,3,regular,,113.0,
2071,019ce2ef-3998-71e4-abd8-92381b628cbd,Scholar of Athreos,THS,Theros,1,regular,,28.0,
2072,019ce2ef-b07c-79e8-9a9a-8921c372ca96,Scholarship Sponsor,C21,Commander 2021,1,regular,,22.0,ed238d90-72b5-44c4-bea7-20f71788088f
2073,019ce2ef-70bf-7651-9b06-49b8a0689577,Scoured Barrens,C15,Commander 2015,1,regular,,303.0,
2074,019ce2f0-15c4-7d79-9922-895258649f8b,Scoured Barrens,FDN,Foundations,2,regular,,266.0,2632a4b2-9ca6-4b67-9a99-14f52ad3dc41
2075,019ce2ef-9b37-7023-adbb-aa3f41f3c26d,Scoured Barrens,IKO,Ikoria: Lair of Behemoths,3,regular,,254.0,2282018a-46c8-41ca-ab93-f7dbf32cd295
2076,019ce2ef-92c2-789a-aa31-3e590ab53c40,Scoured Barrens,M20,Core Set 2020,6,regular,,251.0,
2077,019ce2ef-9cf9-72d0-bb87-87324037a301,Scoured Barrens,M21,Core Set 2021,6,regular,,250.0,feb3d45c-a28c-49d2-ab79-53ab42c7fdfd
2078,019ce2ef-d90b-7e1f-84fa-6d8d8a49401c,Scrapwork Rager,BRO,The Brothers' War,1,regular,,123.0,e28de770-7975-4aa9-b656-e7dbe6bff290
2079,019ce2ef-efdc-7b61-8aa5-2adff44672a4,Scream Puff,WOE,Wilds of Eldraine,2,foil,,105.0,c62d0ae9-5a82-40bf-b8bb-9c2e2d55d458
2080,019ce2ef-7f4c-7d71-ae11-561eda3eda65,Scrounger of Souls,HOU,Hour of Devastation,4,regular,,76.0,
2081,019ce2ef-8581-7585-973e-5f24d689b781,Seal Away,DOM,Dominaria,3,regular,,31.0,
2082,019ce2ef-705f-7e27-b37b-c3a039cd4f3c,Seal of Cleansing,C15,Commander 2015,1,regular,,79.0,
2083,,seal of doo,,,1,,,,
2084,019ce2ef-705f-7bb1-9395-1177a3205b3d,Seal of Doom,C15,Commander 2015,1,regular,,135.0,
2085,019ce2ef-bbb2-77b6-a9de-08b79dfb1acf,Search Party Captain,MID,Innistrad: Midnight Hunt,2,regular,,32.0,cb9006c1-2e6f-4bca-a1c4-3cf2a8b6e964
2086,019ce2ef-c111-7209-95f5-a5c7c83a30ff,Secluded Courtyard,NEO,Kamigawa: Neon Dynasty,4,regular,,275.0,0539b1a5-8704-476f-ba1f-2fe01190e157
2087,019ce2ef-70bf-7191-9bc0-d290c40307dc,Secluded Steppe,C15,Commander 2015,1,regular,,304.0,
2088,019ce2ef-b07d-76c7-a2aa-17b806bc95ec,Secluded Steppe,C21,Commander 2021,1,regular,,315.0,69b876f8-4f4e-4eaa-904c-fa99f543e319
2089,019ce2ef-afae-7bd8-a9f3-c0383604a1b9,Secret Rendezvous,STX,Strixhaven: School of Mages,1,regular,,26.0,39528cf0-343e-499b-a69f-c5c3c2898c25
2090,019ce2f0-0bc7-7f1f-ab31-ea8c01acdf6a,Seedpod Squire,BLB,Bloomburrow,3,regular,,232.0,f3684577-51ce-490e-9b59-b19c733be466
2091,019ce2ef-c938-7ad4-b89c-d02a1739d328,Seekers' Squire,2X2,Double Masters 2022,2,regular,,87.0,30573211-ba4d-41c7-a3cd-283aaf04dffb
2092,019ce2ef-81cb-710c-9ecf-83a856de69c3,Seekers' Squire,XLN,Ixalan,2,regular,,121.0,
2093,019ce2ef-91fb-7522-8e64-7880a10c9b93,Segovian Angel,MH1,Modern Horizons,3,regular,,25.0,
2094,019ce2ef-8d8f-7911-8517-8e5ac1aee4f6,Selesnya Charm,GK1,Guilds of Ravnica Guild Kits,1,regular,,117.0,
2095,019ce2ef-8d8f-73d1-9433-76c2e2fe64b4,Selesnya Evangel,GK1,Guilds of Ravnica Guild Kits,2,regular,,118.0,
2096,019ce2ef-8c52-783c-8f3b-ec205bb1b599,Selesnya Guildgate,GRN,Guilds of Ravnica,11,regular,,255.0,
2097,019ce2ef-8c52-710c-af40-5282a1e2a619,Selesnya Guildgate,GRN,Guilds of Ravnica,10,regular,,256.0,
2098,019ce2f0-14f5-796c-adfc-db1531f294d2,Selesnya Guildgate,FDN,Foundations,1,regular,,694.0,
2099,019ce2ef-8d8f-7e81-9c1b-f225753935e2,Selesnya Guildmage,GK1,Guilds of Ravnica Guild Kits,2,regular,,119.0,
2100,019ce2ef-8cb4-7a0c-987a-9eee8f90530c,Selesnya Locket,GRN,Guilds of Ravnica,6,regular,,240.0,
2101,019ce2ef-9407-73a5-a7f5-43af79045847,Selesnya Sanctuary,C19,Commander 2019,1,regular,,272.0,2261ab48-289d-437e-8e50-b01894e8fe69
2102,019ce2ef-8d8f-7888-b0a8-8e49b9826e34,Selesnya Sanctuary,GK1,Guilds of Ravnica Guild Kits,4,regular,,125.0,
2103,019ce2ef-8d8f-79b2-b1f8-8c1191f05428,Selesnya Signet,GK1,Guilds of Ravnica Guild Kits,2,regular,,123.0,
2104,019ce2ef-c192-7b06-aa6d-6373b8230f88,Selfless Samurai,NEO,Kamigawa: Neon Dynasty,1,regular,showcase,312.0,82f1ade5-06ff-41ab-9a68-bf901959b01f
2105,019ce2ef-c192-72c4-9e18-b4a3c1fbbbe4,Selfless Samurai,NEO,Kamigawa: Neon Dynasty,1,regular,,35.0,76c27ec5-5a9b-4080-9a53-00630335a915
2106,019ce2ef-9c8c-76eb-9158-401053d93610,Selfless Savior,M21,Core Set 2021,4,regular,,36.0,6911759c-7177-402c-a95a-f9f46efaf521
2107,019ce2ef-b07d-7ca0-b998-0b21a94b50ae,Selfless Squire,C21,Commander 2021,1,regular,,103.0,0a6ed4b6-03b4-4e61-99b2-aff00c03b2cc
2108,019ce2ef-cd63-74fd-9b94-02f861cfa1ae,Sengir Connoisseur,DMU,Dominaria United,1,regular,,104.0,7c9231f0-7733-46d9-b9c6-c6c5b7fe65dd
2109,019ce2ef-9cfa-728f-b49e-74cd95c21079,Sengir Vampire,JMP,Jumpstart,1,regular,,275.0,de652420-eacf-4f9d-9f13-c6bc02b0fa72
2110,019ce2f0-1cc5-7265-bea4-741654ecbed1,Sentinel Spider,PLIST,The List,1,regular,,13189.0,067f3e83-53c0-40f4-a745-dee354be7af1
2111,019ce2ef-96ee-71d4-a60d-8417145c3c99,Sentinel's Eyes,THB,Theros: Beyond Death,4,regular,,36.0,32adc118-b81e-48c2-b7ef-b62e8c3308d6
2112,019ce2ef-8f28-75bc-a3f7-278751725f71,Sentinel's Mark,RNA,Ravnica Allegiance,2,regular,,20.0,
2113,019ce2ef-932a-72a0-a1fd-d8fdcc35074a,"Sephara, Sky's Blade",M20,Core Set 2020,1,foil,,36.0,
2114,019ce2ef-8f27-747c-95b6-1b6140e2e4c8,Seraph of the Scales,RNA,Ravnica Allegiance,1,regular,,205.0,
2115,019ce2ef-7bb2-7e37-b3d6-d0cfb60589ad,Seraph of the Suns,AKH,Amonkhet,1,regular,,28.0,
2116,019ce2ef-6f19-7989-9d25-0a79e2a0b59c,Serene Steward,BFZ,Battle for Zendikar,2,regular,,46.0,
2117,019ce2ef-de34-7a1a-9f61-cf2482559fc9,Serra Angel,DMR,Dominaria Remastered,1,regular,retro,271.0,e430b8c9-9439-4256-9066-e9b57f257fe7
2118,019ce2ef-863d-7ac1-82fc-20c6a8b1fb0b,Serra Angel,DOM,Dominaria,1,regular,,33.0,
2119,019ce2ef-8581-7a70-85a1-3d6459f795f8,Serra Disciple,DOM,Dominaria,4,regular,,34.0,
2120,019ce2ef-8a46-72ae-90ed-319bdbc36129,Serra's Guardian,M19,Core Set 2019,6,regular,,284.0,
2121,019ce2ef-932a-7bbd-94bd-db7ba2d1f5ce,Serra's Guardian,M20,Core Set 2020,8,regular,,310.0,
2122,019ce2ef-ec6e-7d8a-8225-1f471907f16c,Serrated Scorpion,CMM,Commander Masters,1,regular,,185.0,78509763-4bb8-4030-b205-76917de75c57
2123,019ce2ef-9b37-72e7-8523-3d712edc06e1,Serrated Scorpion,IKO,Ikoria: Lair of Behemoths,4,regular,,99.0,bc8f0242-35e1-4409-9321-56e742e8fef4
2124,019ce2ef-3998-7ab4-ad56-22026bc87891,Setessan Battle Priest,THS,Theros,1,regular,,29.0,
2125,019ce2ef-8581-7f2b-89c4-dc67d9d21ba3,Settle the Score,DOM,Dominaria,4,regular,,103.0,
2126,019ce2ef-8024-77b9-8060-1b4ef565c0d7,Settle the Wreckage,XLN,Ixalan,1,regular,,34.0,
2127,019ce2ef-c192-76f6-8951-b7a0d5cf671f,Seven-Tail Mentor,NEO,Kamigawa: Neon Dynasty,1,regular,showcase,313.0,267efff1-cbe6-40b0-959e-72b81cbda1d0
2128,019ce2ef-8cb4-7bf9-86bc-b204612b964d,Severed Strands,GRN,Guilds of Ravnica,4,regular,,85.0,
2129,019ce2ef-7bb2-7139-bb74-5c2a4c84609a,Shadow of the Grave,AKH,Amonkhet,1,regular,,107.0,
2130,019ce2ef-ce2a-7808-9af2-37bb32a2f757,Shadow-Rite Priest,DMU,Dominaria United,1,regular,,106.0,c9e43116-a489-4557-a47f-623d915a2b79
2131,019ce2ef-8154-7c5f-ac43-65114bb647e6,Shadowed Caravel,XLN,Ixalan,2,regular,,246.0,
2132,019ce2ef-86b9-7327-b7ad-085f48678861,"Shalai, Voice of Plenty",DOM,Dominaria,1,foil,,35.0,
2133,019ce2ef-b869-701b-88fe-932d77a8c176,Shambling Ghast,AFR,Adventures in the Forgotten Realms,4,regular,,119.0,d96198a7-dd19-4940-bf8f-23135011fc84
2134,019ce2ef-9cfa-7106-85f4-ce8654edc50d,Shambling Goblin,JMP,Jumpstart,1,regular,,277.0,d3ab1d6c-09a6-4f6a-9549-94b439a46680
2135,019ce2ef-8d8f-730a-a3a5-c36d3ba08c15,Shambling Shell,GK1,Guilds of Ravnica Guild Kits,1,regular,,70.0,
2136,019ce2ef-6f19-7630-b4ab-f9dcacd31919,Shambling Vent,BFZ,Battle for Zendikar,2,regular,,244.0,
2137,019ce2ef-96ee-70d1-9ca3-5fc0fa9d9e2d,Shatter the Sky,THB,Theros: Beyond Death,1,regular,,37.0,b706977b-db8e-4810-882d-ed3745404489
2138,019ce2ef-e801-725e-bcd0-27b664555120,Shelob's Ambush,LTR,The Lord of the Rings: Tales of Middle-Earth,3,regular,,108.0,25e69fa8-7339-4bfa-8e35-9cbfe0001d8b
2139,019ce2ef-8154-7a9a-bcc4-98651b0f3497,Sheltering Light,XLN,Ixalan,3,regular,,35.0,
2140,019ce2ef-cdca-7e3a-b1f2-384166613c09,Sheoldred's Restoration,DMU,Dominaria United,1,regular,,108.0,ed719f25-1aab-4a1e-8c9f-dd574db5de0c
2141,019ce2ef-3367-7a7e-bdd9-9819a0ec2588,Shepherd of Rot,ONS,Onslaught,1,regular,,168.0,
2142,019ce2ef-8a47-7d2a-b639-34b8ab4f3df9,Shield Mare,M19,Core Set 2019,1,regular,,37.0,
2143,019ce2ef-705f-7f3f-b47d-b77f9a421f7a,Shielded by Faith,C15,Commander 2015,1,regular,,8.0,
2144,019ce2ef-932a-744b-bf2c-1656a2735e1d,Shivan Dragon,M20,Core Set 2020,1,regular,,335.0,
2145,019ce2ef-9329-78b5-a271-636be2d980a9,Shock,M20,Core Set 2020,1,regular,,160.0,
2146,,show of valor,,,1,,,,
2147,019ce2ef-932a-7c63-8df8-4300db7a4c14,Show of Valor,M20,Core Set 2020,2,regular,,311.0,
2148,019ce2ef-90c3-7006-8427-a7e0732b1b7f,Shriekdiver,WAR,War of the Spark,5,regular,,103.0,0a1c3148-7a6f-4963-af0b-18d9a156bf22
2149,019ce2ef-2e57-70cf-8a87-e627ddb5585e,Shrivel,ROE,Rise of the Eldrazi,2,regular,,126.0,
2150,019ce2ef-ab3f-7188-95d7-d3a3d5bbd3bd,Sidewinder Sliver,TSR,Time Spiral Remastered,1,regular,,43.0,5616e0c7-1f1d-4716-95e5-773a8e3ae5e3
2151,019ce2ef-932a-7d81-ad24-7a510411077f,Siege Mastodon,M20,Core Set 2020,2,regular,,312.0,
2152,019ce2ef-713b-73c9-a2f9-e07ba3efd9bc,Sifter of Skulls,OGW,Oath of the Gatewatch,2,regular,,77.0,
2153,019ce2ef-7561-7f8d-adc3-a1ef93c22b1f,Sigardian Priest,EMN,Eldritch Moon,3,regular,,42.0,
2154,019ce2ef-705f-7645-a2b3-1a3344578e3f,Sigil of the Empty Throne,C15,Commander 2015,1,regular,,80.0,
2155,019ce2ef-6119-7f73-ac3c-73048a3d5b46,Sign in Blood,M15,Magic 2015 Core Set,4,regular,,114.0,
2156,019ce2ef-5e87-7a7d-9b51-36316dfe8728,Silence the Believers,JOU,Journey into Nyx,1,regular,,82.0,
2157,019ce2ef-705f-7684-819c-bf0c5673a324,Silent Sentinel,C15,Commander 2015,1,regular,,81.0,
2158,019ce2ef-9260-7724-bd6c-d0af01b3552c,Silumgar Scavenger,MH1,Modern Horizons,2,regular,,107.0,
2159,019ce2ef-8a46-7c73-b29d-503ab9aac3bc,Silverbeak Griffin,M19,Core Set 2019,7,regular,,285.0,
2160,019ce2ef-afae-754e-93f6-21eb0df398ef,Silverquill Campus,STX,Strixhaven: School of Mages,1,regular,,273.0,42583850-ba5c-4a71-8717-406b5c6d048f
2161,019ce2ef-9c8d-7160-94f1-b7a33eabc482,Silversmote Ghoul,M21,Core Set 2021,2,regular,,122.0,ff5444cb-0ecd-4482-a8d8-09332f382dbd
2162,019ce2ef-9d7b-7fd0-879c-42fbca20e7c9,Silversmote Ghoul,M21,Core Set 2021,1,foil,,122.0,ff5444cb-0ecd-4482-a8d8-09332f382dbd
2163,019ce2ef-a783-7487-a2d2-a538f7fd3ac9,Silverwing Squadron,ELD,Throne of Eldraine,1,regular,brawl deck,315.0,
2164,019ce2ef-ab3f-7ff7-a50b-78e77c14e1fe,Sinew Sliver,TSR,Time Spiral Remastered,3,regular,,44.0,000edc61-b3ae-49e3-87f4-0250fa6a4501
2165,019ce2ef-90c3-79a0-9d3c-ea23453a4c82,Single Combat,WAR,War of the Spark,1,regular,,30.0,ce0e7c6a-e628-4327-a16f-2062c5a662df
2166,019ce2ef-b659-7383-9f57-7a40a817b57e,Sinister Starfish,MH2,Modern Horizons 2,6,regular,,99.0,db209732-c290-4999-a1aa-2369dfa8790c
2167,019ce2ef-9674-77a1-953c-bdf1f34bf1e0,"Siona, Captain of the Pyleas",THB,Theros: Beyond Death,2,regular,,226.0,2b1d890f-7ef8-47b9-9ec8-f3884a1d09db
2168,019ce2f0-07fd-7174-9c2b-6d273efab4ea,Six,MH3,Modern Horizons 3,1,regular,,169.0,f9246b68-580f-4f53-883d-7900880e4b0d
2169,019ce2ef-8a46-7a3b-933e-9a8847a27754,Skeleton Archer,M19,Core Set 2019,4,regular,,118.0,
2170,019ce2ef-932a-7797-8a19-88a1b551e292,Skeleton Archer,M20,Core Set 2020,3,regular,,324.0,
2171,019ce2ef-7561-79d5-a6e9-136f9daad79c,Skirsdag Supplicant,EMN,Eldritch Moon,2,regular,,104.0,
2172,019ce2ef-9a7a-7957-9177-1bd5a9b5940d,Skull Prophet,IKO,Ikoria: Lair of Behemoths,2,regular,,206.0,2f5ec787-79f6-4922-a0f7-debde8f7a4be
2173,019ce2ef-8f28-7f94-b34c-bd96a66a964b,Sky Tether,RNA,Ravnica Allegiance,2,regular,,21.0,
2174,019ce2ef-8154-7074-a3f5-e6d0915ab0de,Skyblade of the Legion,XLN,Ixalan,6,regular,,37.0,
2175,019ce2ef-a0a9-7327-8257-9c0662033394,Skyclave Apparition,ZNR,Zendikar Rising,2,regular,,39.0,b83cfbaa-7890-4f6f-878b-4edb45677371
2176,019ce2ef-8a46-77ee-af62-b8dd365b622d,Skymarch Bloodletter,M19,Core Set 2019,1,regular,,119.0,
2177,019ce2ef-81cb-740e-92f2-2fc7145abdeb,Skymarch Bloodletter,XLN,Ixalan,4,regular,,124.0,
2178,019ce2ef-8376-7d24-808d-5db485f2b7ca,Skymarcher Aspirant,RIX,Rivals of Ixalan,4,regular,,21.0,9473190f-5e96-4cf7-a0fa-a77d916acc2e
2179,019ce2ef-9329-797f-a120-e2ac30af4400,Sleep Paralysis,M20,Core Set 2020,2,regular,,75.0,
2180,019ce2ef-8a46-7f14-ae31-0f933a9dcdff,Sleep,M19,Core Set 2019,2,regular,,74.0,
2181,019ce2ef-8581-78ae-8adb-531b447b9f6f,"Slimefoot, the Stowaway",DOM,Dominaria,1,regular,,205.0,
2182,019ce2ef-8d8f-7e35-a4e7-b0e13373ed53,Slum Reaper,GK1,Guilds of Ravnica Guild Kits,1,regular,,52.0,
2183,019ce2ef-eeee-7a82-adae-d668527d11cc,Slumbering Keepguard,WOE,Wilds of Eldraine,1,regular,,29.0,d7f41ae2-ebc6-439f-95af-c34818a3f4e6
2184,019ce2f0-0b6f-7408-84a4-07e34a3ef561,Smoke Bomb,ACR,Assassin's Creed,1,regular,,75.0,4330d8ce-3b82-4297-ad5f-c63b54b6665a
2185,019ce2ef-6f19-78b4-b5fe-df5f9676aacd,Smothering Abomination,BFZ,Battle for Zendikar,1,regular,,99.0,
2186,019ce2f0-15c4-7fa0-abc0-43fa8654cf0a,Snakeskin Veil,FDN,Foundations,3,regular,,233.0,6cc4c21d-9bdc-4490-9203-17f51db0ddd1
2187,019ce2ef-aed4-71c8-998d-0fd1c97316da,"Snapdax, Apex of the Hunt",IKO,Ikoria: Lair of Behemoths,1,foil,"king caesar, awoken titan",381.0,673d14b1-e93a-4594-b2c9-792696adb991
2188,019ce2ef-9a79-71d9-ab89-3a3caece00a0,"Snapdax, Apex of the Hunt",IKO,Ikoria: Lair of Behemoths,1,regular,,209.0,51fdeeb7-9868-4fc2-9c53-806244cd5488
2189,019ce2ef-8a46-793f-b48d-3783569426b1,Snapping Drake,M19,Core Set 2019,4,regular,,75.0,
2190,019ce2ef-932a-7da7-9f13-9418b1565076,Snapping Drake,M20,Core Set 2020,4,regular,,318.0,
2191,019ce2f0-1cc6-7728-8f7e-d784de4e980b,Snapping Gnarlid,PLIST,The List,2,regular,,190.0,0568675d-8aa8-4809-9ccd-5f1676b2453f
2192,019ce2ef-a93a-78d9-93fc-77a3c2b6c086,Snow-Covered Plains,KHM,Kaldheim,20,regular,,276.0,afd2730f-878e-47ee-ad2a-73f8fa4e0794
2193,019ce2ef-a93a-7fd4-b9b8-1fa323b34fc2,Snow-Covered Swamp,KHM,Kaldheim,2,regular,,280.0,6aa85af8-15f5-4620-8aea-0b45c28372ed
2194,019ce2ef-a93a-74ba-921e-ba9a28a013b9,Snow-Covered Swamp,KHM,Kaldheim,2,regular,,281.0,9160baf7-5796-4815-8e9d-e804af70cb74
2195,019ce2ef-91f9-7cc6-90b5-c90192a45d68,Snow-Covered Swamp,MH1,Modern Horizons,1,regular,,252.0,
2196,019ce2ef-c81b-7ca9-ba9b-b6186c30ef63,Snowfield Sinkhole,CLB,Commander Legends: Battle for Baldur's Gate,3,regular,,915.0,3c6e17f2-b1e4-4189-a02f-92fa4b13a1ed
2197,019ce2ef-a93a-710d-a7a9-38928fcdf464,Snowfield Sinkhole,KHM,Kaldheim,1,regular,,269.0,6611dc5e-6acc-48df-b8c4-4b327314578b
2198,019ce2ef-f324-7e71-9bfb-b1c9214213d8,Snuff Out,WHO,Doctor Who,4,regular,,222.0,760660d0-06f2-49ea-afbf-647d7f1ea151
2199,019ce2ef-c112-7a15-9f53-2fb54465a973,Sokenzan Smelter,NEO,Kamigawa: Neon Dynasty,2,regular,,164.0,758724f9-93c9-4178-ae40-3fefc75a010e
2200,019ce2ef-7060-75de-ba4c-09208235e83b,Sol Ring,C15,Commander 2015,1,regular,,268.0,
2201,019ce2ef-b07d-7f10-aeed-471f0286bb16,Sol Ring,C21,Commander 2021,1,regular,,263.0,4cbc6901-6a4a-4d0a-83ea-7eefa3b35021
2202,019ce2ef-90c3-7e58-ba6b-07971dbc2b77,Solar Blaze,WAR,War of the Spark,2,regular,,216.0,eb72ba0f-ab3a-41e6-906d-a84039efa0af
2203,019ce2ef-9c8c-7bbe-8d3d-92219548b4e9,Solemn Simulacrum,M21,Core Set 2021,1,regular,,239.0,7bbd2cab-538e-4932-a828-150e3e9d52ad
2204,019ce2ef-7eea-74a5-8140-16d5fa3f2b6d,Solitary Camel,HOU,Hour of Devastation,4,regular,,23.0,
2205,019ce2ef-b658-782c-bce6-9f7a5fff7959,Solitude,MH2,Modern Horizons 2,1,regular,,32.0,47a6234f-309f-4e03-9263-66da48b57153
2206,019ce2f0-0997-7617-aa6f-0908555198c8,Solstice Zealot,MH3,Modern Horizons 3,1,regular,,43.0,f10539e3-d4bc-4f71-a00f-8e94bb97509d
2207,019ce2ef-9406-7789-9a64-0d79f1d255ff,Song of the Worldsoul,C19,Commander 2019,1,regular,,6.0,bb73ec0d-f582-4f74-9b5c-180fe3aedcf6
2208,019ce2ef-9b37-75a8-8237-78ca51b41f1b,Sonorous Howlbonder,IKO,Ikoria: Lair of Behemoths,6,regular,,230.0,595f0b25-6e6e-43c4-a4a0-903920067df1
2209,019ce2ef-9329-768b-a227-1a9d0c1a4133,Sorcerer of the Fang,M20,Core Set 2020,4,regular,,114.0,
2210,019ce2ef-8024-73cd-9868-074fc5f26874,Sorcerous Spyglass,XLN,Ixalan,3,regular,,248.0,
2211,019ce2ef-9329-7bc6-9dcc-f22488ea1ae3,Sorin's Guide,M20,Core Set 2020,2,regular,,292.0,
2212,019ce2ef-932a-758e-b80b-d80b60cbeee2,Sorin's Thirst,M20,Core Set 2020,4,regular,,325.0,
2213,019ce2ef-93a1-7578-814e-8ce9f5b52038,"Sorin, Vampire Lord",M20,Core Set 2020,1,foil,,290.0,
2214,019ce2ef-90c3-7482-aaf0-db7adf960339,"Sorin, Vengeful Bloodlord",WAR,War of the Spark,1,regular,,217.0,354fe9bd-4ec8-409c-8ce5-b29393f3d169
2215,019ce2ef-9465-74b0-9867-3afe4bfbb157,Soul of Innistrad,C19,Commander 2019,1,regular,,130.0,3ee7b84d-31cc-4b3f-b0c5-761f0d1961f9
2216,019ce2ef-b65a-72a8-84ee-38a5c28380ec,Soul of Migration,MH2,Modern Horizons 2,4,regular,,33.0,4541217f-5e86-491b-918b-ed7a2eb3e4eb
2217,019ce2ef-b725-75d5-b817-fca9b879b147,Soul of Migration,MH2,Modern Horizons 2,1,foil,,33.0,4541217f-5e86-491b-918b-ed7a2eb3e4eb
2218,019ce2ef-37f8-7e0f-bd83-6836522697bd,Soul Reap,EVE,Eventide,1,regular,,44.0,
2219,019ce2ef-9329-7e59-804d-cc3bbb90d8b0,Soul Salvage,M20,Core Set 2020,4,regular,,116.0,
2220,019ce2ef-b07d-7d27-b8e3-4a8383f457eb,Soul Snare,C21,Commander 2021,1,regular,,104.0,0c1dcf78-7603-4ecc-af65-09c78b65ab88
2221,019ce2ef-2d6c-7da7-ab84-6011bacdb257,Soul Warden,EX,Exodus,1,regular,,21.0,
2222,019ce2ef-7b4b-70b1-8951-f27a16388604,Soul-Scar Mage,AKH,Amonkhet,3,regular,,148.0,
2223,019ce2f0-15c5-7b61-9b1d-139f08841587,Soul-Shackled Zombie,FDN,Foundations,1,regular,,70.0,deea5690-6eb2-4353-b917-cbbf840e4e71
2224,019ce2f0-15c5-737d-a1a6-9ac355f5ca96,Soul-Shackled Zombie,FDN,Foundations,1,foil,,70.0,deea5690-6eb2-4353-b917-cbbf840e4e71
2225,019ce2ef-9329-7965-a794-b1f61207e381,Soulmender,M20,Core Set 2020,4,regular,,37.0,
2226,019ce2ef-7bb2-719e-842e-f9d375955309,Soulstinger,AKH,Amonkhet,3,regular,,108.0,
2227,019ce2ef-7c15-7c70-85a5-54f8d96a5d0b,Soulstinger,AKH,Amonkhet,1,foil,,108.0,
2228,019ce2ef-8a46-7d88-b1c9-c39f0b77181c,Sovereign's Bite,M19,Core Set 2019,6,regular,,120.0,
2229,019ce2ef-a0aa-76cc-9177-fdc5a111b7d5,Spare Supplies,ZNR,Zendikar Rising,4,regular,,254.0,a53baf25-1782-427b-a9dd-fc9b8dc6444f
2230,019ce2ef-90c3-76bd-bda8-beadc1901cb1,Spark Harvest,WAR,War of the Spark,7,regular,,105.0,2013a138-f8e2-4a67-91e8-759288d985a7
2231,019ce2ef-90c3-70e9-988d-0d461dbb2321,Spark Reaper,WAR,War of the Spark,7,regular,,106.0,922537f0-4caf-481c-b431-826f0c44e5c5
2232,019ce2ef-7bb2-780d-8faa-43b7c9e8c914,Sparring Mummy,AKH,Amonkhet,3,regular,,29.0,
2233,019ce2ef-8f27-7397-9b68-aed5bef373be,Spawn of Mayhem,RNA,Ravnica Allegiance,1,regular,,85.0,
2234,019ce2ef-9c8d-7a15-9fc8-b2ea3bb06543,Speaker of the Heavens,M21,Core Set 2021,1,regular,,38.0,1f44b96a-8498-414a-a4ac-54c80dfa9f23
2235,019ce2ef-3934-7f8a-9c49-8a5c327f43e6,Spear of Heliod,THS,Theros,1,regular,,33.0,
2236,019ce2ef-9a7a-7140-b1ae-5294b41a64fa,Species Specialist,C20,Commander 2020,1,regular,,47.0,
2237,019ce2ef-9467-7829-8dd5-0b37d54ee7cc,Specter's Shriek,ELD,Throne of Eldraine,1,regular,,106.0,edae2c29-1418-477c-9efe-e53fa6c7fe93
2238,019ce2ef-b07d-766d-bcfe-cd80733c4559,Spectral Searchlight,C21,Commander 2021,1,regular,,265.0,a0688ff3-6752-4cd4-ada3-9918c59dad0e
2239,019ce2ef-8376-7230-8640-9b1700731c98,Sphinx's Decree,RIX,Rivals of Ixalan,1,regular,,24.0,5058a729-9739-4548-b420-deebbc0950b7
2240,019ce2f0-1553-767d-80c0-4150e1c0115d,Spinner of Souls,FDN,Foundations,1,regular,borderless,341.0,984be4a8-8d34-4911-8210-0741f173bfab
2241,019ce2ef-3495-7b7f-946d-27cfdc431d02,Spinning Darkness,WL,Weatherlight,3,regular,,,
2242,019ce2ef-8f8d-7712-88d5-39cdaa556b4f,Spire Mangler,RNA,Ravnica Allegiance,1,regular,,86.0,
2243,019ce2ef-8f27-765d-8e44-32a0e2a75470,Spirit of the Spires,RNA,Ravnica Allegiance,4,regular,,23.0,
2244,019ce2ef-eb85-7470-888b-28b88eba8bc0,Spirited Companion,CMM,Commander Masters,4,regular,,838.0,7e038684-c476-41db-a1b1-57c46e5b4c9a
2245,019ce2ef-c111-70c7-9837-b445a3e92354,Spirited Companion,NEO,Kamigawa: Neon Dynasty,1,regular,,38.0,5aa91a9e-2fe2-43bc-aa9c-cfb8a71829ff
2246,019ce2ef-c331-735e-9a05-972fa86406cb,Spirited Companion,NEO,Kamigawa: Neon Dynasty,1,foil,,38.0,5aa91a9e-2fe2-43bc-aa9c-cfb8a71829ff
2247,019ce2ef-afaf-79ce-a5ef-711ed895929a,Spiteful Squad,STX,Strixhaven: School of Mages,2,regular,,237.0,be88355e-c986-4b69-93b4-0abf04916e86
2248,019ce2ef-7b4b-71fd-a61a-38a7d334939b,Splendid Agony,AKH,Amonkhet,4,regular,,109.0,
2249,019ce2ef-9b37-7ff8-bc71-d6ba97ada259,Splendor Mare,IKO,Ikoria: Lair of Behemoths,3,regular,,32.0,535ccc75-b24e-4071-b6a0-fc5267a454e3
2250,019ce2f0-14f5-7c79-a621-fd189c54a4b6,Springbloom Druid,FDN,Foundations,1,regular,,646.0,
2251,019ce2ef-d8a1-7282-a693-159733b49373,Springleaf Drum,BRR,The Brothers' War: Retro Frame Artifacts,4,regular,retro,55.0,b52af7e0-cd75-4e8e-82ed-65f8a3d0380a
2252,019ce2f0-15c5-7259-af36-e8c356f5f630,Squad Rallier,FDN,Foundations,4,regular,,24.0,65e1ee86-6f08-4aa0-bf63-ae12028ef080
2253,019ce2ef-2a8c-7db6-a4ef-282432c734a3,Squadron Hawk,M11,Magic 2011,4,regular,,33.0,
2254,019ce2ef-79a6-7ead-909b-35233e02b2c1,Sram's Expertise,AER,Aether Revolt,3,regular,,24.0,
2255,019ce2ef-79a6-7a89-b06a-bb06a678b934,"Sram, Senior Edificer",AER,Aether Revolt,4,regular,,23.0,
2256,019ce2f0-15c5-7198-825f-0488a5aee221,Stab,FDN,Foundations,2,regular,,71.0,6859a5ba-1c1c-4631-bba8-f9900b827178
2257,019ce2ef-b07d-7814-a391-7828b6b08499,Stalking Leonin,C21,Commander 2021,1,regular,,105.0,0f32a8ba-43ce-485b-b96d-e1d17e6f3174
2258,019ce2ef-8a46-7df7-b90d-09c83a4f133c,Star-Crowned Stag,M19,Core Set 2019,6,regular,,38.0,
2259,019ce2ef-92c1-7e1f-aeab-a4430307e8a7,Starfield Mystic,M20,Core Set 2020,2,regular,,39.0,
2260,019ce2ef-d90a-7243-bf6d-206dffc8aece,Static Net,BRO,The Brothers' War,1,regular,,27.0,5ab5cb30-3ced-4450-a3c4-b519f3762620
2261,019ce2ef-8c52-752f-8c7a-e3e32360e3a3,Status // Statue,GRN,Guilds of Ravnica,5,regular,,230.0,
2262,019ce2ef-8154-779b-b218-7c93b33309b2,Steadfast Armasaur,XLN,Ixalan,1,regular,,39.0,
2263,019ce2ef-7ee8-7fac-81ed-8cff32243371,Steadfast Sentinel,HOU,Hour of Devastation,4,regular,,24.0,
2264,019ce2ef-364a-7a45-b996-35e0e69efced,Steeling Stance,DIS,Dissension,2,regular,,18.0,
2265,019ce2ef-7ee9-79f3-8684-c957ace5be92,Steward of Solidarity,HOU,Hour of Devastation,1,regular,,25.0,
2266,019ce2ef-b07c-7ac4-bf53-05679e65bc43,Stinging Study,C21,Commander 2021,1,regular,,44.0,b8840226-1693-44bc-a067-e50198c5e17e
2267,019ce2ef-db03-72b3-860e-36f39e3d2954,Stitcher's Supplier,J22,Jumpstart 2022,1,regular,,73.0,
2268,019ce2ef-8ab0-7bd0-890f-118e78b0065a,Stitcher's Supplier,M19,Core Set 2019,2,regular,,121.0,
2269,019ce2ef-9467-7c7a-a809-fd423067e112,Stonecoil Serpent,ELD,Throne of Eldraine,3,regular,,235.0,b34bf7fd-9fe3-43e2-8cfe-7ce7cff08afe
2270,019ce2ef-953e-71f4-a6ad-1c0a86971076,Stonecoil Serpent,ELD,Throne of Eldraine,1,foil,,235.0,b34bf7fd-9fe3-43e2-8cfe-7ce7cff08afe
2271,019ce2ef-808c-7dee-87bb-4a2bc4b94635,Storm Fleet Arsonist,XLN,Ixalan,4,regular,,162.0,
2272,019ce2ef-81cb-78a3-9ac3-2d059a044f2a,Storm Fleet Pyromancer,XLN,Ixalan,4,regular,,163.0,
2273,019ce2f0-1d2e-74d7-8aad-709d17faca45,Stormplain Detainment,TDM,Tarkir: Dragonstorm,1,regular,,28.0,39f3aab5-7b54-4b55-8114-c6f9f79c255d
2274,019ce2f0-1d2f-7f64-a8aa-272535a9aa45,Stormplain Detainment,TDM,Tarkir: Dragonstorm,1,foil,,28.0,39f3aab5-7b54-4b55-8114-c6f9f79c255d
2275,019ce2ef-9a7a-74eb-b4a9-6cfc1cf79bca,Stormwild Capridor,IKO,Ikoria: Lair of Behemoths,2,regular,,34.0,2afded81-2fc1-4285-bf48-d25f72e72138
2276,019ce2ef-8a46-7b6e-adf6-cbee39a1ff09,Strangling Spores,M19,Core Set 2019,2,regular,,122.0,
2277,019ce2f0-1085-7785-be7e-5a05c144f5ba,Stromkirk Bloodthief,FDN,Foundations,1,regular,,185.0,485d6a5a-2054-47d5-91b8-71ce308ed4dc
2278,019ce2ef-7266-7826-85b9-faf3bae396ba,Stromkirk Mentor,SOI,Shadows over Innistrad,3,regular,,137.0,
2279,019ce2ef-863d-74d9-902a-5ae322c70d60,Stronghold Confessor,DOM,Dominaria,4,regular,,105.0,
2280,019ce2ef-86b9-7ba3-9c89-eb604eafff65,Stronghold Confessor,DOM,Dominaria,1,foil,,105.0,
2281,019ce2ef-b00f-755b-93e3-2a0c42e426b9,Study Hall,C21,Commander 2021,1,regular,,80.0,a3de9859-98b6-4efe-847a-43bac5b1ef9f
2282,019ce2ef-bb42-725d-9c8e-8041079fd9b3,Stuffed Bear,MID,Innistrad: Midnight Hunt,3,regular,,259.0,4cd40276-016b-475f-906f-74d31dceaf70
2283,019ce2ef-7561-7112-94e1-f486f2bd0fc9,Subjugator Angel,EMN,Eldritch Moon,3,regular,,45.0,
2284,019ce2ef-a0aa-7717-91d3-8a7634c43936,Subtle Strike,ZNR,Zendikar Rising,4,regular,,128.0,0d3f531a-ce45-4cba-be24-6db749e38abd
2285,019ce2ef-b658-7159-9de5-4d985ae78b82,Sudden Edict,MH2,Modern Horizons 2,1,regular,,100.0,57cc8aeb-221d-46a1-b03f-df8499bba26d
2286,019ce2ef-9b37-73a5-a4e2-3e8480632611,Suffocating Fumes,IKO,Ikoria: Lair of Behemoths,5,regular,,100.0,66b562e4-35df-4aee-848d-ceb4204bbe58
2287,019ce2ef-8c52-76ed-8f23-214d7ecc8308,Sumala Woodshaper,GRN,Guilds of Ravnica,5,regular,,200.0,
2288,,sun sentinel,,,2,,,,
2289,019ce2ef-8a46-7a4a-ada7-bda8d658e644,Sun Sentinel,M19,Core Set 2019,4,regular,,307.0,
2290,019ce2ef-e4cc-7496-ad57-f6a2ac3adbdd,Sun-Blessed Guardian,MOM,March of the Machine,2,regular,,38.0,630ce82b-0d09-4a12-8cba-0b0ed8415128
2291,019ce2ef-8024-7f9e-abff-afa1b9538d65,Sun-Blessed Mount,XLN,Ixalan,2,regular,,288.0,
2292,019ce2ef-8024-7b2f-b5ec-5810ee60de3b,Sunbird's Invocation,XLN,Ixalan,1,regular,,165.0,
2293,019ce2ef-90c3-7d72-ad17-9ca1f30ec1d4,Sunblade Angel,WAR,War of the Spark,3,regular,,31.0,9211c0e1-b314-495f-9c43-9a0e95c9efb9
2294,019ce2ef-8ab0-77d4-a046-3332458e1630,Suncleanser,M19,Core Set 2019,2,regular,,39.0,
2295,019ce2ef-e548-7856-a189-12fc8b424d18,Sunder the Gateway,MOM,March of the Machine,1,regular,,39.0,194ad785-21bb-4ce6-8776-31c67259fb99
2296,019ce2ef-bb42-7211-ae89-b4e5e27f5e8b,Sungold Sentinel,MID,Innistrad: Midnight Hunt,4,regular,,37.0,e7e1afd0-49d4-4657-ab75-98b0bfbfb245
2297,019ce2ef-8c52-74de-a715-a85c9dd0fe8c,Sunhome Stalwart,GRN,Guilds of Ravnica,4,regular,,26.0,
2298,019ce2ef-ce2a-7c3e-91d4-964627561f64,Sunlit Marsh,DMU,Dominaria United,4,regular,,257.0,f0588fbf-3c05-452a-b3f7-67604c1f921d
2299,019ce2ef-b07d-7fc8-b747-36261db18188,Sunscorch Regent,C21,Commander 2021,1,regular,,107.0,60f6a40a-d095-455d-a593-fb1c901f1b4c
2300,019ce2ef-7bb2-7dcd-9a98-6a076e11334e,Sunscorched Desert,AKH,Amonkhet,4,regular,,249.0,
2301,019ce2ef-7eea-7e13-9e42-c232178360a3,Sunscourge Champion,HOU,Hour of Devastation,2,regular,,26.0,
2302,019ce2ef-bb42-7e70-beb0-7f8b99755764,Sunset Revelry,MID,Innistrad: Midnight Hunt,4,regular,,38.0,61b39ef1-29d4-4c8d-aece-a3f1ce008e2d
2303,019ce2f0-0bc6-7bae-871e-40852b48b4d5,Sunshower Druid,BLB,Bloomburrow,2,regular,,195.0,7740abc5-54e1-478d-966e-0fa64e727995
2304,019ce2ef-7bb2-7911-8773-9455f0ca7999,Supernatural Stamina,AKH,Amonkhet,4,regular,,111.0,
2305,019ce2ef-7bb1-76b0-8212-bc8adb56c837,Supply Caravan,AKH,Amonkhet,3,regular,,30.0,
2306,019ce2f0-14f5-7df5-ba79-087d41d9ec30,"Surrak, the Hunt Caller",FDN,Foundations,1,regular,,647.0,
2307,019ce2ef-7eea-7cc3-bcef-0ea1cf9b3d92,Survivors' Encampment,HOU,Hour of Devastation,4,regular,,184.0,
2308,019ce2ef-9bba-7aa8-b3ae-85dac8abd2e9,Swallow Whole,IKO,Ikoria: Lair of Behemoths,2,regular,,35.0,c3b9140b-848f-4886-8c28-eccd3829a607
2309,019ce2ef-dc31-7e3c-b691-ce0a8e31b92f,Swamp,J22,Jumpstart 2022,2,regular,,104.0,42fec83d-8260-478e-a20f-94d265036e31
2310,019ce2ef-dc31-77fd-92fc-a575d31df00c,Swamp,J22,Jumpstart 2022,3,regular,,105.0,7b7a442a-16a0-459a-8c24-cd0c72edee03
2311,019ce2ef-dc31-77ca-8893-eb2424b2cc00,Swamp,J22,Jumpstart 2022,2,regular,,106.0,c802ec1c-4d12-45d0-930b-6b4ca77487e8
2312,019ce2ef-7ee8-761f-9678-d656b47bcafe,Swamp,HOU,Hour of Devastation,4,regular,,187.0,
2313,019ce2ef-849f-7d54-8ccd-01d27bdf6008,Swamp,HOU,Hour of Devastation,1,regular,,194.0,
2314,019ce2ef-849f-70c0-987c-0798362f4b1f,Swamp,HOU,Hour of Devastation,1,regular,,195.0,
2315,019ce2ef-d7c8-7942-9698-bc11e8f6c197,Swamp,UNF,Unfinity,1,regular,,237.0,46a6375e-9477-4871-8a15-02439f3f6f34
2316,019ce2ef-6d79-734c-b41d-bab54579216a,Swamp,ZEN,Zendikar,3,regular,full art,238.0,
2317,019ce2ef-6d17-74ef-878b-41372ca38698,Swamp,THS,Theros,1,regular,,238.0,
2318,019ce2ef-6d79-72d7-8894-6323ee46c718,Swamp,ZEN,Zendikar,2,regular,full art,239.0,
2319,019ce2ef-6d17-7251-b5ab-34f9f5ece9a3,Swamp,THS,Theros,1,regular,,239.0,
2320,019ce2ef-6d79-729c-81d4-5c657aa2f912,Swamp,ZEN,Zendikar,2,regular,full art,240.0,
2321,019ce2ef-6d17-7de3-8206-7fd6fbd00a5a,Swamp,THS,Theros,1,regular,,240.0,
2322,019ce2ef-6d79-7138-a849-ec9ef43f90b3,Swamp,ZEN,Zendikar,2,regular,full art,241.0,
2323,019ce2ef-6d17-74a0-8f28-90c3ae2460b0,Swamp,THS,Theros,1,regular,,241.0,
2324,019ce2ef-7c16-7f52-8fea-ab6a791b2f67,Swamp,AKH,Amonkhet,7,regular,,252.0,
2325,019ce2ef-96ef-74c2-b920-4a4551724e2f,Swamp,THB,Theros: Beyond Death,12,regular,,252.0,02cb5cfd-018e-4c5e-bef1-166262aa5f1d
2326,019ce2ef-9815-7141-b32b-4b1434bcae64,Swamp,THB,Theros: Beyond Death,1,foil,,252.0,02cb5cfd-018e-4c5e-bef1-166262aa5f1d
2327,019ce2ef-9183-7315-9584-cd30bd367461,Swamp,WAR,War of the Spark,1,regular,,258.0,04559991-3278-469f-b2be-07c3b27ad5a5
2328,019ce2ef-6f93-75d1-8822-48d0eccb8db7,Swamp,BFZ,Battle for Zendikar,1,regular,full art,260.0,
2329,019ce2ef-6f93-7bcd-b8e4-7e0848e5b303,Swamp,BFZ,Battle for Zendikar,1,regular,,260.0,
2330,019ce2ef-953e-74c4-900d-b73ffccc4af0,Swamp,ELD,Throne of Eldraine,1,regular,,260.0,41aa58c2-eaf2-4b17-b014-afbba7199d4a
2331,019ce2ef-6f93-7f32-87b0-25dc45fea68b,Swamp,BFZ,Battle for Zendikar,1,regular,full art,261.0,
2332,019ce2ef-953e-70b9-b4e9-f1826f8f3306,Swamp,ELD,Throne of Eldraine,1,regular,,261.0,2f8705f4-c569-4d5f-bfd5-f076fbc78440
2333,019ce2ef-6f93-7f2a-a942-fd04ba251133,Swamp,BFZ,Battle for Zendikar,1,regular,full art,262.0,
2334,019ce2ef-6f93-7b15-9130-df86d8ee0bfe,Swamp,BFZ,Battle for Zendikar,3,regular,,262.0,
2335,019ce2ef-6f93-743b-8c84-ab541f829fcd,Swamp,BFZ,Battle for Zendikar,1,regular,,263.0,
2336,019ce2ef-6f93-71a2-a515-ca7fa40334a1,Swamp,BFZ,Battle for Zendikar,1,regular,full art,264.0,
2337,019ce2ef-6f93-787d-b4de-e964e867de92,Swamp,BFZ,Battle for Zendikar,1,regular,,264.0,
2338,019ce2ef-edbb-7dc5-8bb6-185af8c59812,Swamp,WOE,Wilds of Eldraine,1,regular,,264.0,ee68f2cb-851b-4196-ac58-844d72628e6a
2339,019ce2ef-9b38-7566-b6f9-9ff02049c8b2,Swamp,IKO,Ikoria: Lair of Behemoths,1,regular,,266.0,6c8c3f0e-7af4-410b-a675-9ea84f51e812
2340,019ce2ef-e801-7545-a407-7d3c2fd3bc76,Swamp,LTR,The Lord of the Rings: Tales of Middle-Earth,6,regular,,266.0,2a0fba6e-54d2-498c-83bc-41024307e608
2341,019ce2ef-9c8d-7813-b906-35a75d6e033f,Swamp,M21,Core Set 2021,5,regular,,266.0,30b3d647-3546-4ade-b395-f2370750a7a6
2342,019ce2ef-c3f8-768c-b015-09f8720265e6,Swamp,SNC,Streets of New Capenna,2,regular,,266.0,b0175a2a-db46-4d25-ab8e-feca7e565b8d
2343,019ce2ef-9b38-72ee-8bcf-86bcc0e342a5,Swamp,IKO,Ikoria: Lair of Behemoths,1,regular,,267.0,e1d99025-46bc-4848-bcbc-bee858ed906c
2344,019ce2ef-e801-79fc-8c3a-8c7612f5f277,Swamp,LTR,The Lord of the Rings: Tales of Middle-Earth,5,regular,,267.0,d86cd8fb-4ba7-4311-b0f3-b06fa112eda5
2345,019ce2ef-9c8d-773d-8d0c-2af257751c62,Swamp,M21,Core Set 2021,6,regular,,267.0,be68e315-ffef-40a8-8a46-1c042b148c03
2346,019ce2ef-9b38-7379-8efd-faa57ff21cda,Swamp,IKO,Ikoria: Lair of Behemoths,1,regular,,268.0,45991831-1018-4f98-a4ad-0998a9577d97
2347,019ce2ef-9c8d-7468-8656-b4ee23e0ea3b,Swamp,M21,Core Set 2021,6,regular,,268.0,0863a079-1cc2-4388-85bb-a24eae251e99
2348,019ce2ef-8b8e-70ee-9260-e51fd5feb1e1,Swamp,M19,Core Set 2019,1,regular,,269.0,
2349,019ce2ef-93a2-7242-9fd4-fbb3366bc9a3,Swamp,M20,Core Set 2020,7,regular,,269.0,
2350,019ce2ef-8b8e-7266-8522-e7e9712a5af1,Swamp,M19,Core Set 2019,4,regular,,270.0,
2351,019ce2ef-93a2-7225-ae13-06536a7e77f7,Swamp,M20,Core Set 2020,5,regular,,270.0,
2352,019ce2f0-0c3f-757e-8869-b41f09506148,Swamp,BLB,Bloomburrow,2,regular,,271.0,dcdbc78a-7854-4a66-911f-a40b33e25f39
2353,019ce2ef-8b8e-7014-9f95-20185463ed2c,Swamp,M19,Core Set 2019,2,regular,,271.0,
2354,019ce2ef-93a2-7f80-bc6a-7e0e311a5b7d,Swamp,M20,Core Set 2020,1,regular,,271.0,
2355,019ce2ef-8b8e-7de0-beee-292dc1c40fd0,Swamp,M19,Core Set 2019,2,regular,,272.0,
2356,019ce2ef-9405-7ab9-bf56-4321cd4b9ff2,Swamp,M20,Core Set 2020,7,regular,,272.0,
2357,019ce2ef-ba68-7422-99f1-3fc6d49280d8,Swamp,MID,Innistrad: Midnight Hunt,1,regular,,272.0,77ba59d8-c13c-4966-845f-c090e9f061cb
2358,019ce2ef-bd4a-77e4-a65f-1e49fda23e51,Swamp,VOW,Innistrad: Crimson Vow,6,regular,,272.0,4abfe418-15f8-46ce-9b39-fd5a38b25d12
2359,019ce2ef-a0a9-7448-b731-9105f3e917b8,Swamp,ZNR,Zendikar Rising,10,regular,,272.0,95a58ce4-e07f-4c9c-98ae-3173d6d63cc5
2360,019ce2ef-a0a9-7397-807a-8d30d442358d,Swamp,ZNR,Zendikar Rising,12,regular,,273.0,26142ae3-5aa1-4b9b-989a-21c0e4e5089d
2361,019ce2ef-a0a9-784b-856e-cf28ff63acce,Swamp,ZNR,Zendikar Rising,8,regular,,274.0,418335b2-398f-499e-92ad-8d21a5a5b69f
2362,019ce2f0-136a-7d3e-9f0a-6a55e7f30bb7,Swamp,FDN,Foundations,18,regular,,276.0,319bc1f0-ee42-44e5-b08b-735613ded2ba
2363,019ce2ef-c395-7dc2-92af-a9915b84ea69,Swamp,SNC,Streets of New Capenna,1,regular,,276.0,5f917d8d-7037-4f11-91f6-1ef96b3541bb
2364,019ce2f0-1085-7856-a627-70f76d7edd46,Swamp,FDN,Foundations,16,regular,,277.0,13505c15-14e0-4200-82bd-fb9bce949e68
2365,019ce2ef-e6d7-76bf-a577-8dc6995cf47d,Swamp,MOM,March of the Machine,1,regular,,279.0,888cdb76-d365-41df-8b6a-378ac58ca8b2
2366,019ce2ef-95ac-7efb-89d1-776ac3e34054,Swamp,THB,Theros: Beyond Death,1,regular,,282.0,66bb5192-58bc-4efe-a145-2e804fd3483d
2367,019ce2ef-95ac-71f5-ac1b-ad9e3df54b4f,Swamp,THB,Theros: Beyond Death,1,regular,,283.0,e54a44f2-70bf-4782-bd13-9d03e109d60d
2368,019ce2f0-136a-71a3-9b51-1274438df38a,Swamp,FDN,Foundations,1,regular,,286.0,6f23a73a-522b-40cf-a14b-ffdf47a24c01
2369,019ce2ef-e46a-796a-b0df-8db57d7c8d68,Swamp,MOM,March of the Machine,1,regular,,286.0,e19e24a8-5a4f-4a2d-b8dd-eb92aac7be78
2370,019ce2ef-72db-7901-9a73-b009514147b5,Swamp,SOI,Shadows over Innistrad,1,regular,,289.0,
2371,019ce2ef-72db-7d2f-95ce-b43cbcecd584,Swamp,SOI,Shadows over Innistrad,1,regular,,290.0,
2372,019ce2ef-72db-7cba-a07b-5301b8c48c8e,Swamp,SOI,Shadows over Innistrad,1,regular,,291.0,
2373,019ce2ef-c0b2-7df2-bb7d-8d22a91ffdd9,Swamp,NEO,Kamigawa: Neon Dynasty,1,regular,,297.0,c50b3d79-2361-4858-98b0-64d83c4f7f70
2374,019ce2ef-70bf-7da1-912b-67a74f609647,Swamp,C15,Commander 2015,4,regular,,331.0,
2375,019ce2ef-70bf-7182-bfca-8c45d982ffa4,Swamp,C15,Commander 2015,3,regular,,332.0,
2376,019ce2ef-70bf-77e6-ae55-9d96fc961a2d,Swamp,C15,Commander 2015,3,regular,,333.0,
2377,019ce2ef-70bf-7421-af7d-efea45be3d89,Swamp,C15,Commander 2015,3,regular,,334.0,
2378,019ce2ef-b5ef-77fa-8158-59bae47eac46,Swamp,MH2,Modern Horizons 2,1,regular,,485.0,ac8546d1-bfea-4cf7-bfa1-48555ea81bd4
2379,019ce2ef-9cfa-730e-8ea1-b4d18d9e54a8,Swamp,JMP,Jumpstart,6,regular,,54.0,06e0edda-1943-47a3-9ad3-673b38f42c86
2380,019ce2ef-9d7a-7e11-8111-fadc6a01bee2,Swamp,JMP,Jumpstart,1,regular,,60.0,59e597d5-37e7-4add-b454-c3399b4e3704
2381,019ce2ef-8d27-71cc-b8ce-922ffbc91afa,Swamp,GRN,Guilds of Ravnica,3,regular,,262.0,
2382,019ce2ef-8cb4-7ea9-97bc-fd1692cedcf4,Swarm Guildmage,GRN,Guilds of Ravnica,7,regular,,201.0,
2383,019ce2ef-efdc-76d7-b20e-9aacc8303c9f,Sweettooth Witch,WOE,Wilds of Eldraine,3,foil,,111.0,a6bdb984-06f8-4bca-a943-17fe5db97682
2384,019ce2ef-7bb2-71db-b464-6d94ba1b0001,Sweltering Suns,AKH,Amonkhet,1,regular,,149.0,
2385,019ce2f0-14f4-7833-863c-098a801e669f,Swiftfoot Boots,FDN,Foundations,1,regular,,258.0,41040541-b129-4cf4-9411-09b1d9d32c19
2386,019ce2ef-8153-7312-b19b-6fd335f6a2e7,Sword-Point Diplomacy,XLN,Ixalan,1,regular,,126.0,
2387,019ce2ef-aae1-7eb1-bb26-2e2bf5283b0a,Swords to Plowshares,STA,Strixhaven: Mystical Archive,1,regular,,10.0,
2388,019ce2ef-2c3a-73f7-8571-cefc94eef3cd,Sylvok Lifestaff,SOM,Scars of Mirrodin,2,regular,,209.0,
2389,019ce2ef-7779-71b7-9fbf-b66be7d6908b,Syndicate Trafficker,KLD,Kaladesh,1,regular,,101.0,
2390,019ce2ef-3934-7a7a-808d-a788d36ecdda,Syphon Life,MMA,Modern Masters,2,regular,,100.0,
2391,019ce2ef-efdc-707a-9a67-4ff839d82925,"Syr Armont, the Redeemer",WOE,Wilds of Eldraine,1,foil,,214.0,85050609-baf0-430a-ab33-83a6ea6d4741
2392,019ce2ef-a783-72b5-a1bb-65160a6f4df1,"Syr Gwyn, Hero of Ashvale",ELD,Throne of Eldraine,1,foil,brawl deck,330.0,
2393,019ce2ef-7b4b-7399-8169-0dcbe584ca53,Tah-Crop Elite,AKH,Amonkhet,3,regular,,31.0,
2394,019ce2ef-70bf-718c-b60a-0a965fc64e70,Tainted Field,C15,Commander 2015,1,regular,,311.0,
2395,019ce2ef-b07d-7058-9e9d-7b310bea4406,Tainted Field,C21,Commander 2021,1,regular,,320.0,665b1088-b07a-4fc1-a7ea-1fb55961a8d7
2396,019ce2ef-8cb4-70bb-9227-7f7b07b24583,"Tajic, Legion's Edge",GRN,Guilds of Ravnica,1,regular,,204.0,
2397,019ce2f0-167b-7158-9ab1-2cc54955abe5,Tajuru Pathwarden,FDN,Foundations,1,regular,,558.0,da20a0d3-2022-4dea-84c8-85adc5a974f8
2398,019ce2ef-8a46-72e4-87bd-ac67e239c9ce,Take Vengeance,M19,Core Set 2019,6,regular,,40.0,
2399,019ce2ef-9674-7f54-93d2-a792c070d5f7,"Taranika, Akroan Veteran",THB,Theros: Beyond Death,1,regular,,39.0,a8edd707-5ba3-4978-9a0b-efd0cda367c1
2400,019ce2ef-a783-72bd-ac69-192b202e23cc,Taste of Death,ELD,Throne of Eldraine,1,regular,brawl deck,320.0,
2401,019ce2ef-8a46-74a5-87b1-cdb20b72a724,Tattered Mummy,M19,Core Set 2019,4,regular,,295.0,
2402,019ce2f0-0b6f-785b-850b-b34b22589dc2,Tax Collector,ACR,Assassin's Creed,1,regular,,9.0,a300b5af-9223-4e97-9d33-a9226bd900f3
2403,019ce2ef-8376-7876-abb7-434de938ed76,Temple Altisaur,RIX,Rivals of Ixalan,1,regular,,28.0,fa8f8d61-51d6-479b-a812-6cbacc7ea1fc
2404,019ce2f0-136a-7845-97a1-3af4b637c4f9,Temple of Malady,FDN,Foundations,1,regular,,700.0,
2405,019ce2f0-136a-75ca-994e-d94e7d013d43,Temple of Plenty,FDN,Foundations,1,regular,,703.0,
2406,019ce2ef-b07d-7a60-a8e4-8f9e8399d20b,Temple of Silence,C21,Commander 2021,1,regular,,325.0,bba526f9-fbe5-4922-a209-8b381653420e
2407,019ce2ef-93a1-79cc-83a9-25676df51920,Temple of Silence,M20,Core Set 2020,1,foil,,256.0,
2408,019ce2ef-70bf-7cef-a66f-baa8b2d40682,Temple of the False God,C15,Commander 2015,1,regular,,313.0,
2409,019ce2ef-b07d-7cc8-a989-69418425c62b,Temple of the False God,C21,Commander 2021,1,regular,,326.0,dfc7261b-cf34-4bdb-a0f4-704e22ac3865
2410,019ce2ef-b07c-70ee-b80d-c25947d82044,Tempting Contract,C21,Commander 2021,1,regular,,78.0,94ac96b6-5e67-43fb-ba65-fbcccb82bf1c
2411,019ce2ef-94c9-762f-999b-84b7fb0cba34,Tempting Witch,ELD,Throne of Eldraine,4,regular,,108.0,8b217e5a-3c18-48b4-8124-b8c4fd7b2df1
2412,019ce2f0-0bc7-7367-a895-70dd5489aae7,Tender Wildguide,BLB,Bloomburrow,1,regular,,196.0,6b8bfa91-adb0-4596-8c16-d8bb64fdb26d
2413,019ce2ef-2d6d-770b-9ded-29d8d847f12c,Tendrils of Corruption,M10,Magic 2010,4,regular,,114.0,
2414,019ce2ef-36c5-7792-855f-1e86536eff11,Tendrils of Corruption,TSP,Time Spiral,1,regular,,136.0,
2415,019ce2ef-70bf-753b-a742-acd697f3bfcd,Terramorphic Expanse,C15,Commander 2015,1,regular,,314.0,
2416,019ce2ef-8154-721f-8539-87393c4e7cce,Territorial Hammerskull,XLN,Ixalan,1,regular,,41.0,
2417,019ce2f0-0936-7547-9eaf-18fa4d833e26,Territory Culler,MH3,Modern Horizons 3,1,regular,,173.0,9c249aa6-c65c-4572-8e2e-c3899638ecce
2418,019ce2ef-8de8-70e9-86ec-985e4ecc27c7,Tethmos High Priest,UMA,Ultimate Masters,4,regular,,40.0,
2419,019ce2ef-828e-7f1e-bc93-d8aff8794f78,"Tetzimoc, Primal Death",RIX,Rivals of Ixalan,4,regular,,86.0,c6a0b40e-7a43-4722-b787-a5d7ec6453ac
2420,019ce2ef-9066-7b6d-b4ce-accfd948ebf4,"Teyo, the Shieldmage",WAR,War of the Spark,5,regular,,32.0,a974571c-d8d5-4860-9077-2023e5f32a24
2421,019ce2ef-7060-7502-9ae2-cf787803d982,"Teysa, Envoy of Ghosts",C15,Commander 2015,1,regular,,234.0,
2422,019ce2ef-b07d-7823-ab2c-9b9dab27cece,"Teysa, Envoy of Ghosts",C21,Commander 2021,1,regular,,230.0,abb21cf7-c5e6-4be5-8da5-9d29e95e2208
2423,019ce2ef-26bf-7d34-9a0c-20a56a95acb6,"Teysa, Orzhov Scion",GPT,Guildpact,1,regular,,134.0,
2424,019ce2ef-9ad9-75ce-a751-49fe2087ebb9,Thalia's Lieutenant,C20,Commander 2020,1,regular,,103.0,
2425,019ce2ef-7266-77cf-99fe-7a898bac0db9,Thalia's Lieutenant,SOI,Shadows over Innistrad,6,regular,,43.0,
2426,019ce2ef-bd49-7409-96bb-70e29f0aa0f0,"Thalia, Guardian of Thraben",VOW,Innistrad: Crimson Vow,6,regular,,38.0,c9f8b8fb-1cd8-450e-a1fe-892e7a323479
2427,019ce2ef-863d-73cc-8fc6-66c0b31ae45a,Thallid Omnivore,DOM,Dominaria,4,regular,,106.0,
2428,019ce2f0-0b17-71d8-a7d3-c62a5d7bcad1,The Capitoline Triad,ACR,Assassin's Creed,1,regular,,1.0,fa1b63ce-47d3-4633-9062-3fecd810e85f
2429,019ce2ef-e189-7b15-a78c-a1dc49198a5a,The Dross Pits,ONE,Phyrexia: All Will Be One,4,regular,,251.0,19d469f1-2219-4466-9f8a-769ee43e28db
2430,019ce2ef-90c3-76e6-a5a4-b76b207dffbb,The Elderspell,WAR,War of the Spark,1,regular,,89.0,a3b16625-7faf-4de6-abf7-d397988e32fb
2431,019ce2ef-8581-7cfc-b91c-d1d3b4557e4b,The Eldest Reborn,DOM,Dominaria,1,regular,,90.0,
2432,019ce2ef-e0c1-7607-9f0e-6cf788857f4c,The Monumental Facade,ONE,Phyrexia: All Will Be One,1,regular,,255.0,d6785057-0d06-4f91-b45f-c05f7c4e2b19
2433,019ce2ef-e188-7435-99e5-d54be2b5577c,The Mycosynth Gardens,ONE,Phyrexia: All Will Be One,1,regular,,256.0,5a931463-25f6-4e31-95b4-bb4a9388009b
2434,019ce2ef-9adb-7962-8a76-60e7e34c5861,The Ozolith,IKO,Ikoria: Lair of Behemoths,2,regular,,237.0,9341ed06-53db-4604-b60a-3ea9129afbc2
2435,019ce2ef-ee7d-7c71-b5bb-f91f85c83f62,The Princess Takes Flight,WOE,Wilds of Eldraine,3,regular,,23.0,dad7bd06-22e4-40f8-bda9-bcdbb2d8f632
2436,019ce2ef-9066-7347-a29f-814428bcea74,The Wanderer,WAR,War of the Spark,4,regular,,37.0,d0f0e463-9eed-4348-af7c-fde5f0d8188c
2437,019ce2ef-705f-76e1-994b-412ded2e4680,Thief of Blood,C15,Commander 2015,1,regular,,22.0,
2438,019ce2ef-9c8d-7a5f-b372-41662a7ae769,Thieves' Guild Enforcer,M21,Core Set 2021,1,regular,,125.0,df99f770-2c39-4025-a8a2-a5890f61eb53
2439,019ce2ef-9329-7c3f-a5bc-4e4834916e12,Thirsting Bloodlord,M20,Core Set 2020,3,regular,,293.0,
2440,019ce2ef-d8a1-7084-baf8-4e6f3d230b01,Thopter Architect,BRO,The Brothers' War,1,regular,,29.0,61017325-cec0-46ac-aa32-5855e5904888
2441,019ce2ef-a2ae-7923-8078-5eae6d15eeb0,Thorn of the Black Rose,CMR,Commander Legends,4,regular,,154.0,2b7538ad-cc41-4229-8a39-c1db21f2899a
2442,019ce2ef-b5ef-765c-8053-ab513b99cc67,Thornglint Bridge,MH2,Modern Horizons 2,4,regular,,258.0,9d483643-6a11-47f7-a0aa-190e0179525f
2443,019ce2ef-8a46-78b9-ace3-d76f9c37bb67,Thornhide Wolves,M19,Core Set 2019,1,regular,,204.0,
2444,019ce2f0-167b-7c80-99b0-186fed39726d,Thornweald Archer,FDN,Foundations,2,regular,,559.0,189f6199-f2fe-49a5-89ca-3c4cb39fbf2b
2445,019ce2ef-7bb2-7345-a1ac-e58d3c417d87,Those Who Serve,AKH,Amonkhet,4,regular,,32.0,
2446,019ce2ef-92c1-744b-b707-1df1f25f8533,Thought Distortion,M20,Core Set 2020,3,regular,,117.0,
2447,019ce2ef-7060-7019-838a-7ed853bcea9c,Thought Vessel,C15,Commander 2015,1,regular,,55.0,
2448,019ce2ef-9ea7-7b3c-bf74-23d2b519409d,Thoughtseize,2XM,Double Masters,1,regular,,109.0,b281a308-ab6b-47b6-bec7-632c9aaecede
2449,019ce2ef-3934-7a25-a58a-ba9da42c3a9c,Thoughtseize,THS,Theros,3,regular,,107.0,
2450,019ce2f0-07fe-7d49-8870-2ce46c5adaf9,Thraben Charm,MH3,Modern Horizons 3,1,regular,,45.0,dd28a646-f38f-4cdf-948c-969cd979e5e6
2451,019ce2ef-9ad9-73a6-843f-f74a8c7901a9,Thraben Doomsayer,C20,Commander 2020,1,regular,,104.0,
2452,019ce2ef-7561-7fb6-b349-9bd6e0356026,Thraben Foulbloods,EMN,Eldritch Moon,2,regular,,108.0,
2453,019ce2ef-7265-714c-9614-548a576a8f63,Thraben Inspector,SOI,Shadows over Innistrad,4,regular,,44.0,
2454,019ce2f0-167b-7e87-bee9-1ae1894b6a74,Thrashing Brontodon,FDN,Foundations,1,regular,,560.0,592364bf-68b5-4ea0-97d6-c7cadce940fd
2455,019ce2ef-ee7d-719e-8f16-0025ada23c99,Three Bowls of Porridge,WOE,Wilds of Eldraine,3,regular,,253.0,a508e040-d1e5-46aa-8404-1adc18f0f8bd
2456,019ce2f0-0cff-7f37-b8bb-6bc39616a4fa,Three Tree Rootweaver,BLB,Bloomburrow,3,regular,,198.0,d1ab6e14-26e0-4174-b5c6-bc0f5c26b177
2457,019ce2ef-9cfa-78da-b9fe-c7f73c8351ce,Thriving Grove,JMP,Jumpstart,1,regular,,34.0,79cabbe0-1c44-4888-8ebc-25a4c3e2c5d7
2458,019ce2ef-9cfa-7ba1-a6ab-f46541bf8368,Thriving Moor,JMP,Jumpstart,4,regular,,37.0,18756fe5-70f0-48d9-a4f1-ea78f77d2084
2459,019ce2ef-91fc-7338-9528-3447c3a543ae,Throatseeker,MH1,Modern Horizons,2,regular,,110.0,
2460,019ce2ef-7b4b-7ce2-9bcc-80835c08e47d,Throne of the God-Pharaoh,AKH,Amonkhet,1,regular,,237.0,
2461,019ce2ef-8024-785d-9b2c-ff1be9b77be2,Tilonalli's Skinshifter,XLN,Ixalan,3,regular,,170.0,
2462,019ce2ef-9a7a-782b-a0aa-fed9b8a54169,Titan Hunter,C20,Commander 2020,1,regular,,48.0,
2463,019ce2ef-8a46-73e8-ae72-c60e4ee2a9b8,Titanic Growth,M19,Core Set 2019,2,regular,,205.0,
2464,019ce2ef-932a-7ead-8039-f7b18f6631f0,Titanic Growth,M20,Core Set 2020,1,regular,,343.0,
2465,019ce2ef-90c4-76d3-9297-e73dc9a99f11,Tithebearer Giant,WAR,War of the Spark,6,regular,,107.0,3c305ccb-62f5-496a-a205-e818e34ead82
2466,019ce2ef-f814-7bdd-8ff6-dc1eb8002d27,Tithing Blade,LCI,Lost Caverns of Ixalan,4,regular,,128.0,dbaa9a2d-e9fd-4746-a26c-f99ae731f024
2467,019ce2ef-74fd-75ca-b82b-d8acf87ef224,To the Slaughter,PRM-PRE,Prerelease Cards,2,foil,,,
2468,019ce2ef-8024-7264-9695-44092529cc1e,Tocatli Honor Guard,XLN,Ixalan,2,regular,,42.0,
2469,019ce2ef-b07d-7949-9c33-936eb0bed060,Together Forever,C21,Commander 2021,1,regular,,108.0,54886f9a-e5df-4101-a05e-332cffeca968
2470,019ce2ef-8a46-73cf-bf17-d0fc0ff62900,Tolarian Scholar,M19,Core Set 2019,4,regular,,80.0,
2471,019ce2ef-90c3-7fde-b70f-40d1a24a2b03,Toll of the Invasion,WAR,War of the Spark,3,regular,,108.0,4471c2a5-aa2c-47e2-8238-1eb366c8adc9
2472,019ce2ef-8f27-7948-9aa2-578ccbcf1dc7,Tome of the Guildpact,RNA,Ravnica Allegiance,2,regular,,242.0,
2473,019ce2ef-90c3-7cbd-82fd-847ea7246f2f,"Tomik, Distinguished Advokist",WAR,War of the Spark,1,regular,,34.0,f346387c-2f13-472b-b5b1-968b490eb38f
2474,019ce2ef-7ee9-7ded-9c0f-a54359fc45cb,Torment of Venom,HOU,Hour of Devastation,4,regular,,79.0,
2475,019ce2ef-64e8-7356-a9f3-041f859e2c66,Tormod's Crypt,C14,Commander 2014,2,regular,,278.0,
2476,019ce2ef-b5ef-775e-92dd-d1bf76cdc8fc,Tourach's Canticle,MH2,Modern Horizons 2,1,regular,,103.0,4d97fd7d-c29f-4db0-b909-2f6aa9c39d65
2477,019ce2ef-9465-7837-80f5-9a32f858a941,Tournament Grounds,ELD,Throne of Eldraine,2,regular,,248.0,cd438d51-a778-4b38-8b4b-a6a9cd9b4b22
2478,019ce2f0-08c6-7c69-88bd-6e55d34afd9e,Toxic Deluge,MH3,Modern Horizons 3,1,regular,,277.0,5aa02b7d-db31-4924-b75e-eb02f332ca3a
2479,019ce2ef-b07d-72b1-b15f-5d836ba4fcb5,Tragic Arrogance,C21,Commander 2021,1,regular,,109.0,215f75ff-bcbb-45db-8393-9bce650998c2
2480,019ce2ef-b65a-7b55-885b-bcd1bc7ec29c,Tragic Fall,MH2,Modern Horizons 2,2,regular,,104.0,affc1d27-55f6-46e9-a67c-f15b6832813d
2481,019ce2ef-29a8-7c1a-af00-d29e3d3d764d,Tragic Slip,DKA,Dark Ascension,4,regular,,76.0,
2482,019ce2ef-8b14-7cb0-aa38-227939a44ab4,Tranquil Expanse,M19,Core Set 2019,5,regular,,259.0,
2483,019ce2ef-713b-770d-a393-e8a894497547,Tranquil Expanse,OGW,Oath of the Gatewatch,1,regular,,180.0,
2484,019ce2ef-7f4c-725d-a75e-6d34318dd9d9,Traveler's Amulet,HOU,Hour of Devastation,4,regular,,167.0,
2485,019ce2ef-95ab-76df-a15d-d9591da16386,Treacherous Blessing,THB,Theros: Beyond Death,1,regular,,117.0,35b3ad6b-9966-489f-a4c9-2639a634fd62
2486,019ce2ef-8d8f-770f-86aa-bcafb029a045,Treasured Find,GK1,Guilds of Ravnica Guild Kits,1,regular,,72.0,
2487,019ce2ef-7060-72c6-bda4-abf3121387dc,Treasury Thrull,C15,Commander 2015,1,regular,,235.0,
2488,019ce2f0-0ca1-7c8d-a9fe-973852c92129,Treeguard Duo,BLB,Bloomburrow,4,regular,,200.0,89c8456e-c971-42b7-abf3-ff5ae1320abe
2489,019ce2f0-1cc6-70b4-b1e8-0a253dcd4e25,Treeshaker Chimera,PLIST,The List,1,regular,,318.0,332e8353-3ef3-4c17-b544-9d59728e8afc
2490,019ce2f0-0c40-7f96-b33b-50925b2a8fc9,Treetop Sentries,BLB,Bloomburrow,1,regular,,201.0,e16d4d6e-1fe5-4ff6-9877-8c849a24f5e0
2491,019ce2f0-15c5-7e42-a7bb-05d07b3012cc,Treetop Snarespinner,FDN,Foundations,4,regular,,114.0,88e68fa3-159d-49a6-8ac6-afc9bd6f1718
2492,019ce2ef-7bb2-723a-ab69-c04e08b831be,Trespasser's Curse,AKH,Amonkhet,3,regular,,112.0,
2493,019ce2ef-7b4b-74d8-aa49-a00d2e359c8f,Trial of Ambition,AKH,Amonkhet,3,regular,,113.0,
2494,019ce2ef-7b4b-7e23-a6b4-80d6d7695701,Trial of Solidarity,AKH,Amonkhet,2,regular,,34.0,
2495,019ce2ef-8581-7b40-a7f6-ec95347bcdbb,Triumph of Gerrard,DOM,Dominaria,2,regular,,38.0,
2496,019ce2ef-e802-7fbc-8309-a503cd80ec8e,Troll of Khazad-dum,LTR,The Lord of the Rings: Tales of Middle-Earth,4,regular,,111.0,a6539e26-b63b-4725-9407-caaf451de084
2497,019ce2ef-7b4b-7ca5-9a45-4271e3a6b7d3,Trueheart Duelist,AKH,Amonkhet,2,regular,,35.0,
2498,019ce2ef-90c4-717d-b187-5cc3f913a028,Trusted Pegasus,WAR,War of the Spark,2,regular,,36.0,89bbcaf5-80e9-43f2-b470-de6cbed6a95a
2499,019ce2ef-8a47-7e51-86e9-bc6b315faba0,Trusty Packbeast,M19,Core Set 2019,4,regular,,41.0,
2500,019ce2ef-9a7a-785f-99e0-32f492e65723,"Trynn, Champion of Freedom",C20,Commander 2020,1,regular,,1.0,
2501,019ce2ef-9c8d-7d07-9842-5a60dfe4fc8d,Twinblade Assassins,M21,Core Set 2021,2,regular,,226.0,5d387b19-a0a7-45c0-b1e9-71ca55fb4adc
2502,019ce2ef-7266-7d5c-9ae0-beb433b6a934,Twins of Maurer Estate,SOI,Shadows over Innistrad,4,regular,,142.0,
2503,019ce2ef-c1f2-71a0-b987-81ba27eeb6a8,Twisted Embrace,NEO,Kamigawa: Neon Dynasty,3,regular,,125.0,e4c7919a-de62-46df-a937-593647473ef5
2504,019ce2ef-8a47-76bd-ba50-9eac427014b1,Two-Headed Zombie,M19,Core Set 2019,4,regular,,123.0,
2505,019ce2ef-9674-78bb-ac6b-49e001c23cc1,Tymaret Calls the Dead,THB,Theros: Beyond Death,1,regular,,118.0,68c0d087-540a-4249-9265-f13cc8e776ea
2506,019ce2ef-90c4-7b58-9024-0624a99c2fea,"Ugin, the Ineffable",WAR,War of the Spark,2,regular,,2.0,7b003521-3da3-41bf-9765-36630653f902
2507,019ce2ef-350d-726d-a742-b0568c294907,Ultimate Price,RTR,Return to Ravnica,1,regular,,82.0,
2508,019ce2ef-9a7a-7f04-acae-f984a200afa8,Unbreakable Bond,IKO,Ikoria: Lair of Behemoths,3,regular,,101.0,c9da02a1-7b39-4a0e-8466-6512a02f3e3b
2509,019ce2ef-9b38-7f0d-ae52-4cbea8b481be,Unbreakable Bond,IKO,Ikoria: Lair of Behemoths,1,foil,,101.0,c9da02a1-7b39-4a0e-8466-6512a02f3e3b
2510,019ce2ef-7bb1-7890-a219-d0a84878b918,Unburden,AKH,Amonkhet,3,regular,,114.0,
2511,019ce2f0-167b-7214-9417-3d584ecfd62d,Uncharted Haven,FDN,Foundations,11,regular,,564.0,172cd5b7-98fc-4add-b858-a0b3dfb75c19
2512,019ce2ef-808c-759d-a4ce-1e3c585b7484,Unclaimed Territory,XLN,Ixalan,5,regular,,258.0,
2513,019ce2ef-8a46-76fb-99f5-39aead9d8d0a,Uncomfortable Chill,M19,Core Set 2019,2,regular,,82.0,
2514,019ce2ef-7eea-7cb4-be61-ae28b6c4f50f,Unconventional Tactics,HOU,Hour of Devastation,2,regular,,27.0,
2515,019ce2ef-91f9-7bac-ad7a-ce2bebf5fe9a,Undead Augur,MH1,Modern Horizons,2,regular,,112.0,
2516,019ce2ef-92c2-79b0-9e2a-53c4db86a6e5,Undead Servant,M20,Core Set 2020,7,regular,,118.0,
2517,019ce2ef-8cb4-73db-860b-4bcd715ae4b8,Undercity Necrolisk,GRN,Guilds of Ravnica,2,regular,,87.0,
2518,019ce2ef-8f8d-7ca0-901a-1056f2aab5d2,Undercity Scavenger,RNA,Ravnica Allegiance,8,regular,,88.0,
2519,019ce2ef-c1f2-7606-a0b5-0681a1475511,Undercity Scrounger,NEO,Kamigawa: Neon Dynasty,3,regular,,126.0,6319b84b-8a3d-4bc8-af48-8b500f124be1
2520,019ce2ef-8cb4-7d4a-a0e7-9814387474eb,Undercity Uprising,GRN,Guilds of Ravnica,5,regular,,210.0,
2521,019ce2ef-8f8d-7ee4-9c72-d5c43605e189,Undercity's Embrace,RNA,Ravnica Allegiance,1,regular,,89.0,
2522,019ce2f0-1d2e-701f-849e-0e25ea88401a,Undergrowth Leopard,TDM,Tarkir: Dragonstorm,1,regular,,165.0,67ab8f9a-b17c-452f-b4ef-a3f91909e3de
2523,019ce2ef-7060-77e0-afbb-48cf4d20a15b,Underworld Coinsmith,C15,Commander 2015,1,regular,,237.0,
2524,019ce2ef-5e87-71f4-80cd-b7359021bf8a,Underworld Coinsmith,JOU,Journey into Nyx,2,regular,,157.0,
2525,019ce2ef-705f-716f-a36f-f096974f0855,Underworld Connections,C15,Commander 2015,1,regular,,138.0,
2526,019ce2ef-28c8-75ca-80e1-9c7e8b2cc177,Underworld Connections,RTR,Return to Ravnica,1,regular,,83.0,
2527,019ce2ef-95ab-72b9-bace-7b0b99b11d11,Underworld Dreams,THB,Theros: Beyond Death,5,regular,,121.0,03919c86-1c4a-43b0-a2db-54ca6ae1ac57
2528,019ce2ef-b5ef-7db6-b939-43783154b9fd,Underworld Hermit,MH2,Modern Horizons 2,1,regular,,105.0,c4f1a23a-084a-429b-823a-a8e7e5f26e0d
2529,019ce2ef-b1b3-72c2-b25a-51dd03954a15,Underworld Sentinel,THB,Theros: Beyond Death,1,regular,,293.0,d8c7aa89-3777-49ec-a6d0-c568150864e8
2530,019ce2ef-c938-72dc-8c7a-309094f2e36c,Unearth,2X2,Double Masters 2022,2,regular,,96.0,b1f73271-b70f-40ae-be64-f8de7805923a
2531,019ce2ef-91fb-791e-9e99-3bbb2ab3dbfb,Unearth,MH1,Modern Horizons,2,regular,,113.0,
2532,019ce2ef-9b37-7ce6-80db-799095338db8,Unexpected Fangs,IKO,Ikoria: Lair of Behemoths,4,regular,,102.0,aa6494ad-a35e-4b09-8623-7740f3c20b0b
2533,019ce2ef-9ad9-7dc0-86ae-4fd107f83352,Unexpectedly Absent,C20,Commander 2020,1,regular,,106.0,
2534,019ce2f0-14f5-796a-9bdb-00124be850b0,Unflinching Courage,FDN,Foundations,1,foil,,722.0,
2535,019ce2ef-c192-78b2-9004-99270c5f8bf8,Unforgiving One,NEO,Kamigawa: Neon Dynasty,1,regular,,127.0,cfb20c08-a84a-4773-a90c-fb007b94644b
2536,019ce2ef-9329-78bf-93fd-2d143cb1adc5,Unholy Indenture,M20,Core Set 2020,3,regular,,119.0,
2537,019ce2ef-93a0-7e1c-8e08-e87338388094,Unholy Indenture,M20,Core Set 2020,1,foil,,119.0,
2538,019ce2ef-45cb-74f8-a442-4b6e266d0858,Unmake,ARC,Archenemy,2,regular,,98.0,
2539,019ce2ef-7ee9-7fc0-a4d5-918f7f757fe5,Unraveling Mummy,HOU,Hour of Devastation,2,regular,,147.0,
2540,019ce2ef-92c1-7ab9-bfb6-b3937656790c,Unsummon,M20,Core Set 2020,2,regular,,78.0,
2541,019ce2ef-7b4b-7820-9684-3523e16c6c74,Unwavering Initiate,AKH,Amonkhet,2,regular,,36.0,
2542,019ce2ef-a176-7a13-86fe-c78c0c7f3787,Urborg Panther,PLIST,The List,2,regular,,150.0,268263bb-6e94-44ce-b84b-53858d4721a7
2543,019ce2ef-8a46-78f5-a754-b0db13713aea,Ursine Champion,M19,Core Set 2019,1,regular,,304.0,
2544,019ce2ef-8581-7fa5-b5cd-972d3660adca,Urza's Ruinous Blast,DOM,Dominaria,2,regular,,39.0,
2545,019ce2ef-a93b-767e-aae2-34c219ba8d7b,Usher of the Fallen,KHM,Kaldheim,4,regular,,35.0,24e58478-c6a8-4f86-854a-a489c99bd777
2546,019ce2ef-b07d-798a-a7c4-f6dbad51e187,Utter End,C21,Commander 2021,1,regular,,232.0,37e3bfc9-10ba-4ecc-9e0f-e711ccd95a0b
2547,019ce2ef-8ab0-7f31-a93e-0e9a82b8544b,Valiant Knight,M19,Core Set 2019,1,regular,,42.0,
2548,019ce2ef-8bed-7007-a885-d46fae1550de,Valiant Knight,PRM-PRE,Prerelease Cards,1,foil,,42.0,
2549,019ce2ef-9a7a-71f6-b670-3c2dbbe92010,Valiant Rescuer,IKO,Ikoria: Lair of Behemoths,1,regular,,36.0,a2b13ff6-67e9-4760-aef4-a8548ea44344
2550,019ce2ef-bdad-70fe-9d3f-cee8373cad68,Valorous Stance,VOW,Innistrad: Crimson Vow,1,regular,,42.0,0e6b9a3b-8a19-4094-8dbb-08a0a9ca04a0
2551,019ce2ef-82f4-7def-b302-b747fdb87b8c,Vampire Champion,RIX,Rivals of Ixalan,4,regular,,198.0,d47f91ff-c916-4938-8e01-2c684004dd9a
2552,019ce2ef-db04-72e3-bc9c-99572c2a8c45,Vampire Envoy,J22,Jumpstart 2022,1,regular,,483.0,caf33f08-eb13-4bed-b286-aef9e2e84abb
2553,019ce2ef-71a1-79be-a534-7e864e9f8dc3,Vampire Envoy,OGW,Oath of the Gatewatch,2,regular,,92.0,
2554,019ce2ef-bbb2-7ea9-b1c3-7ac56e64e0c4,Vampire Interloper,MID,Innistrad: Midnight Hunt,4,regular,,125.0,c3e2ea59-36f1-4e95-bfe8-7008b085194f
2555,019ce2ef-9cfa-7867-9b55-eda1a969344d,Vampire Neonate,JMP,Jumpstart,1,regular,,285.0,c7649d57-3537-45a2-b57e-98e7d32025c9
2556,019ce2ef-8b14-7800-8141-899c6700c58e,Vampire Neonate,M19,Core Set 2019,4,regular,,124.0,
2557,019ce2ef-72da-78d3-8667-34a6a9bd2134,Vampire Noble,SOI,Shadows over Innistrad,3,regular,,143.0,
2558,019ce2ef-92c2-7105-86e6-a786976c711c,Vampire of the Dire Moon,M20,Core Set 2020,8,regular,,120.0,
2559,019ce2ef-932a-7aa4-9e84-5b232b5af9f3,Vampire Opportunist,M20,Core Set 2020,2,regular,,326.0,
2560,019ce2ef-90c4-7dab-9bf7-3ed946802971,Vampire Opportunist,WAR,War of the Spark,6,regular,,110.0,a8cf21a4-616d-48a5-a104-180c24491761
2561,019ce2ef-83d8-740f-bb55-bfdef37178fe,Vampire Revenant,RIX,Rivals of Ixalan,4,regular,,89.0,2bd3a6c6-33b8-4530-9d80-c488898afd6e
2562,019ce2ef-c3f9-7d42-bb68-ee24986b3cc0,Vampire Scrivener,SNC,Streets of New Capenna,1,regular,,98.0,702315d7-dec9-49e8-a508-feacd47198dc
2563,019ce2ef-bb41-723c-881c-61f5c89d7122,Vampire Socialite,MID,Innistrad: Midnight Hunt,2,regular,,249.0,f07cbf04-2864-4407-800e-4d55c10d3426
2564,019ce2ef-8a46-77bc-b059-a597c377e3f6,Vampire Sovereign,M19,Core Set 2019,6,regular,,125.0,
2565,019ce2ef-b8d0-7653-819e-4ad086f709a6,Vampire Spawn,AFR,Adventures in the Forgotten Realms,4,regular,,123.0,b8975c72-b2ec-4c5f-86a4-4e1e3bb41c15
2566,019ce2ef-be20-7449-a611-e98a3a1ffc65,Vampire's Kiss,VOW,Innistrad: Crimson Vow,1,regular,,136.0,974bf8cc-4259-48cc-8e7f-1580bb010d3f
2567,019ce2ef-8154-70f0-bd2d-a5a1ed61fc98,Vampire's Zeal,XLN,Ixalan,4,regular,,43.0,
2568,019ce2ef-81cc-729f-9d2e-a7bd07bff620,Vance's Blasting Cannons,XLN,Ixalan,2,regular,,173.0,
2569,019ce2f0-15c5-7f02-a971-1d84d7b4bd9e,Vanguard Seraph,FDN,Foundations,1,regular,,28.0,4329c861-fc16-4a96-9c03-25af6ac2adc8
2570,019ce2ef-8024-780e-ba78-c920f1c7f3ee,Vanquisher's Banner,XLN,Ixalan,1,regular,,251.0,
2571,019ce2ef-3281-7f03-a3c4-d07076a91de8,Vault of Whispers,MRD,Mirrodin,4,regular,,286.0,
2572,019ce2ef-8cb4-7c5e-b4e7-0f0f546b136a,Venerated Loxodon,GRN,Guilds of Ravnica,3,regular,,30.0,
2573,019ce2ef-e548-7e5d-8b84-3c21cda3e5d7,Vengeant Earth,MOM,March of the Machine,1,regular,,212.0,16e20076-5d24-4c59-b707-6d20e121032f
2574,019ce2f0-14f5-7ffd-8f85-303486a6335b,Venom Connoisseur,FDN,Foundations,2,regular,,648.0,
2575,019ce2ef-96ef-72bc-8e8e-1f688d0bb649,Venomous Hierophant,THB,Theros: Beyond Death,4,regular,,122.0,9dc2b661-2f42-419d-837f-bbf097c1153c
2576,019ce2ef-b5ee-7d96-9c37-d11ee1bb7409,Verdant Catacombs,MH2,Modern Horizons 2,1,regular,,260.0,94c229ea-90da-4aa0-bfda-b162fb3b5b8b
2577,019ce2ef-9a7a-7797-b3e6-527d8a6b5aa5,Verge Rangers,C20,Commander 2020,1,regular,,29.0,
2578,019ce2ef-b65a-729f-8369-61d03a8510d0,Vermin Gorger,MH2,Modern Horizons 2,2,regular,,107.0,d3166b10-5bc3-4db6-bb5b-81045d98e446
2579,019ce2f0-0bc7-74fa-9f85-ed57b0aca9f6,Veteran Guardmouse,BLB,Bloomburrow,2,regular,,237.0,3db43c46-b616-4ef8-80ed-0fab345ab3d0
2580,019ce2f0-0bc8-77d6-9528-531feb231524,Veteran Guardmouse,BLB,Bloomburrow,1,foil,,237.0,3db43c46-b616-4ef8-80ed-0fab345ab3d0
2581,019ce2ef-8153-7433-b493-8dac28333941,Vicious Conquistador,XLN,Ixalan,3,regular,,128.0,
2582,019ce2ef-8581-775c-9691-d32e4b959fc3,Vicious Offering,DOM,Dominaria,3,regular,,110.0,
2583,019ce2ef-b07d-7908-9b38-817772adff0e,Victory Chimes,C21,Commander 2021,1,regular,,274.0,9cb27fb1-41b1-49b8-bb3b-2c8a011ae7a9
2584,019ce2ef-b1b3-77dd-8666-5e2e32407f18,Victory's Envoy,THB,Theros: Beyond Death,1,regular,,289.0,7e7fa9e2-4c16-4e94-9b0e-09657303132c
2585,019ce2ef-a93a-71cc-8dca-ddd233b74420,Village Rites,KHM,Kaldheim,1,regular,,117.0,0fab9ee8-776a-48e5-b309-bcd381e67bf7
2586,019ce2ef-9c8c-7035-a0fc-4c4b8da24de9,Village Rites,M21,Core Set 2021,7,regular,,126.0,9c0f60a6-b5c8-4704-8b61-94e8fc463e5d
2587,019ce2ef-8f8d-73eb-a4f4-099f3570d799,Vindictive Vampire,RNA,Ravnica Allegiance,2,regular,,90.0,
2588,019ce2f0-0c41-730b-bfcf-0231df995a87,Vinereap Mentor,BLB,Bloomburrow,1,regular,,238.0,29b615ba-45c4-42a1-8525-1535f0b55300
2589,019ce2ef-2e57-7599-9a5a-e27e862769f9,Virulent Swipe,ROE,Rise of the Eldrazi,4,regular,,131.0,
2590,019ce2ef-c1f2-7b20-b020-53654f0315d1,Virus Beetle,NEO,Kamigawa: Neon Dynasty,6,regular,,128.0,488ee202-0d28-4cc0-8a7d-644d9878e952
2591,019ce2ef-c331-7ecf-bedc-397bd325f39e,Virus Beetle,NEO,Kamigawa: Neon Dynasty,1,foil,,128.0,488ee202-0d28-4cc0-8a7d-644d9878e952
2592,019ce2ef-f6d7-7219-b73f-c454f01f5d59,Visage of Dread,LCI,Lost Caverns of Ixalan,1,regular,,129.0,3d4b61c6-3e88-49f5-9e16-aa8a59653327
2593,019ce2ef-a372-7d33-80b1-40cb5caadc56,Viscera Seer,CMR,Commander Legends,4,regular,,158.0,d49203dd-89b6-4e91-b3ff-5f9f5ce981f8
2594,019ce2ef-9c8c-7e7e-9799-2f4f51d455e2,"Vito, Thorn of the Dusk Rose",M21,Core Set 2021,1,regular,,127.0,0fe79ee4-c3f3-4a6b-a967-203ca3b70ee5
2595,019ce2ef-9d7a-7701-984f-d771f0b06196,"Vito, Thorn of the Dusk Rose",M21,Core Set 2021,1,foil,,127.0,0fe79ee4-c3f3-4a6b-a967-203ca3b70ee5
2596,019ce2ef-9407-7b13-bcb1-2fb18a26cba7,Vitu-Ghazi Guildmage,C19,Commander 2019,1,regular,,206.0,275a3199-1297-4281-a95c-374bcdc198ce
2597,019ce2ef-70bf-7191-81f5-a8a86b42a182,Vivid Marsh,C15,Commander 2015,1,regular,,319.0,
2598,019ce2ef-70bf-7bd8-95e4-79e0ccfc6f35,Vivid Meadow,C15,Commander 2015,1,regular,,320.0,
2599,019ce2ef-7bb2-7edb-9788-6c2faa763de0,Vizier of Deferment,AKH,Amonkhet,1,regular,,37.0,
2600,019ce2ef-7bb2-70c9-9595-186e5d516318,Vizier of Remedies,AKH,Amonkhet,2,regular,,38.0,
2601,019ce2f0-14f4-7ce7-bd2b-1b00ce86288a,Vizier of the Menagerie,FDN,Foundations,1,regular,,649.0,
2602,019ce2ef-90c3-7c4a-b908-0b4046aed1e2,Vizier of the Scorpion,WAR,War of the Spark,4,regular,,111.0,2444c7dc-7aa1-4476-8660-19d26607306d
2603,019ce2ef-7ee9-7421-aa7b-ad507290a6ac,Vizier of the True,HOU,Hour of Devastation,3,regular,,28.0,
2604,019ce2ef-8f8d-7e60-8a4b-74ebc0e15b2f,Vizkopa Vampire,RNA,Ravnica Allegiance,4,regular,,220.0,
2605,019ce2ef-9a79-7fe7-9028-e31db9158cf8,Void Beckoner,IKO,Ikoria: Lair of Behemoths,4,regular,,104.0,a1523cda-c47d-4419-a5d3-fd6ed9867c56
2606,019ce2ef-932a-7440-8435-647582702ccd,Volcanic Dragon,M20,Core Set 2020,1,regular,,336.0,
2607,019ce2ef-bd4a-76cb-ac1d-06c83089eff1,Voldaren Bloodcaster,VOW,Innistrad: Crimson Vow,4,regular,,137.0,ca5297a5-bcaa-41fd-a397-e44dc4e00ba3
2608,019ce2ef-be20-70d6-ac91-f80e3ddb997a,Voldaren Epicure,VOW,Innistrad: Crimson Vow,4,regular,,182.0,ae154e64-f626-45fb-bd52-840c1c27b2d3
2609,019ce2ef-bd49-70be-845e-b821c0db063e,Voldaren Estate,VOW,Innistrad: Crimson Vow,3,regular,,267.0,2577e5fd-903a-44ce-989a-d53d56511ad3
2610,019ce2ef-c1f2-79d6-afed-2f6ebe7b6e94,Voltage Surge,NEO,Kamigawa: Neon Dynasty,4,regular,,171.0,5a9b7141-45b9-4629-a4e4-b50f93929717
2611,019ce2ef-8375-7315-8436-7f61b5499390,Vona's Hunger,RIX,Rivals of Ixalan,2,regular,,90.0,aab958d5-9c1f-420f-b358-ec0325f22f84
2612,019ce2ef-808c-7524-8211-3019b9dc714e,"Vona, Butcher of Magan",XLN,Ixalan,1,regular,,231.0,
2613,019ce2ef-6f1a-78d5-9976-8edeb70f395c,Voracious Null,BFZ,Battle for Zendikar,1,regular,,125.0,
2614,019ce2ef-83d8-7345-ab8c-0bdf2e201827,Voracious Vampire,RIX,Rivals of Ixalan,4,regular,,91.0,d66a9f1b-31c8-4557-888b-a927922d37af
2615,019ce2ef-f03d-7c93-b880-9b909b5f9b0e,Voracious Vermin,WOE,Wilds of Eldraine,4,foil,,116.0,8059be65-3c73-49bb-a3b6-c346ce2f9fa4
2616,019ce2ef-9329-76be-9f33-14492d9a4d18,Vorstclaw,M20,Core Set 2020,1,regular,,201.0,
2617,019ce2ef-705f-79cc-a64e-4e13a50b7dff,Vow of Duty,C15,Commander 2015,1,regular,,84.0,
2618,019ce2ef-b07d-70d1-bb7c-06f3e646bebc,Vow of Duty,C21,Commander 2021,1,regular,,110.0,44829e30-b51c-4cd3-8598-3e2c1e06f334
2619,019ce2ef-705f-7419-a57e-87693d98e5a7,Vow of Malice,C15,Commander 2015,1,regular,,140.0,
2620,019ce2ef-82f4-765a-a0c0-0a19e8c5e42c,Vraska's Conquistador,RIX,Rivals of Ixalan,3,regular,,199.0,4d890a17-ffd4-4bda-bef3-2c116f7bf66f
2621,019ce2ef-82f4-7914-b3aa-f14205102eef,Vraska's Scorn,RIX,Rivals of Ixalan,3,regular,,200.0,569ff807-365d-4f25-9fad-86617ed1c8f2
2622,019ce2ef-7560-7cd0-a026-83cf756598c3,Wailing Ghoul,EMN,Eldritch Moon,2,regular,,112.0,
2623,019ce2ef-8024-7297-a01c-59be0b787330,Wakening Sun's Avatar,XLN,Ixalan,1,regular,,44.0,
2624,019ce2ef-8a46-7435-8715-4218d88a92e8,Walking Corpse,M19,Core Set 2019,4,regular,,126.0,
2625,019ce2ef-932a-7192-a872-9c2cda5edb8c,Walking Corpse,M20,Core Set 2020,4,regular,,327.0,
2626,019ce2ef-9cf9-75a0-9cc8-86a6bea29a18,Walking Corpse,M21,Core Set 2021,4,regular,,128.0,053b59b4-a22c-4228-aadc-ae9da6bb465e
2627,019ce2ef-7f4c-73cd-82ec-934fd1b1de3f,Wall of Forgotten Pharaohs,HOU,Hour of Devastation,4,regular,,168.0,
2628,019ce2ef-8a46-76bf-aca7-3d8610f6e345,Wall of Mist,M19,Core Set 2019,2,regular,,83.0,
2629,019ce2ef-8a46-74dc-adcf-918a60cd66cf,Wall of Vines,M19,Core Set 2019,1,regular,,210.0,
2630,019ce2ef-7bb2-752f-b1b3-b5cfa4e0719a,Wander in Death,AKH,Amonkhet,4,regular,,115.0,
2631,019ce2ef-9466-7a70-af8b-a00afe6be21d,Wandermare,ELD,Throne of Eldraine,4,regular,,204.0,9a72fb5b-5c55-4ce9-b9d0-98f924d6f338
2632,019ce2ef-808c-74f9-971a-6ada0702ce60,Wanted Scoundrels,XLN,Ixalan,2,regular,,131.0,
2633,019ce2f0-1554-76b5-8769-3c9b319130c3,Wardens of the Cycle,FDN,Foundations,3,regular,,125.0,83ea9b2c-5723-4eff-88ac-6669975939e3
2634,019ce2f0-0997-7977-964b-1ce8f511ffc3,Warped Tusker,MH3,Modern Horizons 3,1,regular,,16.0,2b5f3a1a-8514-4598-be3d-c3be719f6951
2635,019ce2f0-0ca0-7366-b42d-22be1bdace53,Warren Elder,BLB,Bloomburrow,2,regular,,37.0,4bf20069-5a20-4f95-976b-6af2b69f3ad0
2636,019ce2ef-9260-74f6-9d1d-3b43f816a26e,Warteye Witch,MH1,Modern Horizons,4,regular,,115.0,
2637,019ce2ef-7bb2-785a-b68c-eb7c5bc044df,Wasteland Scorpion,AKH,Amonkhet,3,regular,,116.0,
2638,019ce2f0-0937-7e70-8327-5d47f60a16e3,Wastescape Battlemage,MH3,Modern Horizons 3,1,regular,,17.0,6bc119b8-429c-4ab6-adba-b65b03810e98
2639,019ce2f0-1d2e-7a5e-880c-06928915fd0e,Watcher of the Wayside,TDM,Tarkir: Dragonstorm,1,regular,,249.0,2dcafdac-a293-4adc-a540-3b3f469cf6f3
2640,019ce2ef-ab3f-7bd0-9783-e89f24292ff6,Watcher Sliver,TSR,Time Spiral Remastered,2,regular,,49.0,b5395039-4f1d-4b16-a8b9-b80593dbde76
2641,019ce2ef-8d8f-7eb7-b82c-ce89e439c44f,Watchwolf,GK1,Guilds of Ravnica Guild Kits,2,regular,,122.0,
2642,,waterinot,,,2,,,,
2643,019ce2ef-8a46-7464-90ed-6abf0ecd8122,Waterknot,M19,Core Set 2019,4,regular,,311.0,
2644,019ce2f0-0c40-7719-9f2b-6c86e89e96c8,Wax-Wane Witness,BLB,Bloomburrow,2,regular,,39.0,d90ea719-5320-46c6-a347-161853a14776
2645,019ce2ef-7060-73fd-bade-8a1af24a2bf9,Wayfarer's Bauble,C15,Commander 2015,1,regular,,274.0,
2646,019ce2ef-7bb2-7ad1-913e-d0cb92fca21f,Wayward Servant,AKH,Amonkhet,2,regular,,208.0,
2647,019ce2f0-0bc7-7ecf-b705-f84098876c9b,Wear Down,BLB,Bloomburrow,1,regular,,203.0,fded2b83-3b7d-4c8c-83c4-0624a1069628
2648,019ce2ef-7561-7988-b28b-22ffbacf89ff,Weirded Vampire,EMN,Eldritch Moon,1,regular,,113.0,
2649,019ce2ef-7413-72e6-aee0-8c892a7a39eb,Welkin Guide,EMA,Eternal Masters,1,regular,,36.0,
2650,019ce2ef-ee1c-7e8b-8041-1a6c5a8c1cb1,Werefox Bodyguard,WOE,Wilds of Eldraine,1,regular,,39.0,4494dfa1-1343-417e-b0c5-2b096442dd0e
2651,019ce2ef-8c52-787e-859c-609b64b586f4,Whisper Agent,GRN,Guilds of Ravnica,5,regular,,220.0,
2652,019ce2ef-8cb4-74a9-a90f-5c4ae19da389,Whispering Snitch,GRN,Guilds of Ravnica,1,regular,,90.0,
2653,019ce2f0-14f5-7f19-a6a3-08587af42708,Wildborn Preserver,FDN,Foundations,1,regular,,650.0,
2654,019ce2f0-167b-75a5-9858-37d652929881,Wildheart Invoker,FDN,Foundations,1,regular,,561.0,60f42969-bb5c-4183-8bd3-ba87f008391d
2655,019ce2ef-a5ec-7d2d-b159-12de11c28c30,Wildwood Patrol,M21,Core Set 2021,1,regular,,339.0,cceaf927-261e-4d61-9fac-eb8abbe87593
2656,019ce2f0-14f5-7f33-a101-eb0074c4d193,Wildwood Scourge,FDN,Foundations,3,regular,,236.0,36359fb6-fb8c-4382-8555-e348422f116c
2657,019ce2ef-9a7a-7248-b028-212ce28803d7,Will of the All-Hunter,IKO,Ikoria: Lair of Behemoths,1,regular,,38.0,aa7acbfa-ce3b-424d-886d-6865bc5fc085
2658,019ce2f0-14f5-7806-9fa8-e3001ab0bc7b,Wilt-Leaf Liege,FDN,Foundations,1,regular,,668.0,
2659,019ce2ef-808c-7d8b-ae92-5c120cd0d463,Wily Goblin,XLN,Ixalan,4,regular,,174.0,
2660,019ce2ef-9bb9-72b9-aa77-e71b5d3999e0,Wind-Scarred Crag,IKO,Ikoria: Lair of Behemoths,2,foil,,258.0,86367edc-9587-4f3b-aa95-c3a2bfc8c6f4
2661,019ce2ef-b07d-70fb-8ed1-36a21d7d3d64,Windborn Muse,C21,Commander 2021,1,regular,,111.0,357a838a-80af-42ec-8e33-27beec5ce140
2662,019ce2ef-9adb-751b-9420-5b78e1b00c22,Windbrisk Heights,C20,Commander 2020,3,regular,,321.0,
2663,019ce2f0-0412-7571-8493-7cdfbcf5a52e,Windswept Heath,MH3,Modern Horizons 3,1,regular,,235.0,bd1d13f7-fd38-4f0b-a8e0-1eac78668117
2664,019ce2f0-0997-7fc1-8d66-53f2bc613947,Wing It,MH3,Modern Horizons 3,1,regular,,48.0,e23abf47-22fa-4dca-bd42-fafa1c8b592f
2665,019ce2ef-7bb1-7445-a4cd-9e29257da128,Winged Shepherd,AKH,Amonkhet,4,regular,,39.0,
2666,019ce2ef-92c2-715e-b4a5-4f2509212ba8,Winged Words,M20,Core Set 2020,2,regular,,80.0,
2667,019ce2ef-9cf9-753b-8041-2909f2492915,Witch's Cauldron,M21,Core Set 2021,1,regular,,129.0,d43a3eb7-3daf-4667-b824-1f5d801c9341
2668,019ce2ef-9465-7f86-816d-d03126a10331,Witch's Cottage,ELD,Throne of Eldraine,4,regular,,249.0,b87891cd-b457-4dff-8d18-a7eaf6748fc6
2669,019ce2ef-26be-78f9-84c3-2c092133dc62,Woebringer Demon,RAV,Ravnica: City of Guilds,1,regular,,113.0,
2670,019ce2ef-932a-723d-9f86-534f0a414a4b,Woodland Mystic,M20,Core Set 2020,1,regular,,344.0,
2671,019ce2ef-b658-723f-8d79-9958bd1b4cb9,World-Weary,MH2,Modern Horizons 2,1,regular,showcase,348.0,f16d9113-d279-4a6d-9cf0-f5e104f77852
2672,019ce2ef-b726-76a6-ae56-fcda35551a4d,World-Weary,MH2,Modern Horizons 2,1,foil,showcase,348.0,f16d9113-d279-4a6d-9cf0-f5e104f77852
2673,019ce2ef-b5f0-7f11-a84d-e311a3af7c61,World-Weary,MH2,Modern Horizons 2,1,regular,,109.0,6c7c1b08-3184-478f-92be-88db6cda33c5
2674,019ce2ef-8cb4-7945-8241-eefabbcd5f7e,Worldsoul Colossus,GRN,Guilds of Ravnica,4,regular,,215.0,
2675,019ce2ef-3281-72e8-8575-45f698360fa4,Wrench Mind,MRD,Mirrodin,4,regular,,84.0,
2676,019ce2ef-7eea-7d34-ab60-209b198cbc33,Wretched Camel,HOU,Hour of Devastation,5,regular,,82.0,
2677,019ce2ef-9ada-72f8-8c8e-9d8a85652533,Xathrid Necromancer,C20,Commander 2020,1,regular,,141.0,
2678,019ce2ef-e469-7d99-9444-0ea0ae5bb71b,"Yargle, Glutton of Urborg",MUL,Multiverse Legends,1,regular,,19.0,e07104c8-3af9-44ff-8f24-ce420333e05b
2679,019ce2ef-92c1-79a1-8165-9e6e2d11931c,Yarok's Fenlurker,M20,Core Set 2020,2,regular,,123.0,
2680,019ce2ef-91fb-70c2-97b4-b8c35ef112ad,"Yawgmoth, Thran Physician",MH1,Modern Horizons,1,regular,,116.0,
2681,019ce2ef-d83a-7f75-b083-73358fe31035,Yotian Medic,BRO,The Brothers' War,1,regular,,33.0,f21b9c48-6eca-4677-961b-614f5ec594ce
2682,019ce2ef-c192-7ff6-b3d3-f26ca5a7be0d,You Are Already Dead,NEO,Kamigawa: Neon Dynasty,3,regular,,129.0,768727ce-4f84-4527-8d69-3c9b7877b748
2683,019ce2ef-9a79-703a-8123-064ab0c3506d,Zagoth Mamba,IKO,Ikoria: Lair of Behemoths,4,regular,,106.0,ce945f7e-ded9-4819-9313-d50d3aad40fa
2684,019ce2ef-b07d-7831-b528-2079dfbc75dd,"Zetalpa, Primal Dawn",C21,Commander 2021,1,regular,,112.0,6d471f97-e812-410e-9354-1d1d330010bc
2685,019ce2ef-9465-7d2b-810d-c3f3ba317637,Zombie Infestation,C19,Commander 2019,1,regular,,132.0,be524227-8adc-4b01-808f-5ec4ab9dc09c
2686,019ce2ef-9ada-7a98-9716-694c87f8ddfc,Zulaport Cutthroat,C20,Commander 2020,5,regular,,142.0,
